lower.age.limit,population
0,1005.97137014315
10,766.175869120654
20,312.903885480573
30,296.820040899796
40,236.871165644172
50,152.065439672802
60,225.173824130879
