"P_Contact_Hours","P_ID","P_Post","P_UK","P_WKW_Suspicious","P_Web","P_age","P_country_str","P_date_stamp_str","P_day","P_epoch_number","P_foreign","P_gender","P_household_size","P_latitude","P_longitude","P_new_occupation_code","P_new_occupation_str","P_occupation_str","P_postcode_str","P_total_contacts"
25.5893,1,1,,0,0,51,"United Kingdom","28/05/2009",4,0,0,0,3,51.3281,-0.410454,3,"home","HOUSEWIFE","KT11",106
35.5242,2,1,,0,0,62,"United Kingdom","28/05/2009",4,0,0,1,5,0,-1,8,"public","CHURCH MINISTER","-",20
38.4921,3,1,,0,0,36,"United Kingdom","28/05/2009",4,0,0,1,3,51.1524,-0.985225,17,"unknown","CHEMIST","GU34",7
23.2592,4,1,,0,0,27,"United Kingdom","28/05/2009",4,0,0,0,1,51.4926,-0.137724,6,"office","BUYER","SW12",13
36.3165,5,1,,0,0,35,"United Kingdom","28/05/2009",4,0,0,0,4,50.6347,-2.4372,9,"research","RESEARCH SCIENTIST","DT3",44
28.6559,6,1,,1,0,61,"United Kingdom","28/05/2009",4,0,0,0,1,50.7945,-0.008627,10,"retired","RETIRED","BN10",30
27.3032,7,1,,0,0,41,"United Kingdom","-",4,0,0,0,3,51.4233,-0.1614,12,"service","CHILDMINDER","SW17",16
1.6673,8,1,,0,0,73,"United Kingdom","-",4,0,0,0,1,50.7891,0.021071,10,"retired","RETIRED","BN10",1
4.19115,9,1,,0,0,78,"United Kingdom","-",4,0,0,1,2,51.4705,-0.609361,10,"retired","RETIRED","SL4",2
24.1521,10,1,,0,0,54,"United Kingdom","-",4,0,0,0,3,51.0768,-0.307033,17,"unknown","-","RH12",27
9.97131,11,1,,1,0,72,"United Kingdom","-",4,0,0,0,1,50.9268,-1.44512,10,"retired","RETIRED","SO16",5
12.056,12,1,,0,0,65,"United Kingdom","-",4,0,0,0,2,51.3816,-0.178761,3,"home","HOUSEWIFE","SM5",8
40.9265,13,1,,0,0,33,"United Kingdom","-",4,0,0,0,3,51.5508,-0.346699,2,"health","DENTAL NURSE","UB6",61
34.0212,14,1,,0,0,33,"United Kingdom","-",4,0,0,0,2,51.3124,-0.595476,1,"entertain","ACTRESS","GU21",14
5.99555,15,1,,0,0,61,"United Kingdom","-",4,0,0,1,1,51.564,-0.376758,10,"retired","RETIRED","HA2",3
6.31197,16,1,,0,0,62,"United Kingdom","-",4,0,0,1,1,51.5525,-0.361652,10,"retired","RETIRED","UB5",21
1.15617,17,1,,0,0,86,"United Kingdom","-",4,0,0,0,1,51.1769,-0.165978,10,"retired","RETIRED NURSE","RH6",1
39.515,18,1,,0,0,34,"United Kingdom","-",4,0,0,0,4,50.9076,-1.30172,12,"service","TRAVEL CONSULTANT","SO30",15
34.1967,19,1,,0,0,66,"United Kingdom","-",4,0,0,1,2,50.855,-0.162583,10,"retired","RETIRED","BN1",14
0.410191,20,1,,0,0,30,"United Kingdom","-",4,0,0,0,4,51.4675,-0.172564,3,"home","MOTHER","SW11",4
10.0412,21,1,,0,0,75,"United Kingdom","-",4,0,0,0,1,50.7963,-1.06198,3,"home","HOME MAKER","PO4",34
1.71783,22,1,,1,0,86,"United Kingdom","-",4,0,0,0,1,51.2638,-0.151968,10,"retired","RETIRED","RH1",4
14.61,23,1,,0,0,48,"United Kingdom","-",4,0,0,0,2,51.3882,-0.508254,17,"unknown","GIRL FRIDAY","KT16",13
14.4854,24,1,,1,0,85,"United Kingdom","-",4,0,0,0,1,55.3781,-3.43597,10,"retired","RETIRED","-",13
40.0092,25,1,,0,0,58,"United Kingdom","-",4,0,0,0,1,51.4707,-0.190201,14,"teaching","TEACHER","SW6",101
2.1857,26,1,,0,0,37,"United Kingdom","-",4,0,0,0,5,51.5268,-0.439701,3,"home","HOUSEWIFE","UB10",12
9.15734,27,1,,0,0,37,"United Kingdom","-",4,0,0,0,3,50.9125,-1.39978,12,"service","RETAIL MANAGER","SO14",8
39.4479,28,1,,0,0,24,"United Kingdom","-",4,0,0,0,3,51.1081,-0.216637,15,"transport","CABIN CREW","RH11",677
10.5892,29,1,,0,0,42,"United Kingdom","-",5,0,0,0,2,51.4311,-0.964614,12,"service","COUNSELLOR/PSYCHOTHERAPIST","RG2",2
1.67411,30,1,,0,0,84,"United Kingdom","-",5,0,0,0,1,50.7303,-3.92992,10,"retired","RETIRED","EX20",1
0.290004,31,1,,1,0,84,"United Kingdom","-",5,0,0,1,1,51.5128,-2.59799,10,"retired","RETIRED","BS10",1
7.88039,32,1,,0,0,34,"United Kingdom","-",5,0,0,1,2,51.451,-2.52911,5,"mechanic","ELECTRICIAN","BS5",22
13.4485,33,1,,1,0,53,"United Kingdom","-",5,0,0,0,5,50.0743,-5.62386,8,"public","HOUSING OFFICER","TR19",19
29.3247,34,1,,0,0,41,"United Kingdom","-",5,0,0,0,2,51.8638,-2.24962,12,"service","SHOP ASSISTANT","GL1",38
38.7661,35,1,,0,0,58,"United Kingdom","-",5,0,0,0,2,50.7959,-3.17873,10,"retired","RETIRED","EX14",20
23.0631,36,1,,0,0,58,"United Kingdom","-",5,0,0,0,1,50.3363,-4.64014,3,"home","DISABLED ADMIN WORKER RETIRED","PL23",11
22.0276,37,1,,0,0,60,"United Kingdom","-",5,0,0,1,2,51.6425,-3.05986,10,"retired","MEDICALLY RETIRED#","NP44",20
16.7674,38,1,,1,0,56,"United Kingdom","-",5,0,0,0,3,51.6322,-4.12625,14,"teaching","TEACHER","SA4",5
2.97649,39,1,,0,0,77,"United Kingdom","-",5,0,0,1,2,51.6203,-3.96646,10,"retired","RETIRED","SA2",9
17.6741,40,1,,0,0,26,"United Kingdom","-",5,0,0,0,2,51.5048,-3.2024,6,"office","MANAGER","CF14",5
19.118,41,1,,0,0,95,"United Kingdom","-",5,0,0,0,1,50.7308,-3.60595,1,"entertain","ARTIST","EX4",48
16.1771,42,1,,0,0,74,"United Kingdom","-",5,0,0,1,2,51.3755,-2.85509,10,"retired","RETIRED","BS24",9
2.41945,43,1,,1,0,82,"United Kingdom","-",5,0,0,1,3,51.0923,-2.2644,10,"retired","RETIRED","BA12",11
37.4792,44,1,,0,0,17,"United Kingdom","-",5,0,0,0,4,50.381,-4.02879,13,"student","STUDENT","PL7",78
3.50702,45,1,,1,0,48,"United Kingdom","-",5,0,0,1,1,52.1368,-2.78652,16,"unemployed","UNEMPLOYED","HR4",9
7.21887,46,1,,0,0,84,"United Kingdom","-",5,0,0,1,1,50.2749,-5.00259,10,"retired","RETIRED FARMER","TR2",5
0.226051,47,1,,1,0,60,"United Kingdom","-",5,0,0,-1,1,51.3989,-0.842469,14,"teaching","ENGLISH TEACHER","RG",3
39.8778,48,1,,0,0,50,"United Kingdom","29/05/2009",0,0,0,0,3,53.249,-2.63924,14,"teaching","TEACHER","WA6",103
8.20273,49,1,,0,0,48,"United Kingdom","29/05/2009",0,0,0,1,1,52.9492,-1.14392,9,"research","LECTURER","NG1",4
7.40085,50,1,,0,0,56,"United Kingdom","29/05/2009",0,0,0,0,2,53.2814,-2.07473,10,"retired","RETIRED","SK10",5
4.36805,51,1,,0,0,57,"United Kingdom","29/05/2009",0,0,0,0,2,53.4435,-2.38464,3,"home","HOMEMAKER","M41",9
3.51144,52,1,,0,0,61,"United Kingdom","29/05/2009",0,0,0,0,2,55.0112,-1.45795,10,"retired","RETIRED","NE29",6
39.9764,53,1,,1,0,66,"United Kingdom","29/05/2009",0,0,0,0,2,53.3304,-4.37636,6,"office","PERSONAL ASSISTANT","LL71",49
0.236666,54,1,,0,0,65,"United Kingdom","29/05/2009",0,0,0,1,1,53.3439,-3.00497,10,"retired","RETIRED","CH63",7
15.813,55,1,,0,0,62,"United Kingdom","29/05/2009",0,0,0,1,3,53.1639,-3.13998,2,"health","CARE WORKER","CH7",11
21.0174,56,1,,0,0,81,"United Kingdom","29/05/2009",0,0,0,1,2,53.4161,-2.17248,10,"retired","RETIRED","SK4",82
13.5924,57,1,,0,0,34,"United Kingdom","29/05/2009",0,0,0,0,4,54.4414,-1.71921,2,"health","MENTAL HEALTH NURSE","DL10",17
18.0333,58,1,,0,0,50,"United Kingdom","29/05/2009",0,0,0,0,4,52.9736,-1.07352,2,"health","NURSE","NG4",16
43.7507,59,1,,0,0,24,"United Kingdom","29/05/2009",0,0,0,0,3,53.4098,-2.97848,13,"student","STUDENT","L19",111
15.3884,60,1,,0,0,20,"United Kingdom","29/05/2009",0,0,0,0,3,53.4098,-2.97848,13,"student","STUDENT","L15",10
16.564,61,1,,0,0,68,"United Kingdom","29/05/2009",0,0,0,1,1,53.4317,-2.91405,10,"retired","RETIRED","L12",15
37.8998,62,1,,0,0,61,"United Kingdom","29/05/2009",0,0,0,1,6,53.355,-2.90112,10,"retired","RETIRED CIVIL SERVANT","L19",17
7.22753,63,1,,0,0,42,"United Kingdom","29/05/2009",0,0,0,1,4,54.4436,-1.14953,2,"health","OCCUPATIONAL PHYSICIAN","TS9",27
10.6997,64,1,,0,0,71,"United Kingdom","29/05/2009",0,0,0,1,2,53.4187,-2.10541,10,"retired","RETIRED","SK6",7
40.7991,65,1,,0,0,16,"United Kingdom","29/05/2009",0,0,0,0,2,53.3707,-2.76621,11,"schoolchild","STUDENT","WA8",13
13.516,66,1,,0,0,62,"United Kingdom","29/05/2009",0,0,0,0,2,53.3892,-2.76581,10,"retired","RETIRED","WA8",5
18.0031,67,1,,0,0,61,"United Kingdom","29/05/2009",0,0,0,1,6,53.3424,-2.1141,17,"unknown","GOLF GREEN KEEPER","SK12",17
34.8486,68,1,,0,0,34,"United Kingdom","29/05/2009",0,0,0,0,3,53.745,-0.41378,12,"service","SHOP PROPRIETOR","HU4",83
38.6148,69,1,,0,0,29,"United Kingdom","29/05/2009",0,0,0,0,2,53.4553,-2.1169,14,"teaching","TEACHER","M34",575
1.86482,70,1,,0,0,68,"United Kingdom","29/05/2009",0,0,0,1,2,52.9586,-1.24328,10,"retired","RETIRED","NG8",6
37.512,71,1,,0,0,36,"United Kingdom","29/05/2009",0,0,0,0,3,53.4884,-2.06359,14,"teaching","TEACHER","SK15",239
27.8877,72,1,,0,0,52,"United Kingdom","29/05/2009",0,0,0,0,2,54.9883,-1.54274,2,"health","CARE ASSISTANT","NE6",109
35.8461,73,1,,1,0,48,"United Kingdom","29/05/2009",0,0,0,0,4,54.9234,-1.75818,3,"home","DISABLED","NE39",112
42.5276,74,1,,0,0,43,"United Kingdom","29/05/2009",0,0,0,1,1,54.6822,-1.64267,6,"office","ADMINISTRATOR","DL14",37
13.0049,75,1,,0,0,34,"United Kingdom","29/05/2009",0,0,0,1,2,55.0485,-1.44947,8,"public","POLICE OFFICER","NE26",5
3.59058,76,1,,0,0,69,"United Kingdom","29/05/2009",0,0,0,0,2,54.998,-1.71997,10,"retired","RETIRED","NE5",4
43.8099,77,1,,0,0,31,"United Kingdom","29/05/2009",0,0,0,0,4,54.8955,-1.54158,3,"home","HOUSEWIFE AND MUM","NE38",23
20.1672,78,1,,0,0,57,"United Kingdom","29/05/2009",0,0,0,0,2,54.9775,-1.66865,12,"service","CLEANER","NE15",18
17.0122,79,1,,0,0,62,"United Kingdom","29/05/2009",0,0,0,1,2,54.4433,-1.14938,10,"retired","RETIRED DOCTOR","TS9",13
23.5756,80,1,,0,0,42,"United Kingdom","29/05/2009",0,0,0,0,4,54.7465,-2.0034,6,"office","CIVIL SERVANT","DL13",12
15.3666,81,1,,0,0,62,"United Kingdom","29/05/2009",0,0,0,1,2,55.0428,-1.45078,10,"retired","RETIRED","NE26",7
23.2094,82,1,,0,0,33,"United Kingdom","29/05/2009",0,0,0,1,2,53.3782,-2.24814,17,"unknown","SAFETY MANAGER","M22",22
37.8796,83,1,,0,0,76,"United Kingdom","29/05/2009",0,0,0,0,1,53.3644,-2.07351,10,"retired","RETIRED","SK6",24
11.9868,84,1,,0,0,61,"United Kingdom","29/05/2009",0,0,0,1,2,53.5077,-2.20043,10,"retired","RETIRED","M98",29
6.74559,85,1,,0,0,74,"United Kingdom","29/05/2009",0,0,0,1,2,55.3781,-3.43597,10,"retired","RETIRED","-",5
14.427,86,1,,0,0,61,"United Kingdom","29/05/2009",0,0,0,1,2,53.4802,-2.34883,16,"unemployed","UNEMPLOYED","M30",6
39.0415,87,1,,0,0,45,"United Kingdom","29/05/2009",0,0,0,0,3,55.0428,-1.45107,12,"service","SHOP OWNER","NE26",35
13.9211,88,1,,0,0,59,"United Kingdom","29/05/2009",0,0,0,1,2,54.6594,-1.21083,6,"office","CLERK","TS25",12
38.1214,89,1,,0,0,44,"United Kingdom","29/05/2009",0,0,0,0,2,53.2519,-1.93325,2,"health","NHS MANAGER","SK17",28
38.5488,90,1,,0,0,77,"United Kingdom","29/05/2009",0,0,0,0,2,51.416,0.458271,3,"home","HOUSEWIFE","ME30",20
27.5127,91,1,,0,0,69,"United Kingdom","29/05/2009",0,0,0,0,2,54.956,-1.61722,10,"retired","RETIRED","NE8",7
4.10871,92,1,,0,0,61,"United Kingdom","29/05/2009",0,0,0,1,1,54.9942,-1.53747,10,"retired","RETIRED-DOING VOLUNTARY WORK","NE28",19
26.0845,93,1,,0,0,26,"United Kingdom","29/05/2009",0,0,0,0,1,54.9495,-1.6095,2,"health","DOCTOR","NE8",33
12.8315,94,1,,0,0,48,"United Kingdom","29/05/2009",0,0,0,1,2,54.5911,-1.33739,17,"unknown","LGV DRIVER","TS19",19
1.13616,95,1,,0,0,81,"United Kingdom","29/05/2009",0,0,0,0,1,53.403,-2.59041,10,"retired","RETIRED LIBRARIAN","WA2",9
12.6461,96,1,,0,0,58,"United Kingdom","29/05/2009",0,0,0,1,2,54.875,-1.68036,10,"retired","RETIRED TEACHER","DH9",16
10.1993,97,1,,0,0,49,"United Kingdom","29/05/2009",0,0,0,0,3,54.4656,-1.20081,2,"health","NURSE","TS9",12
40.722,98,1,,0,0,81,"United Kingdom","29/05/2009",0,0,0,0,1,53.4224,-2.32037,10,"retired","RETIRED","M33",76
32.9,99,1,,0,0,70,"United Kingdom","29/05/2009",0,0,0,1,2,53.5605,-2.19795,10,"retired","RETIRED ENGINEER","M24",9
31.886,100,1,,1,0,52,"United Kingdom","29/05/2009",0,0,0,0,1,53.4165,-2.10838,17,"unknown","INSTRUCTOR","SK6",60
4.25547,101,1,,0,0,55,"United Kingdom","29/05/2009",0,0,0,1,2,53.1696,-3.1527,6,"office","MANAGER","CH7",18
12.4072,102,1,,0,0,47,"United Kingdom","29/05/2009",0,0,0,0,4,53.3895,-2.22049,9,"research","RESEARCH TECHNICIAN","SK8",9
10.1609,103,1,,0,0,54,"United Kingdom","29/05/2009",0,0,0,0,1,53.3964,-2.17293,6,"office","TECHNICAL MANAGER","SK3",37
14.1961,104,1,,0,0,21,"United Kingdom","29/05/2009",0,0,0,1,6,53.4334,-2.23177,13,"student","STUDENT","M20",13
29.5534,105,1,,0,0,41,"United Kingdom","29/05/2009",0,0,0,0,3,53.3926,-2.14557,12,"service","FLORIST","SK2",10
20.9881,106,1,,0,0,32,"United Kingdom","29/05/2009",0,0,0,0,4,52.9627,-1.08552,2,"health","DOCTOR","NG4",23
7.22977,107,1,,0,0,55,"United Kingdom","29/05/2009",0,0,0,0,2,54.5501,-1.25615,17,"unknown","CO-ORDINATOR","TS5",7
21.4818,108,1,,1,0,71,"United Kingdom","29/05/2009",0,0,0,0,2,53.4796,-2.24882,10,"retired","RETIRED","M33",111
2.35858,109,1,,0,0,56,"United Kingdom","29/05/2009",0,0,0,0,2,54.5705,-1.21745,3,"home","HOUSEWIFE","TS3",21
32.5037,110,1,,1,0,43,"United Kingdom","29/05/2009",0,0,0,0,5,53.2558,-2.10209,6,"office","CALL CENTRE CONSULTANT","SK11",35
11.9333,111,1,,0,0,68,"United Kingdom","29/05/2009",0,0,0,0,2,53.417,-2.10743,10,"retired","RETIRED","SK6",7
30.1569,112,1,,0,0,27,"United Kingdom","29/05/2009",0,0,0,0,3,53.4435,-2.31321,14,"teaching","TEACHER","M32",33
4.67936,113,1,,0,0,62,"United Kingdom","29/05/2009",0,0,0,0,2,53.4558,-2.98646,3,"home","HOUSEWIFE","L20",4
0.354654,114,1,,1,0,65,"United Kingdom","29/05/2009",0,0,0,0,2,53.7798,-0.43724,10,"retired","RETIRED","HU16",2
24.7659,115,1,,0,0,44,"United Kingdom","29/05/2009",0,0,0,0,4,53.8428,-0.432449,9,"research","LECTURER","HU17",29
35.9963,116,1,,0,0,22,"United Kingdom","29/05/2009",0,0,0,0,4,53.7454,-0.388823,6,"office","ADMINISTRATOR","HU3",30
28.9718,117,1,,0,0,59,"United Kingdom","29/05/2009",0,0,0,1,1,53.3237,-2.69015,17,"unknown","-","WA7",5
39.9149,118,1,,0,0,45,"United Kingdom","29/05/2009",0,0,0,0,4,53.2894,-3.2148,14,"teaching","TEACHER","CH8",204
22.8606,119,1,,0,0,49,"United Kingdom","29/05/2009",0,0,0,0,2,53.3967,-3.1494,14,"teaching","TEACHER","CH47",15
37.7243,120,1,,1,0,65,"United Kingdom","29/05/2009",0,0,0,1,2,54.925,-1.38145,10,"retired","RETIRED","SR6",19
23.3924,121,1,,0,0,50,"United Kingdom","29/05/2009",0,0,0,0,2,54.5434,-1.56933,14,"teaching","TEACHER","DL3",57
16.792,122,1,,1,0,25,"United Kingdom","29/05/2009",0,0,0,0,3,55.1841,-1.55914,3,"home","MOTHER ON BENEFITS","NE63",32
4.35408,123,1,,0,0,63,"United Kingdom","29/05/2009",0,0,0,0,1,53.4335,-2.16999,10,"retired","RETIRED","SK45",5
6.20374,124,1,,1,0,61,"United Kingdom","29/05/2009",0,0,0,1,1,53.8675,-0.45363,10,"retired","RETIRED","HU17",4
6.45815,125,1,,0,0,84,"United Kingdom","29/05/2009",0,0,0,1,2,53.3011,-2.17839,10,"retired","RETIRED","SK10",1
10.2133,126,1,,0,0,40,"United Kingdom","29/05/2009",0,0,0,1,2,55.1464,-1.60031,4,"labour","PRINT FINISHER","NE62",45
12.1653,127,1,,0,0,72,"United Kingdom","29/05/2009",0,0,0,0,1,54.4657,-1.19825,8,"public","READER IN CHURCH OF ENGLAND","TS9",56
18.085,128,1,,0,0,42,"United Kingdom","29/05/2009",0,0,0,0,2,53.464,-2.07968,13,"student","STUDENT","SK14",17
3.72038,129,1,,1,0,65,"United Kingdom","29/05/2009",0,0,0,0,2,54.6821,-1.22628,10,"retired","RETIRED","TS26",1
21.2196,130,1,,0,0,64,"United Kingdom","29/05/2009",0,0,0,0,2,54.1644,-4.48569,14,"teaching","EXAM INVIGILATOR","IM2",272
21.8868,131,1,,0,0,34,"United Kingdom","29/05/2009",0,0,0,1,4,53.4098,-2.97848,6,"office","IT PROJECT MANAGER","L15",22
11.3974,132,1,,0,0,68,"United Kingdom","29/05/2009",0,0,0,0,2,54.9981,-1.72038,3,"home","FULL TIME CARER","NE5",7
32.6624,133,1,,0,0,29,"United Kingdom","29/05/2009",0,0,0,0,2,53.4435,-2.95722,14,"teaching","TEACHER","L4",74
30.2354,134,1,,0,0,86,"United Kingdom","29/05/2009",0,0,0,1,2,53.4972,-3.02156,17,"unknown","-","L23",10
33.0068,135,1,,0,0,60,"United Kingdom","29/05/2009",0,0,0,0,2,53.4516,-2.69447,10,"retired","RETIRED","WA9",27
6.62799,136,1,,0,0,62,"United Kingdom","29/05/2009",0,0,0,1,2,53.145,-2.343,10,"retired","RETIRED","CW11",5
38.4572,137,1,,0,0,44,"United Kingdom","29/05/2009",0,0,0,1,1,53.39,-2.95029,9,"research","RESEARCHER","L8",40
7.70972,138,1,,0,0,85,"United Kingdom","29/05/2009",1,0,0,1,2,53.0629,-0.722289,10,"retired","RETIRED","NG24",7
18.8393,139,1,,0,0,60,"United Kingdom","29/05/2009",1,0,0,0,2,54.0279,-2.15214,10,"retired","RETIRED","BD23",18
11.4762,140,1,,0,0,72,"United Kingdom","29/05/2009",1,0,0,0,2,53.5911,-1.74946,10,"retired","RETIRED","HD4",42
27.9502,141,1,,0,0,41,"United Kingdom","29/05/2009",1,0,0,0,1,53.8105,-1.83039,16,"unemployed","UNEMPLOYED","BD15",16
39.0143,142,1,,0,0,32,"United Kingdom","29/05/2009",1,0,0,0,2,53.5167,-1.12187,14,"teaching","TEACHER","DN4",141
10.9042,143,1,,0,0,62,"United Kingdom","29/05/2009",1,0,0,0,1,53.5441,-1.14944,10,"retired","RETIRED","DN5",31
7.22322,144,1,,0,0,71,"United Kingdom","29/05/2009",1,0,0,1,1,53.5418,-0.098535,10,"retired","RETIRED","DN33",1
0.199885,145,1,,0,0,80,"United Kingdom","29/05/2009",1,0,0,1,2,53.7487,-0.851898,10,"retired","RETIRED","DN14",4
2.07456,146,1,,0,0,19,"United Kingdom","29/05/2009",1,0,0,0,2,53.5244,-1.13057,12,"service","SALES ASSISTANT","DN1",7
16.775,147,1,,1,0,64,"United Kingdom","29/05/2009",1,0,0,0,2,55.3781,-3.43597,3,"home","HOUSEWIFE","-",71
10.7773,148,1,,0,0,47,"United Kingdom","29/05/2009",1,0,0,0,2,53.8541,-1.5236,12,"service","SALES OFFICE MANAGER","LS17",7
18.3269,149,1,,0,0,36,"United Kingdom","29/05/2009",1,0,0,0,4,53.2381,-1.46383,9,"research","LECTURER","S40",6
1.43714,150,1,,1,0,71,"United Kingdom","29/05/2009",1,0,0,1,2,53.3941,-1.45578,10,"retired","RETIRED DISABLED","S4",1
9.28566,151,1,,0,0,68,"United Kingdom","29/05/2009",1,0,0,1,2,53.0629,-0.722289,10,"retired","RETIRED","NG24",8
20.5523,152,1,,0,0,67,"United Kingdom","29/05/2009",1,0,0,1,2,52.8779,-1.08546,9,"research","PART TIME LECTURER","NG12",25
7.94848,153,1,,0,0,63,"United Kingdom","29/05/2009",1,0,0,0,2,53.1527,-1.22036,10,"retired","RETIRED","NG19",8
2.81868,154,1,,1,0,70,"United Kingdom","29/05/2009",1,0,0,0,2,55.3781,-3.43597,10,"retired","RETIRED","-",1
39.1474,155,1,,0,0,56,"United Kingdom","29/05/2009",1,0,0,0,2,53.5244,-1.13057,14,"teaching","TEACHER","DN1",125
42.3315,156,1,,0,0,57,"United Kingdom","29/05/2009",1,0,0,0,2,53.311,-0.665283,14,"teaching","TEACHING ASSISTANT","LN1",165
0.403608,157,1,,0,0,60,"United Kingdom","29/05/2009",1,0,0,1,2,53.2087,-0.114714,10,"retired","RETIRED","LN9",8
30.3703,158,1,,0,0,64,"United Kingdom","29/05/2009",1,0,0,0,2,53.2083,-0.609377,3,"home","HOUSEWIFE","LN6",80
22.9417,159,1,,0,0,37,"United Kingdom","29/05/2009",1,0,0,0,4,55.3781,-3.43597,6,"office","ACCOUNTANT","-",15
1.40524,160,1,,0,0,85,"United Kingdom","29/05/2009",1,0,0,0,1,53.2615,0.180093,10,"retired","RETIRED HOUSEWIFE","LN13",10
4.86807,161,1,,1,0,33,"United Kingdom","29/05/2009",1,0,0,1,1,53.3095,-0.664961,9,"research","UNIVERSITY LECTURER","LN1",15
20.7298,162,1,,0,0,40,"United Kingdom","29/05/2009",1,0,0,0,4,53.1657,-0.425443,2,"health","MIDWIFE","LN4",24
16.0079,163,1,,1,0,38,"United Kingdom","29/05/2009",1,0,0,0,1,52.9765,-1.1578,6,"office","MANAGER","NG5",15
30.4519,164,1,,0,0,59,"United Kingdom","29/05/2009",1,0,0,0,2,53.0888,-1.15681,12,"service","CASHIER","NG15",43
23.6228,165,1,,0,0,59,"United Kingdom","29/05/2009",1,0,0,-1,2,52.2938,-1.54351,12,"service","PLANT NURSERY GROWING HERBS","CV32",11
23.7712,166,1,,0,0,37,"United Kingdom","29/05/2009",1,0,0,0,3,52.5921,-1.59276,12,"service","CHILDREN'S WORKER","CV9",25
44.489,167,1,,0,0,36,"United Kingdom","29/05/2009",1,0,0,0,4,52.2858,-1.57983,2,"health","NURSE","CV34",415
6.72762,168,1,,0,0,79,"United Kingdom","29/05/2009",1,0,0,1,2,53.0256,-1.45606,10,"retired","RETIRED","DE56",9
22.5667,169,1,,0,0,28,"United Kingdom","29/05/2009",1,0,0,0,2,53.7417,-1.54778,2,"health","DOCTOR","LS10",35
30.5131,170,1,,0,0,36,"United Kingdom","29/05/2009",1,0,0,0,2,53.3067,-1.10893,12,"service","BANK WORKER","S80",18
16.7897,171,1,,0,0,66,"United Kingdom","29/05/2009",1,0,0,0,2,52.9065,-1.26181,10,"retired","RETIRED","NG",4
0.145038,172,1,,0,0,76,"United Kingdom","29/05/2009",1,0,0,1,1,54.0052,-1.46925,10,"retired","RETIRED","HG5",1
21.5362,173,1,,0,0,39,"United Kingdom","29/05/2009",1,0,0,0,3,53.6854,-1.67852,6,"office","CIVIL SERVANT","WF14",18
40.0147,174,1,,0,0,56,"United Kingdom","29/05/2009",1,0,0,0,2,52.1278,-0.984046,14,"teaching","TEACHING","NN12",20
7.92397,175,1,,0,0,74,"United Kingdom","29/05/2009",1,0,0,1,1,52.4251,-0.788622,10,"retired","RETIRED","NN14",1
4.05894,176,1,,0,0,36,"United Kingdom","29/05/2009",1,0,0,0,2,52.2658,-0.910036,6,"office","ADMINISTRATOR","NN2",13
12.3792,177,1,,0,0,44,"United Kingdom","29/05/2009",1,0,0,0,1,53.3179,-0.944874,6,"office","OFFICE SUPERVISOR","DN22",17
12.5778,178,1,,1,0,26,"United Kingdom","29/05/2009",1,0,0,0,2,55.3781,-3.43597,12,"service","CHIROPRACTOR","-",5
29.2342,179,1,,0,0,79,"United Kingdom","29/05/2009",1,0,0,-1,1,53.5093,-1.14218,10,"retired","RETIRED","DN4",10
14.0025,180,1,,0,0,59,"United Kingdom","29/05/2009",1,0,0,1,1,53.2133,-1.67512,6,"office","ARCHITECT","DE45",62
17.5118,181,1,,0,0,62,"United Kingdom","29/05/2009",1,0,0,1,2,52.8172,-1.65553,5,"mechanic","ENGINEER","DE13",11
19.2163,182,1,,0,0,55,"United Kingdom","29/05/2009",1,0,0,1,2,53.6344,-1.71528,8,"public","POLICE COMMUNITY SUPPORT OFFICER","HD8",87
39.9112,183,1,,0,0,32,"United Kingdom","29/05/2009",1,0,0,0,3,53.782,-1.76604,6,"office","ACCOUNTANT","BD5",15
17.5415,184,1,,0,0,70,"United Kingdom","29/05/2009",1,0,0,0,1,53.8378,-1.79279,10,"retired","RETIRED","BD18",10
21.5134,185,1,,0,0,63,"United Kingdom","29/05/2009",1,0,0,0,2,53.7127,-1.78292,10,"retired","RETIRED","HD6",51
1.27863,186,1,,0,0,76,"United Kingdom","29/05/2009",1,0,0,1,1,53.7192,-1.65267,10,"retired","RETIRED","WF17",1
37.3244,187,1,,0,0,37,"United Kingdom","29/05/2009",1,0,0,0,1,53.8165,-1.74165,6,"office","MANAGER","BD2",32
8.72193,188,1,,0,0,25,"United Kingdom","29/05/2009",1,0,0,0,2,53.6693,-1.5142,2,"health","NHS CLERICAL OFFICER","WF2",23
1.97834,189,1,,0,0,39,"United Kingdom","29/05/2009",1,0,0,0,2,53.6902,-1.49947,6,"office","ADMINISTRATOR","WF1",5
0.153009,190,1,,0,0,86,"United Kingdom","29/05/2009",1,0,0,1,2,53.6016,-1.28482,10,"retired","PENSIONER","WF9",1
0.783539,191,1,,0,0,53,"United Kingdom","29/05/2009",1,0,0,0,2,53.7191,-1.3203,3,"home","HOUSEWIFE","WF10",4
2.01417,192,1,,1,0,77,"United Kingdom","29/05/2009",1,0,0,1,2,53.4006,-0.261656,10,"retired","RETIRED","LN8",1
14.5799,193,1,,0,0,20,"United Kingdom","29/05/2009",1,0,0,0,30,53.858,-1.59296,13,"student","STUDENT","LS16",7
5.79989,194,1,,0,0,67,"United Kingdom","29/05/2009",1,0,0,1,2,54.1224,-1.53497,10,"retired","RETIRED TEACHER","HG42",5
0.619445,195,1,,0,0,62,"United Kingdom","29/05/2009",1,0,0,0,2,52.8658,-1.2082,10,"retired","RETIRED","NG11",9
43.6627,196,1,,0,0,79,"United Kingdom","29/05/2009",1,0,0,0,2,52.2137,-0.901541,17,"unknown","-","NN46",88
23.0705,197,1,,0,0,48,"United Kingdom","29/05/2009",1,0,0,0,2,53.0372,-1.08437,2,"health","DENTAL PRACTICE MANAGER","NG14",82
6.34571,198,1,,0,0,61,"United Kingdom","29/05/2009",1,0,0,1,2,53.1758,-1.1946,10,"retired","RETIRED","NG19",5
19.257,199,1,,0,0,59,"United Kingdom","29/05/2009",1,0,0,0,4,53.1293,-1.30308,3,"home","HOUSEWIFE","NG17",7
13.5465,200,1,,1,0,82,"United Kingdom","29/05/2009",1,0,0,0,1,53.7999,-1.44935,10,"retired","RETIRED HEAD TEACHER","LS15",19
17.0843,201,1,,0,0,74,"United Kingdom","29/05/2009",1,0,0,1,1,53.9599,-2.01748,10,"retired","RETIRED","BD23",12
0.874596,202,1,,0,0,64,"United Kingdom","29/05/2009",1,0,0,0,2,53.7123,-1.7846,3,"home","HOUSEWIFE","HD6",8
30.94,203,1,,1,0,59,"United Kingdom","29/05/2009",1,0,0,0,2,52.627,-1.14105,9,"research","LECTURER","LE2",43
7.22886,204,1,,0,0,63,"United Kingdom","29/05/2009",1,0,0,0,2,52.2843,-1.39268,10,"retired","RETIRED","CV47",5
8.74001,205,1,,0,0,56,"United Kingdom","29/05/2009",1,0,0,0,1,52.0623,-1.62713,3,"home","HOUSEWIFE","CV36",4
29.6074,206,1,,0,0,88,"United Kingdom","29/05/2009",1,0,0,1,2,53.4008,-0.261819,10,"retired","RETIRED","LN8",17
4.87148,207,1,,1,0,59,"United Kingdom","29/05/2009",1,0,0,0,2,53.7043,-1.50455,3,"home","HOUSEWIFE","WF1",2
38.8365,208,1,,0,0,46,"United Kingdom","29/05/2009",1,0,0,0,2,53.7949,-1.65875,2,"health","NURSE","LS28",8
0.685233,209,1,,0,0,85,"United Kingdom","29/05/2009",1,0,0,0,1,53.9048,-1.34713,3,"home","HOUSEWIFE","LS23",8
26.9707,210,1,,0,0,27,"United Kingdom","29/05/2009",1,0,0,0,1,53.7306,-1.57361,2,"health","PARAMEDIC","WF3",56
2.77773,211,1,,0,0,74,"United Kingdom","29/05/2009",1,0,0,0,1,53.7949,-1.66003,10,"retired","RETIRED","LS28",5
18.5566,212,1,,0,0,75,"United Kingdom","29/05/2009",1,0,0,0,2,53.869,-1.71033,3,"home","HOUSEWIFE","LS20",10
25.2026,213,1,,0,0,45,"United Kingdom","29/05/2009",1,0,0,0,4,53.8315,-1.55156,14,"teaching","TEACHER","LS7",47
29.5753,214,1,,0,0,28,"United Kingdom","29/05/2009",1,0,0,0,2,53.7393,-1.60763,12,"service","BANK MANAGER","LS27",16
38.8775,215,1,,0,0,55,"United Kingdom","29/05/2009",1,0,0,0,2,54.1427,-1.50416,6,"office","SECRETARY/EXAM INVIGILATOR","HG4",114
24.362,216,1,,0,0,60,"United Kingdom","29/05/2009",1,0,0,0,1,53.8823,-1.26611,10,"retired","RETIRED","LS24",7
3.67533,217,1,,1,0,36,"United Kingdom","29/05/2009",1,0,0,0,5,53.928,-1.3868,3,"home","HOUSEWIFE","LS22",5
6.50328,218,1,,1,0,74,"United Kingdom","29/05/2009",1,0,0,0,1,53.2686,-1.42492,10,"retired","RETIRED","S41",29
19.8547,219,1,,0,0,65,"United Kingdom","29/05/2009",1,0,0,1,2,53.6123,-1.46537,10,"retired","RETIRED","WF4",23
31.1669,220,1,,1,0,45,"United Kingdom","29/05/2009",1,0,0,0,1,55.3781,-3.43597,10,"retired","RETIRED","-",18
37.0149,221,1,,1,0,50,"United Kingdom","29/05/2009",1,0,0,0,2,52.8695,-1.07631,2,"health","NURSE MANAGER","NG12",23
7.22272,222,1,,0,0,75,"United Kingdom","29/05/2009",1,0,0,0,1,53.8394,-1.59798,10,"retired","RETIRED","LS16",11
0.070526,223,1,,0,0,86,"United Kingdom","29/05/2009",1,0,0,1,2,53.8116,-1.83106,10,"retired","RETIRED","BD15",1
28.9822,224,1,,0,0,42,"United Kingdom","29/05/2009",1,0,0,0,2,53.8486,-1.93831,8,"public","HOUSING OFFICER","BD22",17
1.40766,225,1,,1,0,70,"United Kingdom","29/05/2009",1,0,0,0,2,53.6368,-1.83337,10,"retired","RETIRED","HD4",2
10.7248,226,1,,0,0,71,"United Kingdom","29/05/2009",1,0,0,1,2,53.0995,-1.10763,2,"health","PART TIME AMBULANCE DRIVER","NG21",5
8.85547,227,1,,0,0,61,"United Kingdom","29/05/2009",1,0,0,1,1,53.6933,-1.79253,6,"office","MANAGER","HD6",23
2.14202,228,1,,0,0,64,"United Kingdom","29/05/2009",1,0,0,0,1,53.4304,-1.48414,6,"office","PART TIME RECEPTIONIST","S5",8
7.29469,229,1,,0,0,36,"United Kingdom","29/05/2009",1,0,0,0,1,53.881,-1.89628,6,"office","MANAGER","BD20",12
12.3467,230,1,,0,0,53,"United Kingdom","29/05/2009",1,0,0,0,2,52.9937,-1.28241,2,"health","THERAPIST","NG16",5
45.2221,231,1,,0,0,53,"United Kingdom","29/05/2009",1,0,0,0,3,53.1896,-0.592698,2,"health","LEAD PUBLIC HEALTH NURSE","LN6",79
35.1814,232,1,,0,0,52,"United Kingdom","29/05/2009",1,0,0,0,1,53.3321,0.077595,2,"health","NURSE","LN11",35
6.08771,233,1,,0,0,59,"United Kingdom","29/05/2009",1,0,0,1,2,53.7487,-0.851898,8,"public","EDUCATIONAL CONSULTANT","DN14",29
32.391,234,1,,0,0,35,"United Kingdom","29/05/2009",1,0,0,0,5,53.574,-1.05721,3,"home","HOUSEWIFE","DN3",43
42.3083,235,1,,0,0,15,"United Kingdom","29/05/2009",1,0,0,0,4,53.4287,-1.1133,11,"schoolchild","STUDENT","DN",84
21.1759,236,1,,0,0,94,"United Kingdom","29/05/2009",1,0,0,0,2,53.4287,-1.11284,10,"retired","RETIRED","DN11",8
2.68353,237,1,,0,0,60,"United Kingdom","29/05/2009",1,0,0,1,1,53.7438,-1.60473,6,"office","TEAM LEADER","LS27",12
18.3879,238,1,,0,0,65,"United Kingdom","29/05/2009",1,0,0,1,2,52.8172,-1.65553,12,"service","TRAINER/ASSESSOR","DE13",30
10.3689,239,1,,1,0,25,"United Kingdom","29/05/2009",1,0,0,0,3,52.8925,-1.49147,3,"home","HOUSEWIFE","DE23",12
43.5092,240,1,,0,0,56,"United Kingdom","29/05/2009",1,0,0,0,2,53.0925,-1.56928,14,"teaching","TEACHER (OF ADULTS)","DE4",66
3.09926,241,1,,0,0,60,"United Kingdom","29/05/2009",1,0,0,1,2,52.9075,-1.53405,12,"service","COUNSELLOR","DE3",16
2.99706,242,1,,0,0,93,"United Kingdom","29/05/2009",1,0,0,1,2,52.2302,-1.18284,10,"retired","RETIRED DOCTOR","NN11",2
17.2388,243,1,,1,0,80,"United Kingdom","29/05/2009",1,0,0,1,2,52.2683,-0.750046,10,"retired","RETIRED BUILDING SURVEYOR","NN6",36
35.6377,244,1,,0,0,76,"United Kingdom","29/05/2009",1,0,0,0,1,52.2659,-0.910345,10,"retired","RETIRED","NN2",13
36.0838,245,1,,1,0,-1,"United Kingdom","29/05/2009",1,0,0,-1,-1,55.3781,-3.43597,17,"unknown","-","-",80
3.02466,246,1,,1,0,72,"United Kingdom","29/05/2009",1,0,0,0,2,53.75,-1.65402,10,"retired","RETIRED","BD11",1
7.87302,247,1,,1,0,68,"United Kingdom","29/05/2009",2,0,0,0,2,53.5364,-1.34096,10,"retired","RETIRED CLERICAL","S72",10
23.8552,248,1,,0,0,67,"United Kingdom","29/05/2009",2,0,0,1,3,52.7687,-1.84257,10,"retired","RETIRED LECTURER","WS15",10
2.73167,249,1,,0,0,71,"United Kingdom","29/05/2009",2,0,0,0,1,49.4711,-2.60553,10,"retired","RETIRED","GY5",10
5.71108,250,1,,0,0,58,"United Kingdom","29/05/2009",2,0,0,1,1,52.2287,-0.290304,17,"unknown","ECOLOGIST","PE19",12
10.6709,251,1,,1,0,78,"United Kingdom","29/05/2009",2,0,0,1,2,52.4087,0.529896,10,"retired","RETIRED","IP27",9
14.9915,252,1,,0,0,35,"United Kingdom","29/05/2009",2,0,0,0,1,51.8163,-0.049283,6,"office","PROJECT MANAGER","SG12",14
0.326613,253,1,,0,0,-1,"United Kingdom","29/05/2009",2,0,0,-1,-1,55.3781,-3.43597,17,"unknown","-","-",3
19.5401,254,1,,1,0,50,"United Kingdom","29/05/2009",2,0,0,0,3,51.7064,-1.36833,6,"office","PUBLISHING","OX13",21
25.6,255,1,,1,0,30,"United Kingdom","29/05/2009",2,0,0,0,4,52.0516,-0.812286,4,"labour","PACKER","MK12",14
1.58017,256,1,,0,0,39,"United Kingdom","29/05/2009",2,0,0,1,2,52.1426,-0.429219,6,"office","ACCOUNTS","MK41",3
34.7007,257,1,,1,0,43,"United Kingdom","29/05/2009",2,0,0,1,3,52.3,-1.88753,4,"labour","WAREHOUSEMAN","B98",28
30.8362,258,1,,0,0,73,"United Kingdom","29/05/2009",2,0,0,1,5,52.4456,-1.84727,10,"retired","RETIRED","B11",18
43.8734,259,1,,0,0,57,"United Kingdom","29/05/2009",2,0,0,1,4,52.4861,-2.00263,5,"mechanic","ELECTRICAL ENGINEER","B68",40
10.4674,260,1,,1,0,-1,"United Kingdom","29/05/2009",2,0,0,-1,-1,55.3781,-3.43597,17,"unknown","-","-",9
36.4712,261,1,,0,0,42,"United Kingdom","29/05/2009",2,0,0,1,1,52.5088,-1.90627,13,"student","STUDENT","B20",12
6.97671,262,1,,0,0,62,"United Kingdom","29/05/2009",2,0,0,1,2,52.574,-1.9644,10,"retired","RETIRED","WS1",9
10.7174,263,1,,1,0,97,"United Kingdom","29/05/2009",2,0,0,0,1,52.3702,-2.23719,10,"retired","RETIRED","DY10",2
22.4965,264,1,,0,0,59,"United Kingdom","29/05/2009",2,0,0,0,2,52.9748,-2.10706,3,"home","HOUSEWIFE","ST3",6
5.51032,265,1,,0,0,85,"United Kingdom","29/05/2009",2,0,0,1,1,52.6224,-1.95831,10,"retired","RETIRED","WS4",14
20.6067,266,1,,1,0,28,"United Kingdom","29/05/2009",2,0,0,0,4,52.5532,-2.07443,13,"student","STUDENT","WV14",10
2.49543,267,1,,0,0,36,"United Kingdom","29/05/2009",2,0,0,1,1,53.0444,-2.20896,17,"unknown","U/P","ST6",1
12.497,268,1,,0,0,87,"United Kingdom","29/05/2009",2,0,0,1,2,51.9862,-0.198261,10,"retired","RETIRED","SG7",10
35.5298,269,1,,0,0,87,"United Kingdom","29/05/2009",2,0,0,0,1,52.3463,-0.168885,10,"retired","RETIRED","PE29",13
35.2428,270,1,,0,0,32,"United Kingdom","29/05/2009",2,0,0,0,3,52.4786,-1.9086,3,"home","STAY AT HOME PARENT","B14",17
7.22448,271,1,,0,0,81,"United Kingdom","29/05/2009",2,0,0,1,2,52.0779,-0.749194,10,"retired","RETIRED","MK14",1
0.181401,272,1,,0,0,46,"United Kingdom","29/05/2009",2,0,0,1,3,52.4786,-1.9086,17,"unknown","-","B13",4
1.1012,273,1,,1,0,82,"United Kingdom","29/05/2009",2,0,0,0,1,52.6817,-0.303311,3,"home","HOUSEWIFE","PE60",5
40.5477,274,1,,0,0,60,"United Kingdom","29/05/2009",2,0,0,0,1,52.5216,-0.248837,10,"retired","RETIRED","PE7",114
8.02727,275,1,,0,0,62,"United Kingdom","29/05/2009",2,0,0,0,1,52.6386,1.31995,10,"retired","RETIRED","NR1",7
14.1442,276,1,,0,0,67,"United Kingdom","29/05/2009",2,0,0,1,2,52.7175,0.927419,10,"retired","RETIRED","NR20",16
24.0329,277,1,,0,0,39,"United Kingdom","29/05/2009",2,0,0,0,4,52.7151,1.41543,2,"health","STAFF NURSE","NR12",11
31.2751,278,1,,0,0,56,"United Kingdom","29/05/2009",2,0,0,0,2,52.6169,1.28939,14,"teaching","TEACHING ASSISTANT","NR1",75
14.5018,279,1,,0,0,59,"United Kingdom","29/05/2009",2,0,0,0,1,52.9282,1.29953,10,"retired","MEDICALLY RETIRED","NR27",10
30.6098,280,1,,0,0,47,"United Kingdom","29/05/2009",2,0,0,1,4,55.3781,-3.43597,3,"home","HOUSEWIFE","-",16
3.64911,281,1,,0,0,42,"United Kingdom","29/05/2009",2,0,0,1,1,52.5445,-0.287799,16,"unemployed","UNEMPLOYED","PE2",2
1.27747,282,1,,0,0,59,"United Kingdom","29/05/2009",2,0,0,0,1,52.4293,-0.27596,10,"retired","RETIRED","PE28",7
5.67292,283,1,,0,0,56,"United Kingdom","29/05/2009",2,0,0,1,2,52.5594,1.40155,9,"research","RESEARCHER","NR15",4
0.106273,284,1,,0,0,75,"United Kingdom","29/05/2009",2,0,0,1,2,52.4705,1.44731,10,"retired","RETIRED","NR35",3
13.4781,285,1,,0,0,34,"United Kingdom","29/05/2009",2,0,0,0,3,52.0317,0.244164,3,"home","TEACHER OFF SICK","CB10",11
2.41689,286,1,,0,0,85,"United Kingdom","29/05/2009",2,0,0,1,2,52.4295,-0.276792,10,"retired","RETIRED","PE28",10
21.9934,287,1,,0,0,67,"United Kingdom","29/05/2009",2,0,0,0,1,52.3778,-0.090399,10,"retired","RETIRED TEACHER","PE28",20
17.2862,288,1,,0,0,43,"United Kingdom","29/05/2009",2,0,0,0,4,52.1319,0.21129,9,"research","SCIENTIST","CB22",14
39.1918,289,1,,0,0,60,"United Kingdom","29/05/2009",2,0,0,0,1,52.6503,1.2806,8,"public","PART TIME SUPPORT WORKER","NR3",33
7.1719,290,1,,0,0,65,"United Kingdom","29/05/2009",2,0,0,1,1,52.9867,-0.017742,10,"retired","RETIRED","PE21",10
3.13656,291,1,,0,0,45,"United Kingdom","29/05/2009",2,0,0,0,1,52.5726,-0.249791,16,"unemployed","NOT WORKING","PE3",6
2.37284,292,1,,0,0,65,"United Kingdom","29/05/2009",2,0,0,1,3,52.6708,-0.291407,10,"retired","RETIRED","PE6",4
24.5946,293,1,,0,0,64,"United Kingdom","29/05/2009",2,0,0,0,2,52.5822,-0.241737,10,"retired","RETIRED","PE1",14
36.3194,294,1,,1,0,59,"United Kingdom","29/05/2009",2,0,0,0,4,51.986,-0.213775,6,"office","SECRETARY","SG6",67
19.6407,295,1,,0,0,72,"United Kingdom","29/05/2009",2,0,0,1,2,55.3781,-3.43597,4,"labour","FARMER","-",15
17.1153,296,1,,0,0,61,"United Kingdom","29/05/2009",2,0,0,0,1,51.7894,-0.069692,10,"retired","RETIRED","SG13",13
30.1589,297,1,,0,0,54,"United Kingdom","29/05/2009",2,0,0,0,2,51.9864,-0.086804,3,"home","HOUSEWIFE","SG9",70
27.0779,298,1,,0,0,54,"United Kingdom","29/05/2009",2,0,0,0,3,52.6221,1.43411,3,"home","HOUSEWIFE","NR13",37
34.0983,299,1,,0,0,54,"United Kingdom","29/05/2009",2,0,0,1,2,51.9678,-0.287209,14,"teaching","TEACHER AT SECONDARY SCHOOL","SG5",138
10.3091,300,1,,0,0,71,"United Kingdom","29/05/2009",2,0,0,1,2,51.7846,-1.2677,10,"retired","RETIRED","OX2",5
25.2094,301,1,,0,0,60,"United Kingdom","29/05/2009",2,0,0,1,3,52.5876,-0.50512,10,"retired","RETIRED","PE8",7
15.2413,302,1,,0,0,44,"United Kingdom","29/05/2009",2,0,0,0,6,50.8389,-0.182449,3,"home","HOUSEWIFE","BN3",11
36.3387,303,1,,0,0,47,"United Kingdom","29/05/2009",2,0,0,0,2,51.6682,-0.29669,6,"office","DIRECTOR","WD6",13
14.4337,304,1,,0,0,59,"United Kingdom","29/05/2009",2,0,0,0,2,51.8807,-0.508527,3,"home","HOUSEWIFE","LU5",12
9.15148,305,1,,0,0,59,"United Kingdom","29/05/2009",2,0,0,0,2,51.9227,-0.471245,10,"retired","RETIRED","LU3",10
13.4833,306,1,,0,0,30,"United Kingdom","29/05/2009",2,0,0,0,3,51.9404,-1.54591,3,"home","TEACHER ON MATERNITY LEAVE","OX7",11
24.1345,307,1,,0,0,55,"United Kingdom","29/05/2009",2,0,0,1,2,51.5691,-1.14636,2,"health","NHS MANAGER","OX10",37
3.82556,308,1,,0,0,74,"United Kingdom","29/05/2009",2,0,0,1,2,52.0681,-1.31815,10,"retired","RETIRED CONSULTANT PHYSICIAN","OX16",6
35.9329,309,1,,0,0,64,"United Kingdom","29/05/2009",2,0,0,0,2,52.6563,1.32168,10,"retired","RETIRED","NR7",23
19.4739,310,1,,0,0,34,"United Kingdom","29/05/2009",2,0,0,0,2,51.7419,-1.23078,2,"health","DOCTOR","OX4",37
38.1629,311,1,,0,0,52,"United Kingdom","29/05/2009",2,0,0,0,2,51.7018,-0.920544,6,"office","ADMINISTRATOR","OX39",13
29.9887,312,1,,0,0,37,"United Kingdom","29/05/2009",2,0,0,0,3,51.755,-1.22083,6,"office","ACCOUNTANT","OX3",16
23.1259,313,1,,0,0,57,"United Kingdom","29/05/2009",2,0,0,0,2,51.8095,-1.12632,6,"office","HR OFFICER","OX33",26
37.2549,314,1,,0,0,53,"United Kingdom","29/05/2009",2,0,0,0,4,51.7847,-1.26821,14,"teaching","TEACHER","OX2",56
4.94752,315,1,,0,0,27,"United Kingdom","29/05/2009",2,0,0,0,2,51.8243,-1.39939,17,"unknown","-","OX29",5
15.6104,316,1,,0,0,41,"United Kingdom","29/05/2009",2,0,0,1,1,51.7415,-1.22984,9,"research","LECTURER","OX4",6
11.2268,317,1,,0,0,61,"United Kingdom","29/05/2009",2,0,0,0,2,51.8827,-0.439136,2,"health","MEDICAL SECRETARY","LU1",58
10.4144,318,1,,0,0,65,"United Kingdom","29/05/2009",2,0,0,0,1,52.2318,0.137108,10,"retired","RETIRED","CB4",12
33.7674,319,1,,0,0,31,"United Kingdom","29/05/2009",2,0,0,0,1,51.9189,-0.180999,6,"office","ACCOUNT MANAGER","SG1",15
23.0499,320,1,,0,0,48,"United Kingdom","29/05/2009",2,0,0,-1,6,52.8266,-1.94543,12,"service","LIVERY YARD OWNER","WS15",15
22.4582,321,1,,0,0,29,"United Kingdom","29/05/2009",2,0,0,0,1,52.0772,1.11386,8,"public","LOCAL GOVERNMENT OFFICER","IP1",78
20.1948,322,1,,0,0,37,"United Kingdom","29/05/2009",2,0,0,0,5,52.0394,0.956939,6,"office","ACCOUNTANT","IP7",15
30.371,323,1,,0,0,78,"United Kingdom","29/05/2009",2,0,0,1,2,52.1174,1.15043,10,"retired","RETIRED","IP6",12
2.92235,324,1,,0,0,51,"United Kingdom","29/05/2009",2,0,0,1,1,51.6794,-1.28892,9,"research","SCIENTIST","OX14",15
3.41758,325,1,,0,0,62,"United Kingdom","29/05/2009",2,0,0,0,2,51.8981,-1.15925,10,"retired","RETIRED","OX26",8
6.51164,326,1,,0,0,23,"United Kingdom","29/05/2009",2,0,0,0,2,51.5975,-1.12379,6,"office","COMPANY DIRECTOR","OX10",8
14.3138,327,1,,0,0,52,"United Kingdom","29/05/2009",2,0,0,1,1,52.0616,-1.34635,6,"office","OFFICE JOB SELLING","OX16",7
18.4456,328,1,,0,0,62,"United Kingdom","29/05/2009",2,0,0,0,2,51.8239,-1.40042,10,"retired","RETIRED","OX29",5
2.91943,329,1,,0,0,46,"United Kingdom","29/05/2009",2,0,0,0,1,51.8705,-1.12726,6,"office","PUBLISHING","OX25",16
44.4701,330,1,,0,0,18,"United Kingdom","29/05/2009",2,0,0,0,3,52.1588,-0.463679,13,"student","STUDENT","MK41",51
22.3946,331,1,,0,0,49,"United Kingdom","29/05/2009",2,0,0,1,2,52.4528,-2.07278,12,"service","SALES MANAGER","B63",56
9.63091,332,1,,0,0,62,"United Kingdom","29/05/2009",2,0,0,1,2,53.0949,-2.32211,2,"health","CARER","ST7",8
18.0701,333,1,,0,0,61,"United Kingdom","29/05/2009",2,0,0,0,2,52.6179,-1.92335,10,"retired","RETIRED","WS9",12
8.17406,334,1,,0,0,64,"United Kingdom","29/05/2009",2,0,0,0,2,52.7969,-1.88971,10,"retired","RETIRED","WS15",9
0.236719,335,1,,0,0,81,"United Kingdom","29/05/2009",2,0,0,1,1,52.5875,-2.15712,10,"retired","RETIRED","WV3",2
11.5781,336,1,,0,0,65,"United Kingdom","29/05/2009",2,0,0,0,1,52.7107,-2.00291,10,"retired","RETIRED HEALTH VISITOR","WS12",19
5.62331,337,1,,0,0,50,"United Kingdom","29/05/2009",2,0,0,0,2,52.2702,-3.00445,3,"home","HOUSEWIFE","LD8",15
10.5393,338,1,,1,0,66,"United Kingdom","29/05/2009",2,0,0,1,2,52.3947,-2.24438,10,"retired","RETIRED","DY10",4
7.37188,339,1,,0,0,43,"United Kingdom","29/05/2009",2,0,0,0,1,52.8203,-2.10393,6,"office","MANAGER","ST16",16
27.1417,340,1,,0,0,54,"United Kingdom","29/05/2009",2,0,0,1,4,52.4774,-2.14653,2,"health","DOCTOR","DY8",11
13.8833,341,1,,0,0,64,"United Kingdom","29/05/2009",2,0,0,0,1,52.7969,-1.88971,10,"retired","RETIRED","WS15",14
2.44213,342,1,,0,0,83,"United Kingdom","29/05/2009",2,0,0,1,1,52.4393,-2.16831,10,"retired","RETIRED","DY8",4
23.1907,343,1,,0,0,69,"United Kingdom","29/05/2009",2,0,0,0,2,52.8872,-2.15607,6,"office","SECRETARY","ST15",14
5.91447,344,1,,0,0,67,"United Kingdom","29/05/2009",2,0,0,0,2,52.255,0.02235,10,"retired","RETIRED","CB23",4
28.0758,345,1,,0,0,48,"United Kingdom","29/05/2009",2,0,0,1,2,52.1875,0.141383,6,"office","MARKETER","CB1",32
1.52894,346,1,,0,0,69,"United Kingdom","29/05/2009",2,0,0,0,1,55.3781,-3.43597,17,"unknown","-","-",8
33.6767,347,1,,1,0,44,"United Kingdom","29/05/2009",2,0,0,0,1,52.2174,0.168204,12,"service","HAIRDRESSER","CB5",35
6.48419,348,1,,0,0,51,"United Kingdom","29/05/2009",2,0,0,1,1,52.4518,-2.07278,6,"office","SOFTWARE CONSULTANT","B63",19
7.43632,349,1,,0,0,42,"United Kingdom","29/05/2009",2,0,0,0,2,51.7244,-1.19743,6,"office","IT SUPPORT","OX4",7
13.2992,350,1,,0,0,74,"United Kingdom","29/05/2009",2,0,0,1,1,52.5163,-2.00438,10,"retired","RETIRED","B70",3
36.8469,351,1,,0,0,43,"United Kingdom","29/05/2009",2,0,0,0,5,52.296,-1.94829,12,"service","TEAM LEADER AT TESCO","B97",109
44.4982,352,1,,0,0,30,"United Kingdom","29/05/2009",2,0,0,0,5,52.6953,-1.62819,14,"teaching","TEACHING ASSISTANT","B79",55
39.6075,353,1,,0,0,30,"United Kingdom","29/05/2009",2,0,0,0,1,52.2149,1.48744,6,"office","OFFICE WORKERS","IP17",17
8.06756,354,1,,0,0,72,"United Kingdom","29/05/2009",2,0,0,1,2,52.1914,0.982361,10,"retired","RETIRED","IP14",6
25.6418,355,1,,0,0,50,"United Kingdom","29/05/2009",2,0,0,0,6,52.0672,1.14113,6,"office","HUMAN RESOURCES ADVISOR","IP1",43
2.72698,356,1,,0,0,66,"United Kingdom","29/05/2009",2,0,0,0,2,52.2548,1.55829,10,"retired","RETIRED","IP17",1
27.5814,357,1,,0,0,71,"United Kingdom","29/05/2009",2,0,0,0,1,52.2713,1.08857,10,"retired","RETIRED","IP23",52
2.62353,358,1,,0,0,86,"United Kingdom","29/05/2009",2,0,0,1,2,52.1319,0.21129,10,"retired","RETIRED COLLEGE TUTOR","CB22",4
39.4184,359,1,,0,0,31,"United Kingdom","29/05/2009",2,0,0,0,3,52.14,-0.439733,8,"public","POLICE","MK41",59
6.42869,360,1,,0,0,66,"United Kingdom","29/05/2009",2,0,0,1,3,52.1383,-0.444976,3,"home","PART TIME PUBLISHER FROM HOME","MK40",4
45.7726,361,1,,0,0,53,"United Kingdom","29/05/2009",2,0,0,0,3,51.9903,-0.723271,12,"service","SUPERMARKET ASSISTANT","MK2",50
35.2868,362,1,,0,0,49,"United Kingdom","29/05/2009",2,0,0,0,3,51.9435,-0.881326,12,"service","CRECHE WORKER","MK18",31
42.7898,363,1,,0,0,54,"United Kingdom","29/05/2009",2,0,0,0,4,52.4481,-1.7659,2,"health","PHYSIOTHERAPIST","B92",70
1.66723,364,1,,0,0,55,"United Kingdom","29/05/2009",2,0,0,0,2,51.307,-0.907883,14,"teaching","TEACHER","RG27",7
28.5031,365,1,,0,0,56,"United Kingdom","29/05/2009",2,0,0,1,2,52.5199,-1.84646,10,"retired","RETIRED","B23",9
42.4385,366,1,,0,0,79,"United Kingdom","29/05/2009",2,0,0,0,1,52.6324,-1.67823,10,"retired","RETIRED","B",85
17.2763,367,1,,0,0,33,"United Kingdom","29/05/2009",2,0,0,0,4,52.2824,-1.96148,3,"home","MOTHER","B97",13
14.4732,368,1,,0,0,78,"United Kingdom","29/05/2009",2,0,0,0,1,52.2891,-1.96666,3,"home","HOUSEWIFE","B97",6
4.0684,369,1,,0,0,61,"United Kingdom","29/05/2009",2,0,0,1,1,52.3448,-2.06314,10,"retired","RETIRED","B61",11
0.374608,370,1,,0,0,79,"United Kingdom","29/05/2009",2,0,0,0,3,52.5606,-1.80125,10,"retired","RETIRED","B75",2
26.2793,371,1,,0,0,28,"United Kingdom","29/05/2009",2,0,0,0,2,52.319,-1.90686,8,"public","EDUCATION WELFARE","B98",37
19.1947,372,1,,0,0,45,"United Kingdom","29/05/2009",2,0,0,0,4,52.0176,-0.808849,6,"office","INFORMATION MANAGER","MK5",23
22.6103,373,1,,0,0,46,"United Kingdom","29/05/2009",2,0,0,1,2,52.0347,-0.742617,12,"service","CHEF","MK6",31
24.6755,374,1,,0,0,60,"United Kingdom","29/05/2009",2,0,0,1,2,52.002,-0.984514,10,"retired","RETIRED","MK18",11
27.2587,375,1,,0,0,45,"United Kingdom","29/05/2009",2,0,0,1,4,52.027,-0.694011,17,"unknown","LIGHTING CAMERAMAN","MK7",11
35.4983,376,1,,0,0,58,"United Kingdom","29/05/2009",2,0,0,0,1,52.4452,-1.96438,2,"health","NURSE","B29",59
17.3051,377,1,,0,0,33,"United Kingdom","29/05/2009",2,0,0,1,3,52.4438,-1.82455,13,"student","MEDICAL STUDENT","B27",13
17.0695,378,1,,0,0,46,"United Kingdom","29/05/2009",2,0,0,1,1,52.5384,-2.00674,15,"transport","TRAM DRIVER","B71",20
28.0977,379,1,,0,0,22,"United Kingdom","29/05/2009",2,0,0,0,3,52.6437,-1.6988,12,"service","RETAIL ASSISTANT MANAGER/POST GRADUATE STUDENT","B79",70
17.4719,380,1,,1,0,61,"United Kingdom","29/05/2009",2,0,0,1,1,52.5726,-0.249791,10,"retired","RETIRED","PE3",6
7.21001,381,1,,0,0,52,"United Kingdom","29/05/2009",2,0,0,0,2,52.5484,-0.228624,12,"service","FITNESS CONSULTANT","PE7",13
11.4761,382,1,,0,0,28,"United Kingdom","29/05/2009",2,0,0,0,2,52.2272,-0.261793,12,"service","CUSTOMER SERVICES","PE19",12
11.8661,383,1,,0,0,76,"United Kingdom","29/05/2009",2,0,0,1,2,52.2714,1.09641,10,"retired","RETIRED COMMITTEE SECRETARY","IP23",4
7.99606,384,1,,1,0,66,"United Kingdom","29/05/2009",2,0,0,-1,2,52.6817,-0.303311,10,"retired","RETIRED","PE6",4
1.72646,385,1,,0,0,74,"United Kingdom","29/05/2009",2,0,0,0,1,52.6252,1.28225,10,"retired","RETIRED","NR2",5
22.6072,386,1,,0,0,53,"United Kingdom","29/05/2009",2,0,0,0,3,52.4817,1.70634,12,"service","HAIRDRESSER","NR32",14
27.3558,387,1,,0,0,64,"United Kingdom","29/05/2009",2,0,0,0,2,52.255,0.02235,10,"retired","RETIRED","CB23",18
36.5801,388,1,,0,0,37,"United Kingdom","29/05/2009",2,0,0,0,5,52.1735,0.392709,3,"home","HOUSEWIFE","CB8",311
3.15597,389,1,,0,0,57,"United Kingdom","29/05/2009",2,0,0,0,2,52.1911,0.171211,10,"retired","RETIRED","CB1",5
24.0016,390,1,,0,0,61,"United Kingdom","29/05/2009",2,0,0,1,2,52.428,-1.80923,10,"retired","RETIRED","B91",32
8.75713,391,1,,0,0,74,"United Kingdom","29/05/2009",2,0,0,1,2,52.1783,1.00548,10,"retired","RETIRED","IP14",13
28.8105,392,1,,0,0,45,"United Kingdom","29/05/2009",2,0,0,0,1,52.4635,-2.07131,6,"office","OFFICE MANAGER/PA","B64",35
8.87407,393,1,,0,0,57,"United Kingdom","29/05/2009",2,0,0,1,2,53.0002,-2.14439,10,"retired","RETIRED","ST4",10
26.0022,394,1,,0,0,54,"United Kingdom","29/05/2009",2,0,0,1,3,52.7211,-1.83888,6,"office","LOGISTICS MANAGER","WS13",16
13.8386,395,1,,0,0,57,"United Kingdom","29/05/2009",2,0,0,0,2,52.3727,-2.57421,6,"office","ADMIN ASSISTANT","SY8",16
7.01169,396,1,,0,0,65,"United Kingdom","29/05/2009",2,0,0,0,2,52.4786,1.73818,10,"retired","RETIRED","NR32",6
6.6298,397,1,,0,0,71,"United Kingdom","29/05/2009",2,0,0,1,2,52.56,1.73011,10,"retired","RETIRED","NR31",8
2.32365,398,1,,0,0,65,"United Kingdom","29/05/2009",2,0,0,1,2,52.6506,-2.74994,8,"public","TRIBUNALS JUDGE","SY5",6
34.8611,399,1,,0,0,61,"United Kingdom","29/05/2009",2,0,0,0,1,52.7698,-2.37649,10,"retired","RETIRED","TF10",54
7.43115,400,1,,0,0,48,"United Kingdom","29/05/2009",3,0,0,1,1,55.3781,-3.43597,10,"retired","RETIRED","-",3
5.65789,401,1,,0,0,56,"United Kingdom","29/05/2009",3,0,0,0,4,51.796,-0.225578,2,"health","COMMUNITY NURSE","AL8",14
31.4717,402,1,,0,0,81,"United Kingdom","29/05/2009",3,0,0,0,2,51.6954,0.885205,10,"retired","RETIRED","CM0",38
36.5213,403,1,,1,0,74,"United Kingdom","29/05/2009",3,0,0,1,2,51.8115,1.03589,10,"retired","RETIRED","CO7",149
9.32512,404,1,,0,0,40,"United Kingdom","29/05/2009",3,0,0,0,4,51.4148,0.753845,3,"home","HOUSEWIFE","ME11",8
9.71915,405,1,,0,0,74,"United Kingdom","29/05/2009",3,0,0,1,1,51.6226,0.327297,10,"retired","RETIRED","CM13",2
0.00857987,406,1,,0,0,83,"United Kingdom","29/05/2009",3,0,0,1,2,51.5285,-0.062111,10,"retired","RETIRED","E2",1
8.18466,407,1,,1,0,38,"United Kingdom","29/05/2009",3,0,0,0,4,51.5455,0.037894,6,"office","MANAGEMENT","E7",29
44.4426,408,1,,0,0,37,"United Kingdom","29/05/2009",3,0,0,0,2,51.7914,-0.221203,13,"student","STUDENT NURSE","AL8",40
0.0541576,409,1,,0,0,-1,"United Kingdom","29/05/2009",3,0,0,0,1,51.1262,0.752973,10,"retired","RETIRED","TN26",1
37.5272,410,1,,0,0,58,"United Kingdom","29/05/2009",3,0,0,0,1,51.6625,-0.060457,2,"health","DENTIST","EN1",43
0.554028,411,1,,0,0,51,"United Kingdom","29/05/2009",3,0,0,1,1,51.4937,-0.18896,17,"unknown","CONSULTANT","SW5",5
43.4675,412,1,,0,0,38,"United Kingdom","29/05/2009",3,0,0,0,1,51.4535,-0.231106,6,"office","INTERIOR ARCHITECT","SW15",30
4.9802,413,1,,0,0,25,"United Kingdom","29/05/2009",3,0,0,0,3,51.867,0.886413,8,"public","SUPPORT WORKER","CO2",5
37.0211,414,1,,0,0,31,"United Kingdom","29/05/2009",3,0,0,0,2,51.5972,0.036191,14,"teaching","TEACHER","E18",239
4.96454,415,1,,0,0,62,"United Kingdom","29/05/2009",3,0,0,0,2,51.377,0.532165,2,"health","NURSE MANAGER","ME4",13
11.6358,416,1,,0,0,59,"United Kingdom","29/05/2009",3,0,0,1,2,51.6673,-0.196229,12,"service","COUNSELLOR","EN5",6
4.57955,417,1,,1,0,87,"United Kingdom","29/05/2009",3,0,0,1,2,51.5739,0.146276,10,"retired","RETIRED MEDICAL LAB SCIENTIST","RM6",1
27.9951,418,1,,0,0,62,"United Kingdom","29/05/2009",3,0,0,0,2,51.4466,0.01082,10,"retired","RETIRED","SE12",12
41.2329,419,1,,0,0,64,"United Kingdom","29/05/2009",3,0,0,1,1,51.6016,0.180663,10,"retired","RETIRED","RM1",31
10.8877,420,1,,0,0,43,"United Kingdom","29/05/2009",3,0,0,1,1,51.4791,0.095153,6,"office","OFFICE SUPERVISOR","SE18",40
8.18627,421,1,,1,0,68,"United Kingdom","29/05/2009",3,0,0,0,2,51.4444,0.355463,10,"retired","RETIRED","DA11",21
29.665,422,1,,0,0,54,"United Kingdom","29/05/2009",3,0,0,0,4,51.4965,0.086533,14,"teaching","SCHOOL COOK","SE28",10
1.1907,423,1,,0,0,81,"United Kingdom","29/05/2009",3,0,0,0,1,51.8791,0.833501,10,"retired","RETIRED","CO33",1
40.4135,424,1,,0,0,21,"United Kingdom","29/05/2009",3,0,0,0,3,51.6501,0.053176,13,"student","STUDENT","IG10",16
1.21373,425,1,,0,0,69,"United Kingdom","29/05/2009",3,0,0,0,2,51.7109,-0.374036,10,"retired","RETIRED","AL2",7
23.6632,426,1,,0,0,55,"United Kingdom","29/05/2009",3,0,0,0,1,51.7617,-0.320435,6,"office","COMPANY DIRECTOR","AL1",20
16.9204,427,1,,0,0,81,"United Kingdom","29/05/2009",3,0,0,1,2,51.57,0.201068,10,"retired","RETIRED","RM11",4
22.8939,428,1,,1,0,49,"United Kingdom","29/05/2009",3,0,0,1,4,51.7611,-0.343434,2,"health","NURSE","AL3",33
35.7095,429,1,,1,0,65,"United Kingdom","29/05/2009",3,0,0,1,1,51.7955,-0.184458,10,"retired","RETIRED/PENSIONER","AL7",135
42.8626,430,1,,0,0,65,"United Kingdom","29/05/2009",3,0,0,0,2,51.5518,0.195579,2,"health","HEALTH SERVICE","RM12",160
12.1177,431,1,,0,0,29,"United Kingdom","29/05/2009",3,0,0,0,3,51.7388,-0.344639,3,"home","CIVIL SERVANT ON MATERNITY LEAVE","AL1",9
11.7572,432,1,,1,0,43,"United Kingdom","29/05/2009",3,0,0,0,4,51.7309,-0.18694,3,"home","HOUSEMUM","AL9",6
28.2771,433,1,,0,0,64,"United Kingdom","29/05/2009",3,0,0,1,2,51.7296,-0.186685,6,"office","SOLICITOR","AL9",14
11.9982,434,1,,1,0,81,"United Kingdom","29/05/2009",3,0,0,1,2,51.6933,-0.168472,10,"retired","RETIRED MINISTER","EN6",27
2.92621,435,1,,0,0,72,"United Kingdom","29/05/2009",3,0,0,1,1,51.7739,-0.313589,10,"retired","RETIRED","AL4",4
0.285641,436,1,,0,0,84,"United Kingdom","29/05/2009",3,0,0,0,1,51.3669,1.11477,10,"retired","RETIRED","CT",1
27.4152,437,1,,0,0,52,"United Kingdom","29/05/2009",3,0,0,0,2,51.3617,1.04349,9,"research","LECTURER IN HIGHER EDUCATION","CT",8
28.6896,438,1,,1,0,35,"United Kingdom","29/05/2009",3,0,0,0,2,51.2795,1.07621,9,"research","LECTURER","CT1",50
5.75499,439,1,,0,0,29,"United Kingdom","29/05/2009",6,0,0,1,2,55.9592,-3.20053,6,"office","INVESTMENT ADMIN","EH3",2
11.9956,440,1,,0,0,53,"United Kingdom","29/05/2009",6,0,0,0,4,55.7971,-4.6223,2,"health","OCCUPATIONAL THERAPIST","PA12",9
26.6144,441,1,,0,0,16,"United Kingdom","29/05/2009",6,0,0,0,3,55.7971,-4.6223,11,"schoolchild","SCHOOL","PA12",20
11.5628,442,1,,0,0,34,"United Kingdom","29/05/2009",6,0,0,0,3,53.6438,-3.01628,2,"health","DIETICIAN","PR8",5
36.1445,443,1,,0,0,46,"United Kingdom","29/05/2009",6,0,0,1,1,56.0163,-3.7985,8,"public","MINISTER OF RELIGION","FK2",11
9.93359,444,1,,0,0,77,"United Kingdom","29/05/2009",6,0,0,1,2,55.9541,-3.23243,10,"retired","RETIRED","EH4",1
19.8616,445,1,,0,0,53,"United Kingdom","29/05/2009",6,0,0,0,5,55.7866,-2.306,6,"office","SOLICITOR","TD11",11
6.65527,446,1,,0,0,48,"United Kingdom","29/05/2009",6,0,0,0,4,55.9309,-3.12363,14,"teaching","LEARNING ASSISTANT","EH16",4
34.3292,447,1,,0,0,58,"United Kingdom","29/05/2009",6,0,0,0,3,56.8063,-2.34604,3,"home","HOUSEWIFE","DD10",14
11.4809,448,1,,0,0,43,"United Kingdom","29/05/2009",6,0,0,0,3,53.5854,-2.52322,8,"public","SHELTERED HOUSING WARDEN","BL6",2
10.8761,449,1,,0,0,28,"United Kingdom","29/05/2009",6,0,0,0,2,53.5881,-2.43701,13,"student","STUDENT","BL1",6
6.9787,450,1,,0,0,63,"United Kingdom","29/05/2009",6,0,0,0,2,55.8901,-4.36673,10,"retired","RETIRED","G13",5
6.38996,451,1,,0,0,78,"United Kingdom","29/05/2009",6,0,0,1,1,55.5463,-4.6537,10,"retired","RETIRED RAF OFFICER","KA10",1
1.52325,452,1,,0,0,56,"United Kingdom","29/05/2009",6,0,0,1,2,55.9541,-3.23243,8,"public","HOUSING OFFICER","EH4",6
15.7777,453,1,,0,0,62,"United Kingdom","29/05/2009",6,0,0,1,2,55.971,-3.25831,10,"retired","RETIRED","EH4",6
3.04757,454,1,,0,0,67,"United Kingdom","29/05/2009",6,0,0,0,2,57.6612,-2.66823,10,"retired","RETIRED","AB45",2
9.79088,455,1,,0,0,31,"United Kingdom","29/05/2009",6,0,0,0,4,57.6057,-3.6169,3,"home","AT HOME MUM","IV36",7
9.86755,456,1,,0,0,62,"United Kingdom","29/05/2009",6,0,0,0,1,56.3783,-2.93243,14,"teaching","TEACHER","KY16",12
37.8349,457,1,,1,0,17,"United Kingdom","29/05/2009",6,0,0,0,4,55.976,-3.618,13,"student","STUDENT","EH49",125
10.5887,458,1,,0,0,43,"United Kingdom","29/05/2009",6,0,0,0,1,56.0145,-4.7208,6,"office","SUBTITLER","G84",10
18.9839,459,1,,0,0,-1,"United Kingdom","29/05/2009",6,0,0,-1,-1,55.3781,-3.43597,17,"unknown","-","-",32
5.57732,460,1,,0,0,51,"United Kingdom","29/05/2009",6,0,0,0,1,55.8578,-4.24251,10,"retired","RETIRED NURSE","G12",13
9.33428,461,1,,0,0,62,"United Kingdom","29/05/2009",6,0,0,1,2,55.823,-4.28462,6,"office","IT CONSULTANT","G43",1
6.09007,462,1,,0,0,58,"United Kingdom","29/05/2009",6,0,0,1,2,55.3781,-3.43597,6,"office","MANAGER","-",6
19.2934,463,1,,0,0,44,"United Kingdom","29/05/2009",6,0,0,0,2,56.0536,-4.22428,9,"research","LECTURER","G63",7
10.3947,464,1,,0,0,60,"United Kingdom","29/05/2009",6,0,0,0,2,56.4472,-3.16896,10,"retired","RETIRED","PH14",8
3.76611,465,1,,0,0,73,"United Kingdom","29/05/2009",6,0,0,0,1,56.7247,-2.47325,10,"retired","RETIRED","DD10",3
0.274373,466,1,,0,0,77,"United Kingdom","29/05/2009",6,0,0,1,1,55.9769,-3.61716,10,"retired","RETIRED","EH49",2
5.76512,467,1,,0,0,80,"United Kingdom","29/05/2009",6,0,0,0,1,53.5579,-2.48879,10,"retired","RETIRED","BL3",1
38.651,468,1,,0,0,61,"United Kingdom","29/05/2009",6,0,0,0,4,55.9536,-3.23206,8,"public","SUPPORT WORKER","EH4",17
33.8209,469,1,,0,0,80,"United Kingdom","29/05/2009",6,0,0,1,2,53.6449,-2.39404,10,"retired","RETIRED","BL7",50
9.13118,470,1,,0,0,37,"United Kingdom","29/05/2009",6,0,0,1,3,55.965,-3.13506,13,"student","PHD STUDENT","EH7",20
29.3378,471,1,,0,0,38,"United Kingdom","29/05/2009",6,0,0,0,2,54.8782,-2.95903,3,"home","SINGLE PARENT","CA2",6
2.96055,472,1,,1,0,73,"United Kingdom","29/05/2009",6,0,0,1,2,54.8662,-4.36192,10,"retired","RETIRED","DG8",7
37.2417,473,1,,0,0,56,"United Kingdom","29/05/2009",6,0,0,0,2,58.9558,-3.30085,17,"unknown","-","KW16",14
17.4833,474,1,,0,0,56,"United Kingdom","29/05/2009",6,0,0,1,2,55.9615,-3.94578,6,"office","CIVIL SERVANT","G67",20
14.6208,475,1,,1,0,83,"United Kingdom","29/05/2009",6,0,0,1,1,56.0019,-4.72392,10,"retired","RETIRED","G84",18
6.37287,476,1,,0,0,78,"United Kingdom","29/05/2009",6,0,0,0,1,55.8231,-4.19311,10,"retired","RETIRED","G73",7
22.9051,477,1,,0,0,20,"United Kingdom","29/05/2009",6,0,0,1,7,52.4004,-1.52396,13,"student","STUDENT","CV5",11
23.0448,478,1,,0,0,24,"United Kingdom","29/05/2009",6,0,0,0,4,55.3781,-3.43597,16,"unemployed","UNEMPLOYED","-",5
23.3625,479,1,,0,0,27,"United Kingdom","29/05/2009",6,0,0,1,4,52.1941,-1.70727,6,"office","ICT MANAGER","CV37",7
5.31017,480,1,,0,0,29,"United Kingdom","29/05/2009",6,0,0,0,5,52.1854,-1.60556,6,"office","CALL OPERATIVE","CV35",3
9.8499,481,1,,0,0,28,"United Kingdom","29/05/2009",6,0,0,0,2,52.3025,-1.53181,6,"office","CALL OPERATIVE","CV32",4
18.6816,482,1,,0,0,22,"United Kingdom","29/05/2009",6,0,0,0,4,52.4262,-1.49434,6,"office","CALL OPERATIVE","CV6",6
40.6353,483,1,,0,0,25,"United Kingdom","29/05/2009",6,0,0,0,4,52.4262,-1.49434,6,"office","BUSINESS DEVELOPMENT MANAGER","CV6",15
39.3438,484,1,,1,0,68,"United Kingdom","29/05/2009",6,0,0,1,3,54.4701,-2.35312,10,"retired","RETIRED","CA17",30
45.1682,485,1,,0,0,39,"United Kingdom","29/05/2009",6,0,0,0,1,54.5078,-3.52138,14,"teaching","TEACHER","CA23",1169
20.9374,486,1,,1,0,57,"United Kingdom","29/05/2009",6,0,0,0,1,55.9942,-2.51059,3,"home","HOUSEWIFE","EH42",12
5.18454,487,1,,0,0,39,"United Kingdom","29/05/2009",6,0,0,0,3,55.9721,-3.2565,3,"home","MOTHER","EH4",3
7.47435,488,1,,0,0,73,"United Kingdom","29/05/2009",6,0,0,1,1,57.8892,-4.3444,10,"retired","RETIRED","IV24",1
39.0062,489,1,,0,0,68,"United Kingdom","29/05/2009",6,0,0,1,1,55.8716,-4.3783,10,"retired","RETIRED","PA4",38
14.3327,490,1,,0,0,73,"United Kingdom","29/05/2009",6,0,0,1,2,56.4014,-4.98587,10,"retired","RETIRED","PA33",46
2.21102,491,1,,0,0,65,"United Kingdom","29/05/2009",6,0,0,1,2,56.1894,-4.06061,10,"retired","RETIRED","FK16",7
5.99838,492,1,,0,0,72,"United Kingdom","29/05/2009",6,0,0,1,2,56.1888,-4.05944,12,"service","DRIVING INSTRUCTOR","FK16",8
3.24421,493,1,,0,0,47,"United Kingdom","29/05/2009",6,0,0,0,1,58.5888,-3.38154,2,"health","NURSERY AUXILIARY","KW14",1
2.08062,494,1,,0,0,67,"United Kingdom","29/05/2009",6,0,0,0,1,56.3195,-3.01224,16,"unemployed","UNEMPLOYED","KY15",1
16.7578,495,1,,0,0,64,"United Kingdom","29/05/2009",6,0,0,1,2,56.4225,-5.4678,9,"research","SCIENTIST","PA34",2
0.608056,496,1,,0,0,39,"United Kingdom","29/05/2009",6,0,0,1,1,55.8374,-4.26298,8,"public","SECURITY","G42",1
22.265,497,1,,0,0,78,"United Kingdom","29/05/2009",6,0,0,1,2,55.7668,-4.00893,10,"retired","RETIRED","ML3",24
29.6869,498,1,,0,0,31,"United Kingdom","29/05/2009",6,0,0,0,2,55.8619,-4.26572,8,"public","SUPPORT WORKER","G2",11
34.1428,499,1,,0,0,44,"United Kingdom","29/05/2009",6,0,0,1,4,55.668,-3.7639,8,"public","POLICE OFFICER","ML11",24
2.93011,500,1,,1,0,74,"United Kingdom","29/05/2009",6,0,0,1,2,55.6477,-3.90189,10,"retired","RETIRED","ML11",10
4.90946,501,1,,0,0,64,"United Kingdom","29/05/2009",6,0,0,0,2,55.9237,-4.17165,10,"retired","RETIRED TEACHER","G66",17
37.5767,502,1,,0,0,16,"United Kingdom","29/05/2009",6,0,0,0,3,55.2385,-4.84394,11,"schoolchild","STUDENT","KA26",11
9.89444,503,1,,0,0,14,"United Kingdom","29/05/2009",6,0,0,1,3,56.0127,-3.70285,11,"schoolchild","STUDENT","FK3",4
19.183,504,1,,0,0,66,"United Kingdom","29/05/2009",6,0,0,0,1,55.8304,-4.04817,10,"retired","RETIRED","G71",101
43.1366,505,1,,0,0,40,"United Kingdom","29/05/2009",6,0,0,0,1,55.9432,-4.57017,2,"health","REGISTERED NURSE","G82",46
12.8232,506,1,,0,0,62,"United Kingdom","29/05/2009",6,0,0,0,2,55.857,-3.76484,10,"retired","RETIRED","ML7",12
36.8305,507,1,,0,0,51,"United Kingdom","29/05/2009",6,0,0,1,3,55.8624,-4.2727,14,"teaching","TEACHER","G3",38
21.1584,508,1,,0,0,45,"United Kingdom","29/05/2009",6,0,0,0,3,55.7468,-4.27127,14,"teaching","INSTRUCTOR SPECIAL NEEDS","G76",3
1.442,509,1,,0,0,88,"United Kingdom","29/05/2009",6,0,0,0,2,55.5334,-2.82712,10,"retired","RETIRED","TD7",3
14.6155,510,1,,0,0,41,"United Kingdom","29/05/2009",6,0,0,0,4,51.8717,0.175256,3,"home","HOUSEWIFE","CM23",4
16.0042,511,1,,0,0,69,"United Kingdom","29/05/2009",6,0,0,0,2,57.7019,-3.49232,12,"service","BAKER IN SUPERMARKET","IV30",833
35.7353,512,1,,0,0,19,"United Kingdom","29/05/2009",6,0,0,1,5,55.9488,-3.18583,13,"student","STUDENT","EH1",23
6.63561,513,1,,0,0,56,"United Kingdom","29/05/2009",6,0,0,1,3,55.9546,-2.76956,17,"unknown","DRIVER","EH41",3
19.6179,514,1,,0,0,33,"United Kingdom","29/05/2009",6,0,0,0,4,55.9457,-3.20064,3,"home","HOUSEWIFE","EH3",5
13.3699,515,1,,0,0,65,"United Kingdom","29/05/2009",6,0,0,0,2,55.9221,-3.23822,10,"retired","RETIRED","EH14",6
12.2379,516,1,,0,0,40,"United Kingdom","29/05/2009",6,0,0,0,4,58.2318,-6.2059,14,"teaching","TEACHER","HS2",20
42.5294,517,1,,0,0,72,"United Kingdom","29/05/2009",6,0,0,0,2,56.8935,-4.91756,10,"retired","RETIRED TEACHER","PH34",52
10.4648,518,1,,0,0,53,"United Kingdom","29/05/2009",6,0,0,1,3,55.6244,-3.52291,4,"labour","WELDING INSPECTOR","ML12",9
25.8514,519,1,,0,0,64,"United Kingdom","29/05/2009",6,0,0,1,2,55.8909,-3.34021,10,"retired","RETIRED","EH14",4
3.65618,520,1,,0,0,74,"United Kingdom","29/05/2009",6,0,0,1,2,55.9537,-2.76881,10,"retired","RETIRED","EH41",3
8.98779,521,1,,0,0,53,"United Kingdom","29/05/2009",6,0,0,1,2,53.7383,-2.63679,17,"unknown","HGV DRIVER","PR5",1
7.59089,522,1,,0,0,63,"United Kingdom","29/05/2009",6,0,0,1,2,53.8407,-2.19583,10,"retired","RETIRED","BB9",3
14.4147,523,1,,0,0,44,"United Kingdom","29/05/2009",6,0,0,0,2,53.7974,-2.24733,17,"unknown","-","BB12",4
31.9417,524,1,,0,0,66,"United Kingdom","29/05/2009",6,0,0,1,2,53.7517,-2.38338,10,"retired","RETIRED","BB5",65
10.4213,525,1,,0,0,79,"United Kingdom","29/05/2009",6,0,0,1,2,55.964,-3.29001,10,"retired","RETIRED PROBATION OFFICER","EH4",201
13.3375,526,1,,0,0,47,"United Kingdom","29/05/2009",6,0,0,1,2,55.9682,-3.16724,17,"unknown","ARCHAEOLOGIST","EH6",18
30.0765,527,1,,0,0,67,"United Kingdom","29/05/2009",6,0,0,0,1,55.9609,-3.26506,14,"teaching","PART TIME VIOLIN TEACHER","EH4",49
23.1351,528,1,,1,0,37,"United Kingdom","29/05/2009",6,0,0,0,2,58.221,-6.22433,2,"health","NHS ADMIN MANAGER","HS2",24
19.8993,529,1,,1,0,77,"United Kingdom","29/05/2009",6,0,0,0,2,55.3781,-3.43597,10,"retired","RETIRED","-",86
6.77405,530,1,,0,0,28,"United Kingdom","29/05/2009",6,0,0,1,2,55.823,-4.28462,16,"unemployed","UNEMPLOYED STUDENT","G43",10
0.0132993,531,1,,0,0,73,"United Kingdom","29/05/2009",6,0,0,1,1,57.1196,-2.11596,10,"retired","RETIRED","AB12",1
4.0895,532,1,,0,0,63,"United Kingdom","29/05/2009",6,0,0,1,1,55.9497,-3.97471,6,"office","HEALTH & SAFETY OFFICER","G67",1
18.4533,533,1,,0,0,59,"United Kingdom","29/05/2009",6,0,0,0,2,55.6711,-3.76461,6,"office","PERSONNEL ADMINISTRATOR","ML11",8
11.1066,534,1,,0,0,19,"United Kingdom","29/05/2009",6,0,0,0,5,55.9425,-3.21951,13,"student","STUDENT","EH11",4
0.416323,535,1,,0,0,49,"United Kingdom","29/05/2009",6,0,0,1,1,55.9592,-3.20053,9,"research","RESEARCH READER","EH3",3
21.0741,536,1,,0,0,71,"United Kingdom","29/05/2009",6,0,0,0,1,55.6037,-2.44159,10,"retired","SEMI-RETIRED GUIDE","TD5",101
6.01114,537,1,,0,0,51,"United Kingdom","29/05/2009",6,0,0,0,3,56.0148,-4.72081,14,"teaching","TEACHER","G84",5
8.32192,538,1,,0,0,64,"United Kingdom","29/05/2009",6,0,0,0,2,55.9202,-3.23971,10,"retired","RETIRED","EH14",10
2.62674,539,1,,0,0,70,"United Kingdom","29/05/2009",6,0,0,0,1,55.3781,-3.43597,10,"retired","PENSIONER","-",1
7.41893,540,1,,0,0,83,"United Kingdom","29/05/2009",6,0,0,1,2,57.0627,-2.54275,10,"retired","RETIRED","AB31",4
0.0610505,541,1,,0,0,73,"United Kingdom","29/05/2009",6,0,0,1,2,57.0723,-2.79783,10,"retired","RETIRED","AB34",1
27.7031,542,1,,0,0,70,"United Kingdom","29/05/2009",6,0,0,0,2,57.0762,-2.78006,10,"retired","RETIRED","AB34",46
1.69846,543,1,,0,0,58,"United Kingdom","29/05/2009",6,0,0,1,2,57.0627,-2.54275,14,"teaching","HEAD TEACHER","AB31",2
0.263973,544,1,,0,0,85,"United Kingdom","29/05/2009",6,0,0,0,1,57.15,-2.17707,10,"retired","RETIRED","AB15",4
38.0905,545,1,,0,0,31,"United Kingdom","29/05/2009",6,0,0,0,5,55.8313,-4.48536,3,"home","HOUSEWIFE","PA5",12
40.474,546,1,,0,0,59,"United Kingdom","29/05/2009",6,0,0,1,2,57.6746,-2.95906,10,"retired","RETIRED FISHERMAN NOW DISABLED","AB56",14
38.7945,547,1,,0,0,18,"United Kingdom","29/05/2009",6,0,0,0,3,52.2852,-1.39893,6,"office","TELEMARKETER","CV47",109
13.464,548,1,,0,0,44,"United Kingdom","29/05/2009",6,0,0,0,4,58.5143,-3.49552,9,"research","SCIENTIFIC ANALYST","KW12",26
10.7561,549,1,,0,0,37,"United Kingdom","29/05/2009",6,0,0,0,4,57.4441,-3.13233,3,"home","HOUSEWIFE & MOTHER","AB55",7
0.0576471,550,1,,0,0,91,"United Kingdom","29/05/2009",6,0,0,1,1,57.0569,-2.48359,10,"retired","RETIRED","AB31",1
18.5585,551,1,,0,0,48,"United Kingdom","29/05/2009",6,0,0,0,3,57.3421,-2.41652,6,"office","MANAGER","AB51",9
4.19864,552,1,,0,0,27,"United Kingdom","29/05/2009",6,0,0,0,1,55.9243,-3.2722,17,"unknown","-","EH11",1
1.82884,553,1,,0,0,70,"United Kingdom","29/05/2009",6,0,0,1,1,55.5414,-4.67119,10,"retired","RETIRED","KA10",1
33.335,554,1,,0,0,69,"United Kingdom","29/05/2009",6,0,0,0,1,53.6479,-3.0063,10,"retired","RETIRED","PR",14
18.9049,555,1,,0,0,44,"United Kingdom","29/05/2009",6,0,0,0,5,57.5801,-3.88197,2,"health","MIDWIFE","IV12",24
4.49311,556,1,,0,0,45,"United Kingdom","29/05/2009",6,0,0,0,2,57.1581,-2.12924,2,"health","CARE HOME MANAGER","AB",21
30.8952,557,1,,0,0,55,"United Kingdom","29/05/2009",6,0,0,0,3,53.5159,-2.66933,8,"public","SOCIAL CARE WORKER","WN3",13
7.91416,558,1,,0,0,62,"United Kingdom","29/05/2009",6,0,0,1,2,53.6037,-2.3213,10,"retired","RETIRED","BL8",8
16.5968,559,1,,0,0,46,"United Kingdom","29/05/2009",6,0,0,0,3,55.903,-3.64107,6,"office","PHARMA SALES MANAGER","EH48",5
11.343,560,1,,0,0,48,"United Kingdom","29/05/2009",6,0,0,0,3,56.5657,-2.57123,2,"health","AMBULANCE CARE ASSISTANT","DD11",13
5.15252,561,1,,0,0,65,"United Kingdom","29/05/2009",6,0,0,0,2,55.3781,-3.43597,3,"home","HOUSEWIFE","-",3
24.9585,562,1,,0,0,75,"United Kingdom","29/05/2009",6,0,0,0,2,57.6944,-2.01595,10,"retired","RETIRED","AB43",57
6.28987,563,1,,0,0,77,"United Kingdom","29/05/2009",6,0,0,1,2,57.0627,-2.54275,10,"retired","RETIRED","AB31",5
42.3632,564,1,,0,0,69,"United Kingdom","29/05/2009",6,0,0,0,1,55.9696,-3.18513,10,"retired","RETIRED","EH6",250
5.02672,565,1,,1,0,80,"United Kingdom","29/05/2009",6,0,0,1,1,55.9117,-3.26406,10,"retired","RETIRED","EH13",2
6.57891,566,1,,0,0,87,"United Kingdom","29/05/2009",6,0,0,1,3,55.8806,-4.3507,10,"retired","RETIRED","G14",3
26.6144,567,1,,0,0,63,"United Kingdom","29/05/2009",6,0,0,1,2,55.8855,-4.36411,10,"retired","SEMI RETIRED","G14",18
7.50251,568,1,,0,0,41,"United Kingdom","29/05/2009",6,0,0,0,1,55.8619,-4.26572,8,"public","ARMY","G2",2
27.5663,569,1,,0,0,72,"United Kingdom","29/05/2009",6,0,0,1,4,55.8226,-4.22729,10,"retired","RETIRED","G73",8
1.67806,570,1,,1,0,72,"United Kingdom","08/06/2009",0,0,0,0,2,53.4556,-2.11574,10,"retired","RETIRED","M34",3
3.78651,571,1,,0,0,34,"United Kingdom","08/06/2009",0,0,0,0,2,53.5044,-2.32644,6,"office","MANAGER","M27",10
9.61248,572,1,,0,0,23,"United Kingdom","08/06/2009",0,0,0,0,2,53.2702,-2.82164,13,"student","STUDENT","CH2",3
16.3932,573,1,,1,0,69,"United Kingdom","08/06/2009",0,0,0,1,1,53.2939,-3.72541,10,"retired","RETIRED","LL29",7
1.91214,574,1,,0,0,92,"United Kingdom","08/06/2009",0,0,0,0,1,54.688,-1.62054,10,"retired","RETIRED","DL16",3
32.2002,575,1,,0,0,81,"United Kingdom","08/06/2009",0,0,0,0,2,55.0224,-1.43749,10,"retired","RETIRED","NE30",32
0.62385,576,1,,0,0,78,"United Kingdom","08/06/2009",0,0,0,1,1,53.4352,-2.70558,4,"labour","BRICKLAYER","WA9",3
42.1422,577,1,,0,0,83,"United Kingdom","08/06/2009",0,0,0,0,1,53.4756,-2.68195,3,"home","FAMILY HOME","WA11",456
9.62319,578,1,,0,0,65,"United Kingdom","08/06/2009",0,0,0,1,2,53.4478,-2.15641,4,"labour","BUILDER","SK5",11
14.4541,579,1,,1,0,41,"United Kingdom","08/06/2009",0,0,0,0,1,53.4333,-2.1702,6,"office","ADMINISTRATOR","SK4",7
17.227,580,1,,0,0,71,"United Kingdom","08/06/2009",0,0,0,1,2,53.4315,-2.9142,10,"retired","RETIRED","L12",14
18.4186,581,1,,0,0,52,"United Kingdom","08/06/2009",1,0,0,0,2,53.0044,-1.10713,2,"health","NURSE","NG5",21
22.3056,582,1,,0,0,63,"United Kingdom","08/06/2009",1,0,0,1,2,53.742,-1.36817,6,"office","MANAGER","WF10",24
13.8547,583,1,,0,0,75,"United Kingdom","08/06/2009",1,0,0,1,2,53.5524,-0.101546,10,"retired","RETIRED","DN34",7
36.8406,584,1,,0,0,50,"United Kingdom","08/06/2009",1,0,0,0,2,52.218,-1.03849,2,"health","NURSE","NN7",43
0.397111,585,1,,0,0,75,"United Kingdom","08/06/2009",1,0,0,0,1,52.9118,-1.04323,10,"retired","RETIRED","NG12",1
0.0126925,586,1,,0,0,84,"United Kingdom","08/06/2009",1,0,0,1,1,52.9449,-1.49058,10,"retired","RETIRED","DE22",1
37.3056,587,1,,0,0,33,"United Kingdom","08/06/2009",1,0,0,0,3,53.0161,-0.990931,12,"service","DISPENSER","NG14",62
39.7942,588,1,,1,0,72,"United Kingdom","08/06/2009",1,0,0,1,2,53.0557,-0.775652,10,"retired","RETIRED","NG24",70
1.74571,589,1,,0,0,78,"United Kingdom","08/06/2009",1,0,0,0,2,53.173,-1.42728,10,"retired","RETIRED","S45",9
21.6758,590,1,,0,0,47,"United Kingdom","08/06/2009",1,0,0,0,4,53.2349,-1.441,2,"health","OCCUPATIONAL THERAPIST","S40",11
8.32481,591,1,,0,0,67,"United Kingdom","08/06/2009",1,0,0,1,2,53.743,-1.59527,10,"retired","RETIRED","LS27",6
18.2286,592,1,,0,0,36,"United Kingdom","08/06/2009",1,0,0,0,3,53.8143,-1.67417,2,"health","PHYSIOTHERAPIST","LS28",30
43.8425,593,1,,0,0,18,"United Kingdom","08/06/2009",1,0,0,1,4,52.486,-0.7026,12,"service","BARMAN","NN17",71
12.2154,594,1,,0,0,67,"United Kingdom","08/06/2009",1,0,0,1,2,53.0926,-1.56927,10,"retired","RETIRED","DE4",163
38.776,595,1,,0,0,53,"United Kingdom","08/06/2009",1,0,0,0,2,53.1195,-1.35747,2,"health","DOCTOR'S ADMIN","DE55",18
8.41175,596,1,,0,0,58,"United Kingdom","08/06/2009",1,0,0,0,1,52.4262,-1.49434,14,"teaching","SCHOOL CLEANER","CV",8
31.0218,597,1,,0,0,75,"United Kingdom","08/06/2009",1,0,0,0,7,52.1867,-1.72379,12,"service","TRAINING/LANDLADY","CV37",44
36.0373,598,1,,0,0,45,"United Kingdom","08/06/2009",1,0,0,0,2,55.3781,-3.43597,12,"service","RETAIL ASSISTANT","-",14
21.2973,599,1,,0,0,49,"United Kingdom","08/06/2009",1,0,0,0,3,53.2619,-1.44657,14,"teaching","SCHOOL ADMIN OFFICER","S41",266
2.17102,600,1,,0,0,60,"United Kingdom","08/06/2009",1,0,0,1,2,55.3781,-3.43597,17,"unknown","-","-",2
35.8565,601,1,,0,0,49,"United Kingdom","08/06/2009",1,0,0,1,4,54.0279,-2.15214,6,"office","DIRECTOR","BD23",28
24.9549,602,1,,0,0,31,"United Kingdom","08/06/2009",1,0,0,0,2,53.3474,-1.47964,3,"home","HOUSEWIFE","S8",9
46.0289,603,1,,0,0,39,"United Kingdom","08/06/2009",1,0,0,0,5,52.5802,-1.14873,14,"teaching","TEACHER","LE2",167
8.45481,604,1,,0,0,80,"United Kingdom","08/06/2009",1,0,0,0,1,52.9752,-1.30591,3,"home","HOUSEWIFE","DE7",4
12.7373,605,1,,0,0,78,"United Kingdom","08/06/2009",1,0,0,0,2,53.2358,-1.43792,10,"retired","RETIRED","S40",6
41.9518,606,1,,0,0,32,"United Kingdom","08/06/2009",1,0,0,0,4,52.5884,-1.15001,3,"home","HOUSEWIFE/MOTHER","LE2",30
11.2384,607,1,,0,0,87,"United Kingdom","08/06/2009",1,0,0,1,2,53.1657,-0.419938,10,"retired","RETIRED","LN4",5
34.4061,608,1,,0,0,35,"United Kingdom","08/06/2009",1,0,0,0,4,53.4733,-1.05778,2,"health","PAEDIATRIC NURSE","DN11",16
16.8971,609,1,,0,0,43,"United Kingdom","08/06/2009",1,0,0,0,4,53.498,-0.31426,6,"office","ADMINISTRATOR","LN7",27
21.8403,610,1,,0,0,57,"United Kingdom","08/06/2009",1,0,0,1,1,53.5529,-0.516075,12,"service","DECORATOR","DN20",6
13.8374,611,1,,0,0,51,"United Kingdom","08/06/2009",2,0,0,0,3,52.2469,0.69305,6,"office","ADMIN ASSISTANT","IP33",6
13.8099,612,1,,0,0,68,"United Kingdom","08/06/2009",2,0,0,0,2,52.3976,-1.78731,10,"retired","RETIRED BIOMEDICAL SCIENTIST","B91",16
44.6494,613,1,,0,0,56,"United Kingdom","08/06/2009",2,0,0,0,2,52.4259,-1.94181,14,"teaching","ASSITANT TEACHING","B30",232
12.8434,614,1,,0,0,55,"United Kingdom","08/06/2009",2,0,0,0,2,52.3621,1.10311,12,"service","VENDING MACHINE OPERATOR","IP22",20
13.0667,615,1,,0,0,69,"United Kingdom","08/06/2009",2,0,0,0,1,51.9647,1.32521,10,"retired","RETIRED","IP11",7
17.475,616,1,,0,0,58,"United Kingdom","08/06/2009",2,0,0,1,2,52.1155,0.980805,5,"mechanic","ENGINEERING DIRECTOR","IP7",20
12.3126,617,1,,0,0,64,"United Kingdom","08/06/2009",2,0,0,0,2,52.3684,0.46774,10,"retired","RETIRED TEACHER","IP28",12
7.12397,618,1,,0,0,68,"United Kingdom","08/06/2009",2,0,0,0,2,52.6429,1.33347,10,"retired","RETIRED","NR7",2
21.3891,619,1,,1,0,78,"United Kingdom","08/06/2009",2,0,0,1,2,52.5734,1.11022,10,"retired","RETIRED TEACHER","NR18",25
17.0016,620,1,,0,0,61,"United Kingdom","08/06/2009",2,0,0,1,3,52.1169,1.15206,6,"office","SOLICITOR","IP6",7
15.0192,621,1,,0,0,56,"United Kingdom","08/06/2009",2,0,0,1,4,52.5388,-2.80632,6,"office","KEY ACCOUNT/MARKETING MANAGER","SY6",4
38.928,622,1,,0,0,73,"United Kingdom","08/06/2009",2,0,0,1,2,52.2457,-3.37703,10,"retired","RETIRED","LD1",70
18.2645,623,1,,0,0,35,"United Kingdom","08/06/2009",2,0,0,0,3,52.1782,1.00541,3,"home","MATERNITY LEAVE","IP14",5
14.7152,624,1,,0,0,66,"United Kingdom","08/06/2009",2,0,0,1,2,53.0312,-2.21919,10,"retired","RETIRED","ST5",3
39.9096,625,1,,0,0,28,"United Kingdom","08/06/2009",2,0,0,0,2,52.0517,1.17341,6,"office","ANALYST","IP3",46
6.98185,626,1,,0,0,55,"United Kingdom","08/06/2009",2,0,0,0,1,52.2178,0.164449,6,"office","ACCOUNTS","CB5",7
13.7231,627,1,,0,0,67,"United Kingdom","08/06/2009",2,0,0,0,1,52.1915,0.170117,6,"office","PUBLISHING","CB1",14
7.78755,628,1,,0,0,71,"United Kingdom","08/06/2009",2,0,0,1,2,51.8958,-0.529624,10,"retired","RETIRED","LU5",7
23.6329,629,1,,0,0,39,"United Kingdom","08/06/2009",2,0,0,1,2,55.3781,-3.43597,5,"mechanic","ENGINEER","-",13
22.1622,630,1,,1,0,79,"United Kingdom","08/06/2009",2,0,0,0,2,52.8183,1.38476,10,"retired","RETIRED","NR28",18
1.88185,631,1,,1,0,77,"United Kingdom","08/06/2009",2,0,0,1,1,52.6382,1.2784,10,"retired","RETIRED","NR2",8
4.14262,632,1,,0,0,51,"United Kingdom","08/06/2009",2,0,0,0,2,52.4546,0.310962,6,"office","MARKETING CONSULTANT","CB6",12
17.8065,633,1,,0,0,46,"United Kingdom","08/06/2009",2,0,0,0,3,51.8995,-0.466935,4,"labour","PRODUCTION WORKER","LU4",29
36.0855,634,1,,0,0,58,"United Kingdom","08/06/2009",2,0,0,0,1,52.6324,-1.67823,6,"office","CLERICAL/RETAIL","B77",94
21.188,635,1,,0,0,59,"United Kingdom","08/06/2009",2,0,0,0,5,52.483,1.70393,10,"retired","RETIRED","NR32",47
37.6822,636,1,,0,0,66,"United Kingdom","08/06/2009",2,0,0,0,1,52.8266,-2.13064,10,"retired","RETIRED","ST16",29
17.1581,637,1,,0,0,36,"United Kingdom","08/06/2009",2,0,0,0,4,52.5896,-1.80884,6,"office","ACCOUNTS MANAGER","B75",19
2.90971,638,1,,0,0,84,"United Kingdom","08/06/2009",2,0,0,0,1,52.5896,-1.80876,10,"retired","RETIRED CATERING MANAGERESS","B75",4
0.546407,639,1,,0,0,61,"United Kingdom","08/06/2009",2,0,0,1,1,52.5953,-1.84435,10,"retired","RETIRED TEACHER","B74",3
1.74705,640,1,,0,0,56,"United Kingdom","08/06/2009",2,0,0,0,2,52.2824,-1.96148,10,"retired","RETIRED","B97",3
27.4916,641,1,,0,0,55,"United Kingdom","08/06/2009",2,0,0,0,5,52.0777,-0.748691,12,"service","BEAUTY THERAPIST","MK14",20
18.9783,642,1,,0,0,17,"United Kingdom","08/06/2009",2,0,0,0,6,52.0776,-0.748702,13,"student","STUDENT","MK14",14
18.2191,643,1,,0,0,69,"United Kingdom","08/06/2009",2,0,0,1,3,52.1397,-0.436741,10,"retired","RETIRED ENGINEER","MK41",16
11.9193,644,1,,0,0,71,"United Kingdom","08/06/2009",2,0,0,0,2,51.8345,-0.100669,10,"retired","RETIRED","SG14",6
12.311,645,1,,0,0,54,"United Kingdom","08/06/2009",2,0,0,0,2,51.9893,-0.767414,8,"public","LIBRARIAN","MK3",11
6.01389,646,1,,0,0,59,"United Kingdom","08/06/2009",2,0,0,-1,2,51.9582,-0.256062,17,"unknown","ECOLOGICAL CONSULTANT","SG4",4
7.48262,647,1,,0,0,63,"United Kingdom","08/06/2009",2,0,0,1,2,51.9864,-0.086804,5,"mechanic","ENGINEER","SG9",6
21.5918,648,1,,0,0,61,"United Kingdom","08/06/2009",2,0,0,0,2,52.5622,-1.88905,6,"office","RECEPTIONIST","B74",33
8.87629,649,1,,0,0,62,"United Kingdom","08/06/2009",2,0,0,0,2,52.6389,1.36911,3,"home","HOUSEWIFE","NR7",35
0.1888,650,1,,0,0,65,"United Kingdom","08/06/2009",2,0,0,-1,1,52.2212,0.143026,10,"retired","RETIRED ACADEMIC","CB4",6
12.8729,651,1,,0,0,29,"United Kingdom","08/06/2009",2,0,0,0,2,55.3781,-3.43597,9,"research","SCIENTIST","-",5
15.7126,652,1,,0,0,38,"United Kingdom","08/06/2009",2,0,0,0,3,52.8597,1.25656,2,"health","DOCTOR","NR11",17
38.6674,653,1,,0,0,51,"United Kingdom","08/06/2009",2,0,0,0,4,52.4635,-2.06867,14,"teaching","LEARNING SUPPORT","B64",70
9.97298,654,1,,0,0,58,"United Kingdom","08/06/2009",2,0,0,0,3,52.0772,1.11386,2,"health","PRACTICE NURSE","IP1",47
35.5408,655,1,,0,0,42,"United Kingdom","08/06/2009",2,0,0,0,4,52.7827,-2.25609,14,"teaching","EDUCATION MANAGER","ST20",46
12.3758,656,1,,0,0,35,"United Kingdom","08/06/2009",2,0,0,1,1,52.1913,1.00152,6,"office","PURCHASING MANAGER","IP14",10
17.9104,657,1,,1,0,71,"United Kingdom","08/06/2009",2,0,0,1,2,52.9408,1.14516,10,"retired","RETIRED","NR25",22
4.8215,658,1,,0,0,69,"United Kingdom","08/06/2009",2,0,0,0,2,52.2519,1.25264,10,"retired","RETIRED","IP13",4
36.9323,659,1,,0,0,49,"United Kingdom","08/06/2009",2,0,0,0,4,52.4303,0.237527,14,"teaching","TEACHING ASSISTANT","CB6",63
6.17511,660,1,,0,0,65,"United Kingdom","08/06/2009",2,0,0,1,1,52.5626,-1.8891,10,"retired","RETIRED","B74",7
44.1646,661,1,,0,0,45,"United Kingdom","08/06/2009",2,0,0,0,3,52.4395,-1.80121,6,"office","TRAINING CONSULTANT","B92",46
39.5173,662,1,,0,0,27,"United Kingdom","08/06/2009",2,0,0,0,2,51.6454,-1.16654,2,"health","PSYCHOLOGIST","OX",16
19.9218,663,1,,0,0,66,"United Kingdom","08/06/2009",2,0,0,0,2,55.3781,-3.43597,6,"office","PART TIME ACCOUNTS","-",6
15.5697,664,1,,0,0,62,"United Kingdom","08/06/2009",2,0,0,0,2,53.004,-2.28767,10,"retired","RETIRED","ST5",9
1.6513,665,1,,1,0,80,"United Kingdom","08/06/2009",2,0,0,0,1,52.5765,-2.13579,10,"retired","RETIRED","WV3",2
7.49377,666,1,,1,0,65,"United Kingdom","08/06/2009",2,0,0,0,2,52.9066,-1.87681,10,"retired","RETIRED","ST14",5
40.7652,667,1,,1,0,51,"United Kingdom","08/06/2009",2,0,0,0,4,51.789,-0.069516,3,"home","HOUSEWIFE","SG13",42
9.53496,668,1,,0,0,42,"United Kingdom","08/06/2009",2,0,0,0,3,52.4571,1.71916,16,"unemployed","UNEMPLOYED","NR33",3
42.0357,669,1,,0,0,55,"United Kingdom","08/06/2009",2,0,0,0,2,52.719,-2.0174,6,"office","CIVIL SERVANT","WS12",27
36.5276,670,1,,0,0,62,"United Kingdom","08/06/2009",2,0,0,1,2,52.1263,-0.28407,6,"office","TRAINING OFFICER","SG19",12
39.6051,671,1,,0,0,53,"United Kingdom","08/06/2009",2,0,0,1,4,52.0397,-0.731982,5,"mechanic","CIVIL ENGINEER","MK6",22
3.26055,672,1,,0,0,43,"United Kingdom","08/06/2009",2,0,0,1,2,52.6942,0.29523,6,"office","DIRECTOR","PE34",25
13.1908,673,1,,0,0,63,"United Kingdom","08/06/2009",2,0,0,0,1,52.66,-2.03932,10,"retired","RETIRED","WS6",9
37.2115,674,1,,0,0,63,"United Kingdom","08/06/2009",2,0,0,0,2,52.9064,-1.87671,14,"teaching","TEACHER","ST14",145
21.641,675,1,,0,0,69,"United Kingdom","08/06/2009",2,0,0,0,1,55.3781,-3.43597,10,"retired","RETIRED","-",44
0.625304,676,1,,0,0,73,"United Kingdom","08/06/2009",2,0,0,0,1,52.6708,-0.291407,10,"retired","RETIRED","PE6",3
13.7205,677,1,,0,0,42,"United Kingdom","08/06/2009",2,0,0,1,1,52.052,-1.34782,14,"teaching","TEACHER","OX16",7
32.3104,678,1,,0,0,27,"United Kingdom","08/06/2009",2,0,0,1,2,53.0055,-2.1914,8,"public","LOCAL AUTHORITY OFFICER","ST4",31
30.3901,679,1,,0,0,38,"United Kingdom","08/06/2009",2,0,0,0,1,52.0217,-1.27199,12,"service","SALES","OX17",14
36.4582,680,1,,0,0,72,"United Kingdom","08/06/2009",2,0,0,1,2,51.7658,-1.2687,10,"retired","RETIRED LIBRARIAN","OX2",85
14.5356,681,1,,0,0,61,"United Kingdom","08/06/2009",2,0,0,0,1,52.3953,-2.24409,17,"unknown","-","DY10",7
37.5313,682,1,,0,0,36,"United Kingdom","08/06/2009",2,0,0,1,4,52.5045,-1.90724,8,"public","SECURITY","B19",44
7.1819,683,1,,0,0,61,"United Kingdom","08/06/2009",2,0,0,1,3,52.6424,1.54544,12,"service","DRIVING INSTRUCTOR","NR13",4
2.66771,684,1,,0,0,54,"United Kingdom","08/06/2009",2,0,0,1,2,52.4393,-2.16831,10,"retired","RETIRED","DY8",9
0.141894,685,1,,1,0,86,"United Kingdom","08/06/2009",2,0,0,1,1,52.8811,-0.180444,10,"retired","RETIRED","PE11",2
0.594825,686,1,,0,0,63,"United Kingdom","08/06/2009",2,0,0,1,1,52.6511,-0.483642,10,"retired","RETIRED","PE9",5
9.6948,687,1,,0,0,60,"United Kingdom","08/06/2009",2,0,0,0,2,52.7933,-2.11166,3,"home","HOUSEWIFE","ST17",7
37.9501,688,1,,1,0,44,"United Kingdom","08/06/2009",2,0,0,0,2,52.5211,-1.83422,16,"unemployed","UNEMPLOYED","B24",29
22.0914,689,1,,0,0,67,"United Kingdom","08/06/2009",2,0,0,0,2,52.0729,-0.599939,10,"retired","RETIRED","MK43",47
13.1702,690,1,,0,0,74,"United Kingdom","08/06/2009",2,0,0,0,2,52.018,-1.31189,10,"retired","RETIRED","OX17",13
9.19239,691,1,,1,0,79,"United Kingdom","08/06/2009",2,0,0,0,2,52.6324,1.1885,3,"home","HOUSEWIFE","NR95",5
24.2023,692,1,,0,0,79,"United Kingdom","08/06/2009",2,0,0,1,5,52.0366,1.13027,10,"retired","RETIRED","IP2",6
24.775,693,1,,0,0,39,"United Kingdom","08/06/2009",2,0,0,0,4,52.4769,-2.14602,12,"service","GARDENER","DY8",16
39.0996,694,1,,0,0,36,"United Kingdom","08/06/2009",2,0,0,1,4,51.8572,-0.116987,9,"research","SCIENTIST","SG14",27
3.12323,695,1,,0,0,43,"United Kingdom","08/06/2009",2,0,0,0,2,52.3577,-3.94609,13,"student","STUDENT","SY23",3
24.2314,696,1,,0,0,40,"United Kingdom","08/06/2009",2,0,0,0,4,52.6815,-2.03167,3,"home","HOUSEWIFE","WS11",16
0.533439,697,1,,0,0,64,"United Kingdom","08/06/2009",2,0,0,0,2,52.5913,-0.216875,10,"retired","RETIRED","PE1",5
2.82211,698,1,,0,0,86,"United Kingdom","08/06/2009",2,0,0,1,1,51.9358,-3.52816,10,"retired","RETIRED","LD3",6
0.582304,699,1,,0,0,78,"United Kingdom","08/06/2009",2,0,0,0,1,52.5725,-0.249889,10,"retired","RETIRED","PE3",1
22.2378,700,1,,0,0,34,"United Kingdom","08/06/2009",2,0,0,0,2,52.5737,-1.96399,6,"office","IT CONSULTANT","WS1",7
7.05972,701,1,,0,0,69,"United Kingdom","08/06/2009",3,0,0,1,2,51.7222,-0.61829,10,"retired","RETIRED","HP5",7
4.34179,702,1,,0,0,63,"United Kingdom","08/06/2009",3,0,0,0,2,51.7722,-0.936964,10,"retired","RETIRED","HP17",2
12.9706,703,1,,0,0,50,"United Kingdom","08/06/2009",2,0,0,1,1,52.138,-0.446192,6,"office","ATTRIBUTION CLERK","MK40",13
4.68664,704,1,,0,0,70,"United Kingdom","08/06/2009",2,0,0,0,2,52.6569,-2.01631,10,"retired","RETIRED","WS6",3
10.8552,705,1,,0,0,55,"United Kingdom","08/06/2009",2,0,0,0,2,52.7827,-2.25609,10,"retired","RETIRED","ST20",36
7.64315,706,1,,0,0,65,"United Kingdom","08/06/2009",2,0,0,0,2,52.8183,1.38476,10,"retired","RETIRED","NR28",18
9.8859,707,1,,0,0,37,"United Kingdom","08/06/2009",2,0,0,0,4,52.6756,-0.160308,3,"home","HOUSEWIFE","PE6",13
16.683,708,1,,0,0,65,"United Kingdom","08/06/2009",2,0,0,1,2,51.9582,-0.256117,10,"retired","RETIRED","SG4",53
40.6707,709,1,,0,0,71,"United Kingdom","08/06/2009",2,0,0,0,1,52.9747,-0.029124,10,"retired","RETIRED","PE21",28
0.614196,710,1,,0,0,83,"United Kingdom","08/06/2009",2,0,0,1,2,52.5921,-1.96257,10,"retired","RETIRED","WS4",3
1.39504,711,1,,0,0,60,"United Kingdom","08/06/2009",2,0,0,0,2,52.1929,-0.206874,3,"home","HOUSEWIFE","PE19",4
8.60205,712,1,,0,0,75,"United Kingdom","08/06/2009",2,0,0,0,1,52.6756,0.157416,10,"retired","RETIRED","PE13",2
28.1829,713,1,,0,0,56,"United Kingdom","08/06/2009",2,0,0,0,2,52.7529,0.411462,6,"office","CIVIL SERVANT","PE30",17
16.8888,714,1,,0,0,42,"United Kingdom","08/06/2009",2,0,0,0,3,52.1942,-0.201119,12,"service","EVENT MANAGER","PE19",10
24.6092,715,1,,0,0,79,"United Kingdom","08/06/2009",2,0,0,1,1,51.5691,-1.14706,10,"retired","RETIRED","OX10",29
3.95813,716,1,,0,0,63,"United Kingdom","08/06/2009",3,0,0,0,2,51.4926,0.061289,10,"retired","RETIRED","SE18",1
32.614,717,1,,0,0,37,"United Kingdom","08/06/2009",3,0,0,0,2,51.7152,0.378549,8,"public","FOOTBALL DEVELOPMENT OFFICER","CM1",12
12.5118,718,1,,0,0,45,"United Kingdom","08/06/2009",3,0,0,0,5,51.4658,-0.0185,3,"home","FOSTER CARER","SE13",25
8.58118,719,1,,0,0,65,"United Kingdom","08/06/2009",3,0,0,1,1,51.2868,0.286208,10,"retired","RETIRED","TN15",5
24.5555,720,1,,0,0,84,"United Kingdom","08/06/2009",3,0,0,1,2,51.8993,-0.159046,10,"retired","RETIRED SOLICITOR","SG3",11
9.30609,721,1,,0,0,-1,"United Kingdom","08/06/2009",3,0,0,-1,-1,55.3781,-3.43597,17,"unknown","-","-",13
3.03305,722,1,,0,0,69,"United Kingdom","08/06/2009",3,0,0,0,2,51.8419,-0.194839,10,"retired","RETIRED","AL6",5
17.3766,723,1,,0,0,77,"United Kingdom","08/06/2009",3,0,0,0,1,51.0844,1.17795,10,"retired","RETIRED","CT20",50
21.6628,724,1,,0,0,29,"United Kingdom","08/06/2009",3,0,0,0,4,51.4375,-0.088414,6,"office","MARKETING","SE21",14
3.22233,725,1,,1,0,71,"United Kingdom","08/06/2009",3,0,0,1,2,51.3014,1.12355,10,"retired","RETIRED","CT2",6
7.75786,726,1,,0,0,71,"United Kingdom","08/06/2009",3,0,0,0,1,50.9868,0.94648,2,"health","SUPPORT CARER","TN28",5
34.9171,727,1,,0,0,56,"United Kingdom","08/06/2009",3,0,0,0,2,51.0513,0.151902,12,"service","HOUSE CLEANER","TN6",11
38.2503,728,1,,0,0,11,"United Kingdom","08/06/2009",3,0,0,0,4,51.2108,0.303086,11,"schoolchild","PUPIL","TN10",55
9.78216,729,1,,0,0,55,"United Kingdom","08/06/2009",3,0,0,1,2,51.1606,0.888884,17,"unknown","-","TN24",7
9.94135,730,1,,1,0,78,"United Kingdom","08/06/2009",3,0,0,1,2,51.0511,0.15263,10,"retired","RETIRED","TN6",25
1.16408,731,1,,0,0,70,"United Kingdom","08/06/2009",3,0,0,0,1,51.1293,0.756475,10,"retired","RETIRED","TN26",9
22.0815,732,1,,0,0,62,"United Kingdom","08/06/2009",3,0,0,0,2,51.3781,0.358693,10,"retired","RETIRED","DA13",15
38.7175,733,1,,0,0,72,"United Kingdom","08/06/2009",3,0,0,0,2,51.5498,-2.42135,10,"retired","RETIRED","BT6",33
38.2566,734,1,,0,0,40,"United Kingdom","08/06/2009",3,0,0,0,4,51.6019,0.180741,12,"service","SUPERMARKET ASSISTANT","RM1",9
10.0916,735,1,,0,0,53,"United Kingdom","08/06/2009",3,0,0,1,2,50.8547,0.55957,2,"health","OPTOMETRIST","TN37",20
16.1951,736,1,,0,0,57,"United Kingdom","08/06/2009",3,0,0,1,2,51.7649,-0.464066,12,"service","SAME DAY COURIER","HP2",69
23.5349,737,1,,0,0,55,"United Kingdom","08/06/2009",3,0,0,1,2,51.5695,0.544513,6,"office","INTERNET SALES","SS7",5
15.8491,738,1,,0,0,58,"United Kingdom","08/06/2009",3,0,0,0,2,51.6675,-0.561894,3,"home","HOUSEWIFE","HP7",8
18.9278,739,1,,0,0,25,"United Kingdom","08/06/2009",3,0,0,0,2,51.582,-0.001093,17,"unknown","-","E17",8
12.4803,740,1,,0,0,71,"United Kingdom","08/06/2009",3,0,0,1,2,51.4627,-0.262447,10,"retired","RETIRED","SW14",20
19.4566,741,1,,1,0,56,"United Kingdom","08/06/2009",3,0,0,0,2,51.8116,-0.826624,14,"teaching","TEACHER","HP21",93
0.0576279,742,1,,0,0,58,"United Kingdom","08/06/2009",3,0,0,1,1,51.6273,-0.734832,10,"retired","RETIRED","HP13",1
17.5786,743,1,,0,0,68,"United Kingdom","08/06/2009",3,0,0,0,2,51.667,-0.55949,10,"retired","RETIRED","HP7",100
8.58209,744,1,,0,0,65,"United Kingdom","08/06/2009",3,0,0,0,1,51.8049,-0.784994,10,"retired","RETIRED TEACHER","HP21",11
4.04668,745,1,,0,0,65,"United Kingdom","08/06/2009",3,0,0,1,2,51.5554,-0.13513,10,"retired","RETIRED UNIVERSITY PROFESSOR","N19",4
31.4873,746,1,,0,0,44,"United Kingdom","08/06/2009",3,0,0,0,1,51.5547,0.06445,6,"office","CIVIL SERVANT","E12",16
7.46091,747,1,,0,0,72,"United Kingdom","08/06/2009",3,0,0,0,2,51.5531,0.627347,10,"retired","RETIRED","SS9",6
40.6939,748,1,,0,0,54,"United Kingdom","08/06/2009",3,0,0,0,2,51.5643,0.638785,6,"office","COMPANY SECRETARY","SS9",11
35.7948,749,1,,0,0,61,"United Kingdom","08/06/2009",3,0,0,1,2,51.5689,0.544537,6,"office","SELF-EMPLOYED FINANCE","SS7",19
3.6401,750,1,,0,0,61,"United Kingdom","08/06/2009",3,0,0,0,2,55.3781,-3.43597,10,"retired","RETIRED","-",6
20.6641,751,1,,0,0,44,"United Kingdom","08/06/2009",3,0,0,0,4,51.8019,1.15339,6,"office","ADMINISTRATOR","CO15",12
5.51527,752,1,,0,0,66,"United Kingdom","08/06/2009",3,0,0,0,2,52.0386,0.73439,10,"retired","RETIRED","CO10",31
24.193,753,1,,0,0,57,"United Kingdom","08/06/2009",3,0,0,0,2,51.7395,0.695502,14,"teaching","PART TIME TEACHING ASSISTANT","CM9",14
9.19411,754,1,,0,0,73,"United Kingdom","08/06/2009",3,0,0,1,2,51.7791,0.595465,10,"retired","RETIRED","CM3",7
32.8694,755,1,,0,0,37,"United Kingdom","08/06/2009",3,0,0,1,1,51.4165,-0.06201,6,"office","MARKETING MANAGER","SE20",47
22.1518,756,1,,0,0,62,"United Kingdom","08/06/2009",3,0,0,0,3,51.6706,-0.587299,10,"retired","RETIRED","HP7",10
22.5169,757,1,,0,0,69,"United Kingdom","08/06/2009",3,0,0,0,2,51.6885,-0.702211,10,"retired","RETIRED","HP16",15
5.12683,758,1,,0,0,63,"United Kingdom","08/06/2009",3,0,0,1,2,51.6883,-0.702825,10,"retired","RETIRED","HP16",1
26.6742,759,1,,0,0,50,"United Kingdom","08/06/2009",3,0,0,1,3,51.7758,0.078207,8,"public","POLICE OFFICER","CM20",42
9.53811,760,1,,0,0,71,"United Kingdom","08/06/2009",3,0,0,0,2,51.9015,0.928253,10,"retired","RETIRED","CO4",1
12.149,761,1,,0,0,47,"United Kingdom","08/06/2009",3,0,0,0,2,51.6872,0.658279,16,"unemployed","UNEMPLOYED","CM3",10
22.5992,762,1,,0,0,81,"United Kingdom","08/06/2009",3,0,0,1,1,51.9321,1.26331,10,"retired","RETIRED","CO12",8
1.11116,763,1,,0,0,41,"United Kingdom","08/06/2009",3,0,0,0,3,51.6149,-0.162411,3,"home","HOUSEWIFE","N12",10
9.03665,764,1,,0,0,37,"United Kingdom","08/06/2009",3,0,0,0,2,51.4552,-0.091605,6,"office","BUYER","SE24",12
4.93052,765,1,,0,0,47,"United Kingdom","08/06/2009",3,0,0,0,4,51.6615,-0.17758,12,"service","GARDENER","EN4",6
11.7299,766,1,,0,0,71,"United Kingdom","08/06/2009",3,0,0,0,2,51.6885,-0.702211,10,"retired","RETIRED","HP16",7
8.99762,767,1,,0,0,70,"United Kingdom","08/06/2009",3,0,0,1,3,51.7519,-0.546644,10,"retired","RETIRED","HP4",11
20.8705,768,1,,0,0,59,"United Kingdom","08/06/2009",3,0,0,0,3,51.7783,-0.442757,3,"home","HOUSEWIFE","HP2",10
4.83071,769,1,,0,0,62,"United Kingdom","08/06/2009",3,0,0,1,2,51.6885,-0.702211,10,"retired","RETIRED","HP16",10
40.7926,770,1,,1,0,58,"United Kingdom","08/06/2009",3,0,0,0,3,51.8672,0.886468,17,"unknown","CONSULTANT","CO2",16
0.0948188,771,1,,1,0,78,"United Kingdom","08/06/2009",3,0,0,0,1,51.684,-0.326474,10,"retired","R.S.C.N. RETIRED","WD7",4
8.2627,772,1,,0,0,78,"United Kingdom","08/06/2009",3,0,0,0,2,51.6995,-0.211768,3,"home","HOUSEWIFE AND CARER","EN6",6
37.0097,773,1,,0,0,74,"United Kingdom","08/06/2009",3,0,0,1,2,51.7641,-0.742464,10,"retired","RETIRED","HP22",10
0.0241539,774,1,,0,0,65,"United Kingdom","08/06/2009",3,0,0,0,1,51.4935,-0.1147,10,"retired","RETIRED","SE11",1
11.5716,775,1,,0,0,60,"United Kingdom","08/06/2009",3,0,0,1,2,51.4618,-0.262984,6,"office","MANAGEMENT CONSULTANT","SW14",5
20.4644,776,1,,0,0,33,"United Kingdom","08/06/2009",3,0,0,0,2,51.47,-0.24976,14,"teaching","TEACHER","SW13",65
31.132,777,1,,0,0,63,"United Kingdom","08/06/2009",3,0,0,0,2,51.8696,0.579319,8,"public","SCHEME MANAGER SHELTERED HOUSING","CM7",26
0.708529,778,1,,0,0,60,"United Kingdom","08/06/2009",3,0,0,1,1,51.7514,0.081433,10,"retired","RETIRED","CM19",2
20.0583,779,1,,0,0,73,"United Kingdom","08/06/2009",3,0,0,1,2,52.0398,0.53186,10,"retired","RETIRED","CO9",15
16.0904,780,1,,0,0,61,"United Kingdom","08/06/2009",3,0,0,1,2,51.7518,0.080804,10,"retired","RETIRED","CM19",7
20.7854,781,1,,0,0,40,"United Kingdom","08/06/2009",3,0,0,0,2,51.6418,0.433565,12,"service","VETERINARIAN","CM11",42
28.083,782,1,,0,0,50,"United Kingdom","08/06/2009",3,0,0,0,3,51.865,0.365774,14,"teaching","TEACHER ASSISTANT","CM6",31
24.6303,783,1,,1,0,67,"United Kingdom","08/06/2009",3,0,0,0,1,51.944,1.05342,17,"unknown","LANDLORD","CO11",27
15.4258,784,1,,0,0,45,"United Kingdom","08/06/2009",3,0,0,0,5,51.8614,0.162105,3,"home","HOUSEWIFE","CM23",7
37.099,785,1,,0,0,61,"United Kingdom","08/06/2009",3,0,0,0,2,51.8237,0.153389,10,"retired","RETIRED","CM21",181
28.7679,786,1,,0,0,59,"United Kingdom","08/06/2009",3,0,0,1,2,51.7266,0.07914,10,"retired","RETIRED","CM16",9
0.637142,787,1,,0,0,66,"United Kingdom","08/06/2009",3,0,0,1,1,51.7235,0.478917,10,"retired","RETIRED","CM2",4
8.18906,788,1,,0,0,65,"United Kingdom","08/06/2009",3,0,0,0,2,51.6944,0.106961,6,"office","PART TIME SECRETARY","CM16",44
2.18444,789,1,,0,0,70,"United Kingdom","08/06/2009",3,0,0,1,2,51.5889,0.160103,10,"retired","PENSIONER","RM7",2
7.5702,790,1,,0,0,70,"United Kingdom","08/06/2009",3,0,0,1,2,51.6945,0.107056,10,"retired","RETIRED","CM16",2
12.1149,791,1,,0,0,63,"United Kingdom","08/06/2009",3,0,0,0,1,51.4548,-0.13191,9,"research","LECTURER","SW4",10
27.331,792,1,,0,0,54,"United Kingdom","08/06/2009",3,0,0,0,1,51.4279,-0.049349,6,"office","MANAGER","SE26",41
12.3912,793,1,,0,0,52,"United Kingdom","08/06/2009",3,0,0,0,3,51.825,-0.350965,3,"home","HOUSEWIFE","AL5",8
10.2929,794,1,,0,0,61,"United Kingdom","08/06/2009",3,0,0,1,2,51.6332,0.355838,17,"unknown","JOURNALIST","CM13",4
42.6494,795,1,,0,0,49,"United Kingdom","08/06/2009",3,0,0,0,6,51.5475,0.729279,14,"teaching","PA TO HEAD TEACHER","SS2",938
36.068,796,1,,0,0,62,"United Kingdom","08/06/2009",3,0,0,0,2,51.8113,-0.788438,10,"retired","RETIRED","HP21",44
16.89,797,1,,0,0,30,"United Kingdom","08/06/2009",3,0,0,1,3,51.4649,0.08777,6,"office","INSURANCE MANAGER","DA16",14
0.0729537,798,1,,0,0,66,"United Kingdom","08/06/2009",3,0,0,1,1,51.7722,-0.600489,10,"retired","RETIRED","HP4",2
15.3338,799,1,,0,0,74,"United Kingdom","08/06/2009",3,0,0,0,2,51.8561,0.99876,10,"retired","RETIRED","CO7",34
32.9547,800,1,,0,0,8,"United Kingdom","08/06/2009",3,0,0,0,4,51.2105,0.303068,11,"schoolchild","PUPIL","TN10",40
11.2095,801,1,,0,0,64,"United Kingdom","08/06/2009",3,0,0,0,2,51.0999,0.391085,10,"retired","RETIRED","TN3",10
13.9181,802,1,,0,0,63,"United Kingdom","08/06/2009",3,0,0,1,2,51.72,-0.30035,10,"retired","RETIRED","AL2",5
27.2507,803,1,,0,0,43,"United Kingdom","08/06/2009",3,0,0,1,4,51.8688,0.579388,16,"unemployed","UNEMPLOYED","CM7",7
7.59861,804,1,,0,0,81,"United Kingdom","08/06/2009",3,0,0,0,2,51.6229,0.327364,10,"retired","RETIRED","CM13",6
27.288,805,1,,0,0,42,"United Kingdom","08/06/2009",3,0,0,1,3,51.3563,0.73571,9,"research","LAB ASSISTANT","ME10",11
4.41179,806,1,,0,0,79,"United Kingdom","08/06/2009",3,0,0,1,2,51.7492,0.502055,10,"retired","RETIRED","CM1",1
39.4146,807,1,,0,0,32,"United Kingdom","08/06/2009",3,0,0,1,1,51.4915,-0.19485,6,"office","SOLICITOR","SW5",79
3.99757,808,1,,0,0,62,"United Kingdom","08/06/2009",3,0,0,0,1,51.6085,0.661687,10,"retired","RETIRED","SS5",23
8.09285,809,1,,1,0,80,"United Kingdom","08/06/2009",3,0,0,0,1,51.4487,-0.051323,10,"retired","RETIRED","SE23",3
19.9317,810,1,,0,0,50,"United Kingdom","08/06/2009",3,0,0,0,1,51.5049,-0.034672,2,"health","WARD CLERK","SE16",30
34.229,811,1,,0,0,22,"United Kingdom","08/06/2009",3,0,0,0,2,51.4643,-0.042818,6,"office","GRADUATE MANAGER","SE4",17
44.2208,812,1,,0,0,29,"United Kingdom","08/06/2009",3,0,0,0,5,51.3557,0.716515,3,"home","HOUSE MUM","ME10",41
39.7431,813,1,,0,0,42,"United Kingdom","08/06/2009",3,0,0,0,1,51.4169,0.127771,2,"health","NHS MANAGER","DA14",18
19.3584,814,1,,0,0,35,"United Kingdom","08/06/2009",3,0,0,0,4,55.3781,-3.43597,3,"home","HOUSEWIFE","-",17
23.6915,815,1,,0,0,45,"United Kingdom","08/06/2009",3,0,0,0,4,51.4165,-0.06201,8,"public","SUPPORT WORKER","SE20",59
28.8641,816,1,,0,0,34,"United Kingdom","08/06/2009",3,0,0,0,2,51.5721,-0.00076,6,"office","THEATRE ADMINISTRATOR","E11",44
37.9767,817,1,,0,0,53,"United Kingdom","08/06/2009",3,0,0,0,4,51.4427,-0.008658,12,"service","VET","SE6",117
36.0561,818,1,,0,0,30,"United Kingdom","08/06/2009",3,0,0,1,4,51.4446,-0.23783,6,"office","ACCOUNTANT","SW15",22
1.29199,819,1,,0,0,79,"United Kingdom","08/06/2009",3,0,0,1,2,51.3189,0.893187,10,"retired","RETIRED","ME13",4
19.9236,820,1,,0,0,43,"United Kingdom","08/06/2009",3,0,0,0,4,55.3781,-3.43597,12,"service","SALES ASSISTANT","-",8
35.6432,821,1,,0,0,42,"United Kingdom","08/06/2009",3,0,0,0,4,51.3688,0.508165,3,"home","HOUSEWIFE","ME1",45
36.9475,822,1,,0,0,57,"United Kingdom","08/06/2009",3,0,0,0,1,51.3562,1.0611,12,"service","PUBLICAN","CT5",77
10.6756,823,1,,0,0,39,"United Kingdom","08/06/2009",3,0,0,0,4,51.3597,1.02448,3,"home","HOUSEWIFE","CT5",12
7.29662,824,1,,0,0,71,"United Kingdom","08/06/2009",3,0,0,1,2,51.0747,1.06969,10,"retired","RETIRED","CT21",6
0.918257,825,1,,0,0,66,"United Kingdom","08/06/2009",3,0,0,0,2,51.3189,0.893187,10,"retired","RETIRED","ME13",5
36.5515,826,1,,0,0,36,"United Kingdom","08/06/2009",3,0,0,0,4,51.3356,1.39221,3,"home","HOUSEWIFE/MOTHER","CT11",30
5.24571,827,1,,0,0,61,"United Kingdom","08/06/2009",3,0,0,1,2,51.3126,0.88662,10,"retired","RETIRED TOWN PLANNER","ME13",5
4.70936,828,1,,0,0,21,"United Kingdom","08/06/2009",3,0,0,1,3,51.556,-0.075941,13,"student","STUDENT","N16",11
12.7995,829,1,,0,0,78,"United Kingdom","08/06/2009",3,0,0,1,2,51.5938,-0.149805,10,"retired","RETIRED","N10",4
2.84803,830,1,,0,0,69,"United Kingdom","08/06/2009",3,0,0,1,1,51.5979,-0.177258,10,"retired","RETIRED ADMIN","N2",9
39.3717,831,1,,0,0,55,"United Kingdom","08/06/2009",4,0,0,1,4,50.9826,-1.35243,6,"office","COMPANY DIRECTOR","SO50",34
0.302579,832,1,,0,0,77,"United Kingdom","08/06/2009",4,0,0,0,1,51.4121,-0.18012,10,"retired","RETIRED","SW19",3
0.0160709,833,1,,0,0,58,"United Kingdom","08/06/2009",4,0,0,1,1,50.9705,-1.59037,17,"unknown","-","SO51",1
35.6973,834,1,,1,0,63,"United Kingdom","08/06/2009",4,0,0,1,2,51.5697,-0.35382,12,"service","POSTMAN","HA2",188
24.4961,835,1,,0,0,41,"United Kingdom","08/06/2009",4,0,0,0,2,51.0631,-1.31681,6,"office","ACCOUNTS CLERK","SO23",12
7.48514,836,1,,0,0,65,"United Kingdom","08/06/2009",4,0,0,1,2,50.5652,-2.44653,10,"retired","RETIRED","DT5",6
10.3225,837,1,,0,0,48,"United Kingdom","08/06/2009",4,0,0,0,3,51.4878,-0.258734,2,"health","TELE NURSE","W4",39
36.96,838,1,,0,0,54,"United Kingdom","08/06/2009",4,0,0,0,2,51.3231,-0.530538,14,"teaching","SCHOOL ADMIN","GU22",281
19.591,839,1,,0,0,66,"United Kingdom","08/06/2009",4,0,0,1,2,55.3781,-3.43597,17,"unknown","PROFESSIONAL","-",25
13.8688,840,1,,0,0,89,"United Kingdom","08/06/2009",4,0,0,1,1,50.8059,-0.427814,10,"retired","RETIRED","BN12",10
16.5082,841,1,,1,0,79,"United Kingdom","08/06/2009",4,0,0,0,1,55.8879,-4.23655,10,"retired","RETIRED","G22",15
18.7809,842,1,,0,0,68,"United Kingdom","08/06/2009",4,0,0,0,2,51.3492,-0.259815,10,"retired","RETIRED","KT19",6
15.8931,843,1,,0,0,57,"United Kingdom","08/06/2009",4,0,0,0,1,50.9967,-0.102047,6,"office","ASSISTANT MANAGER","RH16",9
5.12345,844,1,,0,0,-1,"United Kingdom","08/06/2009",4,0,0,-1,2,50.8285,-0.134429,17,"unknown","-","BN2",7
12.0392,845,1,,0,0,30,"United Kingdom","08/06/2009",4,0,0,0,2,50.8285,-0.134429,3,"home","HOMEMAKER","BN2",4
32.8977,846,1,,0,0,30,"United Kingdom","08/06/2009",5,0,0,1,2,55.3781,-3.43597,4,"labour","CRANE OPERATOR","-",13
11.9011,847,1,,0,0,30,"United Kingdom","08/06/2009",5,0,0,0,3,50.2451,-5.21387,2,"health","DOCTOR","TR15",270
35.5926,848,1,,0,0,50,"United Kingdom","08/06/2009",5,0,0,0,2,50.7308,-1.83251,14,"teaching","TUTOR","BH7",26
5.83458,849,1,,0,0,91,"United Kingdom","08/06/2009",5,0,0,0,1,50.7145,-1.98674,10,"retired","RETIRED","BH15",2
3.92424,850,1,,0,0,89,"United Kingdom","08/06/2009",5,0,0,1,2,51.9897,-1.70328,10,"retired","RETIRED EXECUTIVE","GL56",7
38.9084,851,1,,1,0,78,"United Kingdom","08/06/2009",5,0,0,1,2,51.3941,-3.30291,10,"retired","RETIRED","CF62",19
37.2744,852,1,,0,0,48,"United Kingdom","08/06/2009",5,0,0,1,6,51.5091,-3.16962,17,"unknown","-","CF23",30
19.262,853,1,,0,0,61,"United Kingdom","08/06/2009",5,0,0,1,2,51.5811,-3.2105,12,"service","CATERER","CF83",318
5.23287,854,1,,0,0,49,"United Kingdom","08/06/2009",5,0,0,0,4,50.5289,-3.60795,3,"home","HOUSEWIFE","TQ12",7
41.524,855,1,,0,0,57,"United Kingdom","08/06/2009",5,0,0,0,2,51.4304,-2.76068,14,"teaching","EDUCATION OFFICER","BS48",15
1.32658,856,1,,0,0,94,"United Kingdom","08/06/2009",6,0,0,0,1,55.7712,-4.16753,10,"retired","RETIRED","G74",1
10.7081,857,1,,0,0,67,"United Kingdom","08/06/2009",6,0,0,1,3,53.8962,-2.76552,10,"retired","PENSIONER","PR3",5
2.50606,858,1,,0,0,78,"United Kingdom","08/06/2009",6,0,0,1,1,55.7712,-4.02377,10,"retired","RETIRED","ML3",1
0.880209,859,1,,0,0,27,"United Kingdom","08/06/2009",6,0,0,0,2,53.7571,-2.68192,6,"office","GRAPHIC DESIGNER","PR1",1
1.57176,860,1,,0,0,62,"United Kingdom","08/06/2009",4,0,0,0,1,51.4318,0.000313,10,"retired","RETIRED","BR1",12
19.4062,861,1,,0,0,66,"United Kingdom","08/06/2009",4,0,0,1,2,51.0249,-2.27336,10,"retired","RETIRED","SP8",10
24.7465,862,1,,0,0,62,"United Kingdom","08/06/2009",4,0,0,0,2,51.3734,-0.1515,10,"retired","RETIRED","SM6",22
7.80368,863,1,,0,0,65,"United Kingdom","08/06/2009",4,0,0,0,2,50.9158,-1.767,10,"retired","RETIRED","SP6",11
38.2706,864,1,,0,0,59,"United Kingdom","08/06/2009",6,0,0,1,2,56.1529,-3.07382,10,"retired","RETIRED","KY1",10
11.9988,865,1,,0,0,76,"United Kingdom","08/06/2009",3,0,0,0,1,51.6373,-0.483459,10,"retired","RETIRED","WD3",11
37.0253,866,1,,0,0,71,"United Kingdom","08/06/2009",4,0,0,1,1,51.5451,-0.379821,10,"retired","RETIRED","UB5",12
9.39997,867,1,,0,0,62,"United Kingdom","08/06/2009",4,0,0,0,1,51.4987,-0.532129,10,"retired","RETIRED","SL3",9
30.3812,868,1,,0,0,65,"United Kingdom","08/06/2009",4,0,0,0,1,51.5175,-0.703014,3,"home","HOUSEWIFE","SL6",9
33.7761,869,1,,0,0,71,"United Kingdom","08/06/2009",4,0,0,1,1,51.6059,-0.392834,1,"entertain","MUSICIAN","HA5",11
27.1288,870,1,,0,0,38,"United Kingdom","08/06/2009",4,0,0,1,2,55.3781,-3.43597,15,"transport","COACH DRIVER","-",102
5.62036,871,1,,0,0,71,"United Kingdom","08/06/2009",4,0,0,0,1,51.6156,-0.262798,10,"retired","RETIRED","HA8",7
20.3882,872,1,,0,0,33,"United Kingdom","08/06/2009",4,0,0,0,4,51.5856,-0.193996,3,"home","MOTHER","NW11",7
6.6315,873,1,,0,0,84,"United Kingdom","08/06/2009",3,0,0,0,1,51.4647,0.134783,10,"retired","RETIRED","DA7",1
6.9177,874,1,,0,0,37,"United Kingdom","08/06/2009",4,0,0,1,3,51.3883,-0.09972,6,"office","CIVIL SERVANT","CR0",11
42.0243,875,1,,0,0,49,"United Kingdom","08/06/2009",3,0,0,0,4,51.4649,0.135805,2,"health","COMMUNITY NURSE LEARNING DISAB","DA7",48
4.7848,876,1,,0,0,69,"United Kingdom","08/06/2009",3,0,0,0,2,51.3918,-0.0917,10,"retired","RETIRED","SE25",1
12.9655,877,1,,0,0,75,"United Kingdom","08/06/2009",6,0,0,0,2,55.5043,-2.54628,3,"home","HOUSEWIFE/CARER","TD8",7
1.38564,878,1,,0,0,41,"United Kingdom","08/06/2009",6,0,0,1,1,56.4539,-3.46731,3,"home","DISABLED","PH1",1
12.4269,879,1,,0,0,61,"United Kingdom","08/06/2009",6,0,0,1,2,55.864,-2.12135,10,"retired","RETIRED","TD14",14
1.11997,880,1,,0,0,59,"United Kingdom","08/06/2009",4,0,0,1,1,51.333,-0.271106,10,"retired","RETIRED","KT19",4
5.21142,881,1,,0,0,64,"United Kingdom","08/06/2009",4,0,0,0,1,51.3085,-0.29974,10,"retired","RETIRED","KT21",7
5.74147,882,1,,0,0,50,"United Kingdom","08/06/2009",4,0,0,1,3,51.2413,-0.573866,8,"public","ENVIRONMENTAL HEALTH","GU1",26
25.847,883,1,,0,0,87,"United Kingdom","08/06/2009",5,0,0,0,1,50.4137,-3.98132,3,"home","HOUSEWIFE","PL21",16
12.3883,884,1,,0,0,80,"United Kingdom","08/06/2009",3,0,0,1,2,51.7312,0.577983,10,"retired","RETIRED","CM3",10
16.15,885,1,,0,0,28,"United Kingdom","08/06/2009",1,0,0,0,4,52.6486,-1.19537,14,"teaching","SCHOOL RECEPTIONIST","LE3",8
22.4614,886,1,,0,0,17,"United Kingdom","08/06/2009",2,0,0,0,4,52.4778,-2.00116,13,"student","STUDENT","B68",10
37.73,887,1,,0,0,51,"United Kingdom","08/06/2009",1,0,0,0,2,52.6352,-1.08986,8,"public","CULTURAL LINK WORKER","LE5",30
39.2575,888,1,,0,0,45,"United Kingdom","08/06/2009",5,0,0,0,7,51.5575,-2.43649,17,"unknown","-","BS37",11
12.5038,889,1,,0,0,86,"United Kingdom","08/06/2009",4,0,0,1,2,51.0973,-0.202824,10,"retired","RETIRED","RH11",6
3.28999,890,1,,0,0,62,"United Kingdom","08/06/2009",4,0,0,0,2,51.2248,-1.60098,10,"retired","RETIRED","SP11",7
36.4022,891,1,,0,0,71,"United Kingdom","08/06/2009",2,0,0,0,1,52.723,-2.11607,10,"retired","RETIRED","ST19",65
32.4292,892,1,,0,0,58,"United Kingdom","08/06/2009",4,0,0,0,2,52.6607,-3.14106,10,"retired","RETIRED/CARER","SY21",57
18.4412,893,1,,0,0,55,"United Kingdom","08/06/2009",0,0,0,0,3,53.3082,-2.96296,14,"teaching","TEACHER","CH62",39
38.7412,894,1,,1,0,80,"United Kingdom","08/06/2009",6,0,0,0,1,54.1606,-3.1746,10,"retired","RETIRED","LA15",133
39.0257,895,1,,0,0,29,"United Kingdom","08/06/2009",6,0,0,0,3,53.9287,-2.98586,14,"teaching","TEACHER","FY",80
18.1373,896,1,,0,0,64,"United Kingdom","08/06/2009",4,0,0,0,1,51.4557,-0.306812,6,"office","SECRETARY","TW1",16
43.0049,897,1,,0,0,46,"United Kingdom","08/06/2009",4,0,0,0,3,51.4161,-0.405695,6,"office","CIVIL SERVANT","TW16",14
39.5673,898,1,,0,0,48,"United Kingdom","08/06/2009",0,0,0,0,4,53.4005,-2.53614,2,"health","HEALTH VISITOR LIAISON","WA1",193
21.2992,899,1,,0,0,59,"United Kingdom","08/06/2009",2,0,0,1,2,52.4899,-2.41418,8,"public","SOCIAL WORKER","WV16",29
4.34603,900,1,,0,0,69,"United Kingdom","08/06/2009",2,0,0,0,2,52.3316,-2.29217,10,"retired","RETIRED","DY13",7
10.1889,901,1,,0,0,75,"United Kingdom","08/06/2009",4,0,0,0,2,51.4527,-0.361016,10,"retired","RETIRED/TEACHER","TW2",7
39.7107,902,1,,0,0,56,"United Kingdom","08/06/2009",4,0,0,1,4,51.2262,-1.53143,12,"service","FLIGHT SIMULATOR INSTRUCTOR","SP11",14
10.8116,903,1,,0,0,61,"United Kingdom","08/06/2009",4,0,0,0,2,51.281,-0.365032,6,"office","SELF EMPLOYED BOOK-KEEPER","KT23",10
23.4513,904,1,,0,0,57,"United Kingdom","08/06/2009",4,0,0,0,2,51.3658,-0.498786,2,"health","HOLISTIC THERAPIST","KT15",18
11.6017,905,1,,0,0,35,"United Kingdom","08/06/2009",4,0,0,0,4,51.2143,-0.800824,2,"health","NURSE","GU9",16
5.92015,906,1,,0,0,63,"United Kingdom","08/06/2009",4,0,0,0,2,51.3435,-0.827621,10,"retired","RETIRED","GU46",12
33.9767,907,1,,0,0,59,"United Kingdom","08/06/2009",4,0,0,1,2,51.0431,-0.892699,17,"unknown","ECONOMIST","GU33",9
5.03421,908,1,,0,0,66,"United Kingdom","08/06/2009",4,0,0,1,2,51.1918,-0.789419,9,"research","HISTORIAN","GU10",3
6.36425,909,1,,0,0,68,"United Kingdom","08/06/2009",4,0,0,0,2,50.8471,-1.21605,10,"retired","RETIRED/CARER","PO14",13
9.49917,910,1,,0,0,76,"United Kingdom","08/06/2009",4,0,0,1,2,50.7983,-1.14122,10,"retired","RETIRED","PO12",4
22.1683,911,1,,0,0,55,"United Kingdom","08/06/2009",5,0,0,1,3,55.3781,-3.43597,4,"labour","WAREHOUSE","-",29
35.7171,912,1,,0,0,42,"United Kingdom","08/06/2009",2,0,0,1,4,52.3448,-2.06327,6,"office","CIVIL SERVANT - NGO","B61",52
23.0278,913,1,,1,0,59,"United Kingdom","08/06/2009",4,0,0,0,2,50.8343,-0.248518,6,"office","COMPANY OWNER","BN43",10
10.242,914,1,,0,0,59,"United Kingdom","08/06/2009",4,0,0,0,2,50.9646,-0.147401,10,"retired","RETIRED","RH15",7
3.59592,915,1,,0,0,81,"United Kingdom","08/06/2009",4,0,0,0,1,50.9314,-0.272289,10,"retired","RETIRED DOING VOLUNTARY WORK","BN5",11
26.8096,916,1,,0,0,59,"United Kingdom","08/06/2009",4,0,0,1,2,50.9571,-0.511879,6,"office","PENSIONS ADMINISTRATOR","RH20",8
1.2867,917,1,,0,0,66,"United Kingdom","08/06/2009",4,0,0,0,1,50.9099,-1.4262,10,"retired","RETIRED","SO15",1
17.4445,918,1,,0,0,31,"United Kingdom","08/06/2009",4,0,0,0,4,51.0744,-1.33205,3,"home","HOUSEWIFE","SO22",10
7.09728,919,1,,0,0,72,"United Kingdom","08/06/2009",4,0,0,0,2,50.9314,-0.272289,10,"retired","RETIRED","BN5",4
8.90545,920,1,,0,0,56,"United Kingdom","08/06/2009",4,0,0,0,2,51.0056,-2.19362,10,"retired","RETIRED/VOLUNTEER","SP7",23
10.0554,921,1,,0,0,56,"United Kingdom","08/06/2009",1,0,0,0,2,54.0348,-2.30047,6,"office","ADMINISTRATOR","BD24",14
14.7884,922,1,,0,0,79,"United Kingdom","08/06/2009",4,0,0,1,2,51.246,0.003278,10,"retired","RETIRED","RH8",11
41.8507,923,1,,0,0,52,"United Kingdom","08/06/2009",5,0,0,0,1,52.23,-2.20024,6,"office","BUSINESS SUPPORT","WR3",171
40.1733,924,1,,1,0,44,"United Kingdom","08/06/2009",1,0,0,0,1,53.6986,-1.9341,12,"service","BANK CLERK","HX6",378
2.72638,925,1,,0,0,92,"United Kingdom","08/06/2009",4,0,0,0,1,50.8393,-0.280266,10,"retired","RETIRED","BN43",4
39.2079,926,1,,0,0,32,"United Kingdom","08/06/2009",4,0,0,0,4,50.8314,-0.781334,2,"health","COMMUNITY NURSE","PO19",28
0.122037,927,1,,0,0,84,"United Kingdom","08/06/2009",4,0,0,1,1,51.2816,-0.076936,10,"retired","RETIRED","CR37",3
38.3004,928,1,,0,0,45,"United Kingdom","08/06/2009",1,0,0,0,5,53.5418,-0.098535,12,"service","CHILDMINDER","DN33",35
35.559,929,1,,0,0,78,"United Kingdom","08/06/2009",2,0,0,0,1,52.3192,-1.9076,3,"home","HOUSEWIFE","B98",35
39.8713,930,1,,0,0,69,"United Kingdom","08/06/2009",6,0,0,0,2,55.8659,-3.98078,10,"retired","RETIRED","ML6",59
25.5401,931,1,,0,0,63,"United Kingdom","08/06/2009",6,0,0,1,2,55.8468,-4.40915,2,"health","CARER","PA1",8
10.3709,932,1,,1,0,75,"United Kingdom","08/06/2009",6,0,0,0,2,55.8088,-4.19594,10,"retired","RETIRED","G73",10
5.44039,933,1,,0,0,50,"United Kingdom","08/06/2009",6,0,0,1,1,55.8898,-4.36561,9,"research","SCIENTIST","G13",5
27.8119,934,1,,0,0,64,"United Kingdom","08/06/2009",3,0,0,0,2,51.5948,0.193299,6,"office","ADMINISTRATOR","RM25",9
12.7728,935,1,,1,0,73,"United Kingdom","08/06/2009",3,0,0,1,2,51.5516,0.713674,10,"retired","RETIRED","SS2",18
23.4154,936,1,,0,0,39,"United Kingdom","08/06/2009",2,0,0,0,4,52.4291,-0.276814,3,"home","HOUSEWIFE","PE28",17
24.775,937,1,,0,0,60,"United Kingdom","08/06/2009",2,0,0,0,2,52.5824,-0.238732,2,"health","NURSE","PE1",41
6.30172,938,1,,0,0,64,"United Kingdom","08/06/2009",5,0,0,0,2,51.6349,-1.71323,10,"retired","RETIRED","SN6",9
15.8284,939,1,,0,0,69,"United Kingdom","08/06/2009",2,0,0,0,1,52.3778,-0.090399,10,"retired","RETIRED","PE28",27
11.7744,940,1,,0,0,67,"United Kingdom","08/06/2009",2,0,0,1,2,52.4798,1.23053,10,"retired","RETIRED","NR15",33
11.8155,941,1,,0,0,69,"United Kingdom","08/06/2009",2,0,0,1,2,52.1975,0.12443,10,"retired","RETIRED","CB2",7
14.0143,942,1,,0,0,71,"United Kingdom","08/06/2009",3,0,0,0,1,51.5193,0.433929,17,"unknown","VOLUNTARY WORK","SS17",30
36.9784,943,1,,0,0,58,"United Kingdom","08/06/2009",3,0,0,0,2,51.2787,1.07508,2,"health","NURSE MANAGER","CT1",42
0.690822,944,1,,1,0,81,"United Kingdom","08/06/2009",3,0,0,0,1,51.2845,0.52481,10,"retired","RETIRED","ME14",2
25.6578,945,1,,0,0,60,"United Kingdom","08/06/2009",6,0,0,0,2,55.3781,-3.43597,3,"home","HOUSEWIFE","-",9
1.40546,946,1,,0,0,68,"United Kingdom","08/06/2009",6,0,0,1,2,57.1539,-2.1732,10,"retired","RETIRED","AB16",8
25.3254,947,1,,0,0,-1,"United Kingdom","08/06/2009",0,0,0,0,-1,54.8918,-1.51475,10,"retired","RETIRED","NE38",10
12.6847,948,1,,0,0,83,"United Kingdom","08/06/2009",3,0,0,0,1,51.1967,0.21494,10,"retired","RETIRED","TN11",6
7.83576,949,1,,0,0,75,"United Kingdom","08/06/2009",5,0,0,0,1,51.1368,-4.20124,10,"retired","RETIRED","EX33",18
39.7228,950,1,,0,0,88,"United Kingdom","08/06/2009",3,0,0,0,1,50.9721,0.253072,10,"retired","RETIRED","TN21",25
19.0852,951,1,,0,0,73,"United Kingdom","08/06/2009",3,0,0,1,2,51.062,0.339718,10,"retired","RETIRED","TN5",20
16.4848,952,1,,0,0,67,"United Kingdom","08/06/2009",3,0,0,0,2,51.336,0.523123,14,"teaching","PART TIME TEACHER","ME5",15
26.302,953,1,,0,0,35,"United Kingdom","08/06/2009",3,0,0,0,4,51.3735,0.576958,3,"home","MOTHER","ME8",31
13.738,954,1,,0,0,66,"United Kingdom","08/06/2009",3,0,0,1,1,50.8551,0.548567,6,"office","MANAGER","TN38",6
14.0673,955,1,,0,0,35,"United Kingdom","08/06/2009",3,0,0,0,3,51.2818,1.0516,9,"research","UNIVERSITY LECTURER","CT2",19
14.0198,956,1,,0,0,70,"United Kingdom","08/06/2009",2,0,0,1,2,55.3781,-3.43597,10,"retired","SEMI RETIRED WAITER","-",5
12.9456,957,1,,1,0,60,"United Kingdom","08/06/2009",0,0,0,1,2,53.3635,-2.16778,8,"public","JUDGE","SK7",16
15.4533,958,1,,0,0,63,"United Kingdom","08/06/2009",6,0,0,1,2,53.6305,-2.3373,10,"retired","RETIRED","BL8",33
10.4031,959,1,,0,0,64,"United Kingdom","08/06/2009",3,0,0,0,1,51.4865,-0.145699,14,"teaching","TEACHER","SW1V",15
13.6416,960,1,,0,0,46,"United Kingdom","08/06/2009",4,0,0,0,4,51.3197,-0.544839,8,"public","LIBRARIAN","GU22",5
5.02544,961,1,,1,0,86,"United Kingdom","08/06/2009",0,0,0,1,2,53.0241,-2.60364,6,"office","ARCHITECT","CW5",4
21.726,962,1,,0,0,79,"United Kingdom","08/06/2009",2,0,0,0,1,52.8566,1.03842,10,"retired","RETIRED","NR24",16
32.4422,963,1,,0,0,62,"United Kingdom","08/06/2009",3,0,0,1,2,51.5485,0.650995,14,"teaching","TEACHER","SS9",51
31.9533,964,1,,0,0,43,"United Kingdom","08/06/2009",5,0,0,0,4,50.2749,-5.0024,6,"office","CLERICAL OFFICER","TR2",18
4.06596,965,1,,0,0,73,"United Kingdom","08/06/2009",0,0,0,0,1,53.4153,-2.17342,10,"retired","RETIRED NURSE","SK4",5
9.63748,966,1,,0,0,47,"United Kingdom","08/06/2009",6,0,0,1,4,57.4713,-3.22433,12,"service","EXPORT SALES","AB38",3
3.72424,967,1,,0,0,54,"United Kingdom","08/06/2009",6,0,0,0,2,57.3614,-2.08795,14,"teaching","TEACHER","AB41",9
16.1365,968,1,,0,0,64,"United Kingdom","08/06/2009",6,0,0,0,1,57.2334,-2.44149,17,"unknown","-","AB51",104
38.9797,969,1,,0,0,65,"United Kingdom","08/06/2009",3,0,0,0,3,51.6372,-0.482782,10,"retired","RETIRED","WD3",135
11.9756,970,1,,0,0,47,"United Kingdom","08/06/2009",4,0,0,1,5,50.833,-0.138829,5,"mechanic","CONSULTING ENGINEER","BN1",17
10.5916,971,1,,0,0,62,"United Kingdom","08/06/2009",2,0,0,1,2,52.4937,-2.17457,10,"retired","RETIRED","DY6",6
11.9736,972,1,,0,0,84,"United Kingdom","08/06/2009",3,0,0,1,2,51.5806,0.617032,10,"retired","RETIRED  PRACTICING FCA","SS6",4
25.825,973,1,,0,0,51,"United Kingdom","08/06/2009",3,0,0,0,2,51.9441,0.94988,16,"unemployed","UNEMPLOYED","CO4",17
28.2049,974,1,,0,0,60,"United Kingdom","08/06/2009",3,0,0,1,1,51.6086,0.438527,5,"mechanic","ENGINEER","CM11",12
21.8291,975,1,,0,0,60,"United Kingdom","08/06/2009",3,0,0,1,2,51.8127,0.2098,4,"labour","BRICKLAYER","CM22",37
25.0387,976,1,,0,0,54,"United Kingdom","08/06/2009",3,0,0,0,2,51.7653,0.133279,8,"public","LOCAL GOVERNMENT OFFICER","CM17",31
7.24048,977,1,,0,0,69,"United Kingdom","08/06/2009",3,0,0,0,1,51.5676,0.659793,3,"home","HOUSEWIFE","SS9",37
10.6116,978,1,,0,0,63,"United Kingdom","08/06/2009",3,0,0,0,2,52.1111,0.53261,17,"unknown","CO-ORDINATOR","CO10",13
1.90972,979,1,,0,0,61,"United Kingdom","08/06/2009",6,0,0,0,2,57.0627,-2.54275,10,"retired","RETIRED","AB31",1
17.5297,980,1,,0,0,33,"United Kingdom","08/06/2009",6,0,0,1,3,55.9026,-3.61075,16,"unemployed","SICKNESS BENEFIT","EH48",16
9.97158,981,1,,0,0,51,"United Kingdom","08/06/2009",4,0,0,1,2,51.5922,-0.398326,6,"office","BUSINESS ANALYST","HA5",15
17.4242,982,1,,0,0,29,"United Kingdom","08/06/2009",4,0,0,0,1,51.5525,-0.18647,12,"service","BARRISTER","NW3",7
37.2622,983,1,,0,0,49,"United Kingdom","08/06/2009",3,0,0,0,1,51.6234,-0.05809,14,"teaching","PRE-SCHOOL PRACTITIONER/PLAY","N9",95
15.5754,984,1,,0,0,77,"United Kingdom","08/06/2009",3,0,0,1,2,51.7606,-0.230709,14,"teaching","SCHOOL CLEANER","AL10",103
30.7557,985,1,,0,0,69,"United Kingdom","08/06/2009",3,0,0,1,2,51.7481,-0.31599,17,"unknown","CONSULTANT","AL1",10
17.1722,986,1,,0,0,57,"United Kingdom","08/06/2009",5,0,0,0,2,51.662,-3.32483,9,"research","HOS/LECTURER","CF46",10
22.7422,987,1,,0,0,47,"United Kingdom","08/06/2009",5,0,0,1,2,51.6597,-3.50523,8,"public","FIREFIGHTER","CF42",13
0.607102,988,1,,0,0,-1,"United Kingdom","08/06/2009",2,0,0,-1,-1,55.3781,-3.43597,17,"unknown","-","-",10
4.76817,989,1,,0,0,69,"United Kingdom","08/06/2009",3,0,0,0,2,51.6946,0.624569,3,"home","HOUSEWIFE","CM3",7
20.0179,990,1,,0,0,27,"United Kingdom","08/06/2009",4,0,0,0,2,50.9262,-1.42124,6,"office","ADMIN","SO15",7
3.80118,991,1,,0,0,63,"United Kingdom","08/06/2009",3,0,0,1,2,51.6972,0.621504,10,"retired","RETIRED IT PROJECT MANAGER","CM3",4
0.707058,992,1,,0,0,62,"United Kingdom","08/06/2009",2,0,0,0,1,51.8865,-0.57717,10,"retired","RETIRED","LU6",21
1.42085,993,1,,0,0,77,"United Kingdom","08/06/2009",3,0,0,0,1,51.6578,-0.087997,10,"retired","RETIRED TEACHER","EN2",13
12.3702,994,1,,0,0,53,"United Kingdom","08/06/2009",4,0,0,0,2,50.9965,-0.203303,6,"office","ADMINISTRATOR","RH17",11
28.3807,995,1,,0,0,41,"United Kingdom","08/06/2009",4,0,0,0,4,51.2333,-0.328814,3,"home","HOUSEWIFE/MOTHER","RH4",28
8.05013,996,1,,0,0,55,"United Kingdom","08/06/2009",6,0,0,0,2,54.0377,-2.79706,14,"teaching","TEACHER","LA1",8
10.0732,997,1,,0,0,77,"United Kingdom","08/06/2009",6,0,0,1,2,54.3223,-2.5366,10,"retired","RETIRED ENGINEER","LA10",13
39.2605,998,1,,0,0,38,"United Kingdom","08/06/2009",4,0,0,0,4,51.0908,-0.448429,3,"home","HOUSEWIFE/MOTHER","RH12",23
15.3518,999,1,,1,0,77,"United Kingdom","08/06/2009",4,0,0,0,2,50.924,-0.140269,3,"home","HOUSEWIFE","BN6",13
32.0601,1000,1,,0,0,85,"United Kingdom","08/06/2009",4,0,0,0,1,50.8393,-0.279705,10,"retired","RETIRED","BN43",8
5.15387,1001,1,,0,0,74,"United Kingdom","08/06/2009",4,0,0,0,2,51.071,-0.298349,10,"retired","RETIRED","RH13",5
23.7791,1002,1,,0,0,52,"United Kingdom","08/06/2009",4,0,0,1,3,50.8719,0.251898,2,"health","NURSE","BN27",18
25.5519,1003,1,,0,0,67,"United Kingdom","08/06/2009",4,0,0,0,2,50.8392,-0.278984,10,"retired","RETIRED","BN43",20
4.39346,1004,1,,1,0,69,"United Kingdom","08/06/2009",4,0,0,0,1,50.8219,-0.318039,17,"unknown","-","BN",2
7.55703,1005,1,,0,0,79,"United Kingdom","08/06/2009",4,0,0,1,2,50.839,-0.148134,10,"retired","RETIRED","BN16",7
12.9665,1006,1,,0,0,73,"United Kingdom","08/06/2009",4,0,0,1,2,50.8353,-0.394784,10,"retired","RETIRED","BN13",13
11.8644,1007,1,,0,0,44,"United Kingdom","08/06/2009",4,0,0,1,4,51.0642,-0.31579,6,"office","FINANCIAL SERVICES","RH13",15
9.1563,1008,1,,0,0,68,"United Kingdom","08/06/2009",4,0,0,1,2,51.3333,-0.827109,10,"retired","RETIRED","GU46",16
30.217,1009,1,,0,0,57,"United Kingdom","08/06/2009",4,0,0,0,2,51.3503,-0.661324,6,"office","PERSONAL ASSISTANT","GU18",32
26.1365,1010,1,,0,0,70,"United Kingdom","08/06/2009",4,0,0,0,2,51.2767,-0.842354,17,"unknown","VOLUNTARY WORK","GU52",16
3.02316,1011,1,,0,0,62,"United Kingdom","08/06/2009",4,0,0,1,2,51.2964,-0.329419,10,"retired","RETIRED","KT22",10
12.6046,1012,1,,0,0,70,"United Kingdom","08/06/2009",4,0,0,1,2,51.3652,-0.262629,10,"retired","RETIRED","KT19",19
19.0853,1013,1,,0,0,73,"United Kingdom","08/06/2009",4,0,0,1,2,51.1435,-1.01583,10,"retired","RETIRED","GU34",7
0.0483636,1014,1,,0,0,76,"United Kingdom","08/06/2009",4,0,0,1,2,51.1039,-0.837734,10,"retired","RETIRED","GU35",1
22.0288,1015,1,,0,0,59,"United Kingdom","08/06/2009",4,0,0,1,2,51.2575,-0.550359,17,"unknown","REGISTRAR","GU4",24
36.1346,1016,1,,0,0,62,"United Kingdom","08/06/2009",4,0,0,1,2,51.4581,-0.488556,6,"office","OFFICE WORKER","TW19",26
36.7725,1017,1,,0,0,51,"United Kingdom","08/06/2009",4,0,0,0,3,51.4249,-0.380532,14,"teaching","TEACHING ASSISTANT","TW12",183
16.8663,1018,1,,0,0,52,"United Kingdom","08/06/2009",4,0,0,0,4,51.453,-0.358401,6,"office","IT DIRECTOR","TW2",12
4.22717,1019,1,,0,0,59,"United Kingdom","08/06/2009",4,0,0,0,1,51.4342,-0.392421,17,"unknown","FOOD/TEXTILE TECHNICIAN","TW13",12
45.5853,1020,1,,0,0,58,"United Kingdom","08/06/2009",4,0,0,1,2,51.2333,-0.580841,5,"mechanic","ENGINEER","GU2",32
18.4294,1021,1,,0,0,76,"United Kingdom","08/06/2009",5,0,0,0,1,51.9463,-2.04049,10,"retired","RETIRED","GL52",17
39.4058,1022,1,,0,0,27,"United Kingdom","08/06/2009",5,0,0,0,2,51.8692,-2.23408,12,"service","SALES & MARKETING","GL1",16
3.40392,1023,1,,0,0,49,"United Kingdom","08/06/2009",4,0,0,0,1,51.5002,-0.28283,6,"office","COMPANY SECRETARY","W3",4
24.7309,1024,1,,1,0,47,"United Kingdom","08/06/2009",4,0,0,0,6,51.4527,-0.361089,6,"office","CIVIL SERVANT","TW2",6
32.4818,1025,1,,0,0,63,"United Kingdom","08/06/2009",5,0,0,1,2,51.8938,-2.08098,10,"retired","RETIRED","GL50",8
9.90376,1026,1,,1,0,76,"United Kingdom","08/06/2009",4,0,0,0,1,50.9336,-1.35343,10,"retired","RETIRED TEACHER","SO18",35
2.09537,1027,1,,0,0,60,"United Kingdom","08/06/2009",5,0,0,1,2,51.7462,-2.32439,4,"labour","FURNITURE RESTORER","GL10",5
10.367,1028,1,,0,0,63,"United Kingdom","08/06/2009",5,0,0,1,2,51.9463,-2.04049,9,"research","SCIENTIST","GL52",9
9.50806,1029,1,,1,0,79,"United Kingdom","08/06/2009",5,0,0,0,1,51.9294,-1.66324,14,"teaching","TEACHER","GL56",4
8.41915,1030,1,,0,0,72,"United Kingdom","08/06/2009",5,0,0,0,1,51.8568,-2.54807,10,"retired","RETIRED","GL17",7
8.2462,1031,1,,0,0,70,"United Kingdom","08/06/2009",2,0,0,0,2,52.8458,1.49053,2,"health","CARER/HOUSEWIFE","NR12",16
24.9721,1032,1,,0,0,30,"United Kingdom","08/06/2009",2,0,0,1,2,52.2287,-0.290304,5,"mechanic","ENGINEER","PE19",15
38.8453,1033,1,,0,0,34,"United Kingdom","08/06/2009",2,0,0,1,1,51.9044,-0.212195,6,"office","IT CONSULTANT","SG1",24
7.96363,1034,1,,0,0,48,"United Kingdom","08/06/2009",2,0,0,0,3,52.0595,-0.013371,14,"teaching","PART TIME TEACHER","SG80",17
13.1442,1035,1,,0,0,69,"United Kingdom","08/06/2009",5,0,0,0,1,51.3414,-2.20825,10,"retired","RETIRED","BA14",4
26.0956,1036,1,,0,0,34,"United Kingdom","08/06/2009",2,0,0,0,3,52.5726,-0.249791,3,"home","HOUSE MOTHER","PE3",14
25.7735,1037,1,,0,0,46,"United Kingdom","08/06/2009",2,0,0,0,3,52.7803,0.125213,14,"teaching","TEACHING ASSISTANT","PE12",51
16.143,1038,1,,0,0,49,"United Kingdom","08/06/2009",2,0,0,0,2,52.7534,0.412277,12,"service","FUNERAL SERVICES ARRANGER","PE30",31
1.70139,1039,1,,0,0,23,"United Kingdom","08/06/2009",2,0,0,0,1,51.3518,-0.138628,13,"student","STUDENT","SM6",10
8.27685,1040,1,,0,0,52,"United Kingdom","08/06/2009",5,0,0,0,4,51.8255,-2.41492,3,"home","HOUSEWIFE","GL14",10
46.0604,1041,1,,0,0,62,"United Kingdom","08/06/2009",2,0,0,0,3,52.4955,1.75239,10,"retired","RETIRED","NR32",95
13.2713,1042,1,,0,0,41,"United Kingdom","08/06/2009",3,0,0,0,4,51.8791,0.833501,3,"home","HOUSEWIFE","CO3",13
0.384928,1043,1,,0,0,72,"United Kingdom","08/06/2009",2,0,0,0,1,51.9678,-0.287209,10,"retired","RETIRED","SG52",1
6.48788,1044,1,,0,0,62,"United Kingdom","08/06/2009",6,0,0,1,2,56.1852,-3.03399,8,"public","SUPPORT OFFICER","KY8",4
30.8743,1045,1,,0,0,82,"United Kingdom","08/06/2009",3,0,0,0,1,51.8419,-0.194839,10,"retired","RETIRED","AL6",11
3.95935,1046,1,,0,0,57,"United Kingdom","08/06/2009",6,0,0,1,2,56.4161,-3.40609,10,"retired","RETIRED","PH2",3
2.51481,1047,1,,0,0,59,"United Kingdom","08/06/2009",2,0,0,1,2,52.4651,1.74076,10,"retired","RETIRED","NR33",4
42.4681,1048,1,,0,0,20,"United Kingdom","08/06/2009",2,0,0,0,4,52.6288,1.23816,13,"student","PHYSIOTHERAPY STUDENT","NR5",30
1.64336,1049,1,,0,0,60,"United Kingdom","08/06/2009",5,0,0,1,2,51.7093,-1.97587,10,"retired","RETIRED ENGINEER","GL7",3
10.2642,1050,1,,0,0,42,"United Kingdom","08/06/2009",2,0,0,1,5,52.6802,0.944894,5,"mechanic","ENGINEER","NR19",4
37.8485,1051,1,,0,0,52,"United Kingdom","08/06/2009",4,0,0,1,3,50.821,-1.37362,12,"service","QUANTITY SURVERYOR","SO45",16
2.65048,1052,1,,0,0,70,"United Kingdom","08/06/2009",3,0,0,1,2,51.796,-0.707345,10,"retired","RETIRED","HP22",4
9.24893,1053,1,,0,0,56,"United Kingdom","08/06/2009",3,0,0,0,2,51.6675,-0.561894,9,"research","LECTURER","HP7",12
1.52765,1054,1,,0,0,63,"United Kingdom","08/06/2009",4,0,0,0,2,50.8824,0.016793,10,"retired","RETIRED","BN7",13
42.1438,1055,1,,0,0,46,"United Kingdom","08/06/2009",4,0,0,0,4,51.1347,0.007425,14,"teaching","TEACHING ASSISTANT","RH19",175
26.5975,1056,1,,0,0,41,"United Kingdom","08/06/2009",4,0,0,0,2,55.3781,-3.43597,14,"teaching","TEACHER","-",49
19.5994,1057,1,,0,0,48,"United Kingdom","08/06/2009",3,0,0,1,2,51.7254,-0.460528,6,"office","MANAGING DIRECTOR","WD4",57
44.3497,1058,1,,0,0,43,"United Kingdom","08/06/2009",3,0,0,0,4,55.3781,-3.43597,14,"teaching","TEACHER","-",158
19.6526,1059,1,,0,0,32,"United Kingdom","08/06/2009",3,0,0,0,2,51.6274,-0.734724,8,"public","FIRE AND RESCUE SUPPORT","HP13",32
1.60946,1060,1,,0,0,66,"United Kingdom","08/06/2009",3,0,0,0,2,51.6577,-0.088043,10,"retired","RETIRED","EN2",8
45.87,1061,1,,0,0,37,"United Kingdom","08/06/2009",4,0,0,1,1,51.4414,-0.12363,6,"office","H.E. MANAGER","SW2",43
5.3645,1062,1,,0,0,63,"United Kingdom","08/06/2009",4,0,0,0,2,51.4079,-0.223817,10,"retired","RETIRED","SW20",8
8.45164,1063,1,,0,0,32,"United Kingdom","08/06/2009",3,0,0,0,2,51.4732,-0.096236,6,"office","WRITER","SE5",3
36.9247,1064,1,,0,0,75,"United Kingdom","08/06/2009",6,0,0,1,2,53.6342,-3.0029,10,"retired","RETIRED CIVIL SERVANT","PR8",17
30.0264,1065,1,,0,0,74,"United Kingdom","08/06/2009",4,0,0,1,2,51.3231,-0.530538,10,"retired","RETIRED","GU22",62
3.66185,1066,1,,0,0,21,"United Kingdom","08/06/2009",6,0,0,0,6,54.1845,-2.92099,13,"student","STUDENT","LA11",6
0.956076,1067,1,,0,0,74,"United Kingdom","08/06/2009",4,0,0,0,1,50.9548,-1.21204,12,"service","YOGA TEACHER","SO32",4
34.407,1068,1,,0,0,36,"United Kingdom","08/06/2009",4,0,0,0,1,51.4073,-0.28583,6,"office","POLITICAL ADVISOR","KT1",9
7.33206,1069,1,,0,0,-1,"United Kingdom","08/06/2009",4,0,0,-1,-1,55.3781,-3.43597,17,"unknown","-","-",3
7.61635,1070,1,,0,0,72,"United Kingdom","08/06/2009",4,0,0,0,1,51.0746,-1.33072,12,"service","TOURIST GUIDE","SO22",17
16.3976,1071,1,,0,0,65,"United Kingdom","08/06/2009",5,0,0,0,3,51.6026,-3.08228,10,"retired","RETIRED","NP11",13
2.70061,1072,1,,0,0,78,"United Kingdom","08/06/2009",4,0,0,1,1,51.3902,-0.297639,10,"retired","RETIRED","KT5",5
27.5647,1073,1,,0,0,69,"United Kingdom","08/06/2009",4,0,0,0,2,51.4529,-0.359938,10,"retired","RETIRED","TW2",20
5.22943,1074,1,,0,0,64,"United Kingdom","08/06/2009",6,0,0,0,2,57.1581,-2.12906,3,"home","HOUSEWIFE","AB16",7
26.4962,1075,1,,0,0,35,"United Kingdom","08/06/2009",6,0,0,0,3,57.15,-2.17718,3,"home","HOUSEWIFE","AB15",7
8.12626,1076,1,,0,0,42,"United Kingdom","08/06/2009",6,0,0,0,4,57.1763,-2.19199,6,"office","ADMINISTRATOR","AB21",5
0.758479,1077,1,,1,0,62,"United Kingdom","08/06/2009",6,0,0,1,2,57.2334,-2.44149,5,"mechanic","ELECTRICIAN","AB51",1
13.394,1078,1,,0,0,48,"United Kingdom","08/06/2009",6,0,0,0,2,57.4449,-3.12657,2,"health","CARER","AB55",8
0.60654,1079,1,,0,0,62,"United Kingdom","08/06/2009",6,0,0,1,1,57.2651,-3.65761,10,"retired","RETIRED SCHOOL TEACHER","PH25",1
32.8721,1080,1,,0,0,59,"United Kingdom","08/06/2009",5,0,0,0,2,51.4355,-3.2168,14,"teaching","TEACHER","CF64",10
10.2833,1081,1,,0,0,69,"United Kingdom","08/06/2009",5,0,0,0,1,51.6202,-3.9659,10,"retired","RETIRED PROFESSOR","SA2",4
38.5314,1082,1,,0,0,46,"United Kingdom","08/06/2009",3,0,0,0,2,51.8684,0.40448,6,"office","CIVIL SERVANT","CM6",29
7.23535,1083,1,,0,0,73,"United Kingdom","08/06/2009",5,0,0,1,2,51.6383,-1.85566,10,"retired","RETIRED","SN6",7
5.41569,1084,1,,0,0,59,"United Kingdom","08/06/2009",6,0,0,0,2,53.6468,-2.63935,17,"unknown","HYPNOTHERAPIST","PR7",7
39.8117,1085,1,,0,0,59,"United Kingdom","08/06/2009",5,0,0,1,2,51.4118,-3.24436,6,"office","CIVIL SERVANT","CF63",74
8.33242,1086,1,,0,0,65,"United Kingdom","08/06/2009",5,0,0,0,2,50.9548,-2.50779,17,"unknown","-","DT9",6
7.93729,1087,1,,0,0,58,"United Kingdom","08/06/2009",5,0,0,0,3,50.7563,-1.96681,6,"office","ADMINISTRATOR","BH17",9
6.83408,1088,1,,0,0,62,"United Kingdom","08/06/2009",5,0,0,0,1,50.7347,-1.85619,10,"retired","RETIRED","BH8",11
0.627854,1089,1,,1,0,90,"United Kingdom","08/06/2009",5,0,0,1,1,51.4452,-2.00942,10,"retired","RETIRED ENGINEER","SN11",2
18.0498,1090,1,,0,0,51,"United Kingdom","08/06/2009",5,0,0,0,3,51.2412,-1.11838,8,"public","LIBRARY ASSISTANT","RG22",9
1.65901,1091,1,,0,0,52,"United Kingdom","08/06/2009",5,0,0,0,3,51.458,-1.00063,3,"home","HOUSEWIFE","RG30",7
37.5077,1092,1,,0,0,35,"United Kingdom","08/06/2009",3,0,0,0,2,51.3698,0.494702,8,"public","TOWN PLANNER","ME1",25
11.7078,1093,1,,0,0,72,"United Kingdom","08/06/2009",3,0,0,1,2,51.3114,0.696093,10,"retired","RETIRED","ME9",4
7.55435,1094,1,,0,0,71,"United Kingdom","08/06/2009",3,0,0,1,2,55.3781,-3.43597,10,"retired","RETIRED","-",7
0.0935089,1095,1,,0,0,58,"United Kingdom","08/06/2009",3,0,0,0,2,51.284,0.533334,6,"office","PROOFREADER","ME14",1
33.8539,1096,1,,0,0,48,"United Kingdom","08/06/2009",6,0,0,0,4,55.9568,-2.9633,14,"teaching","TEACHER","EH32",54
11.4549,1097,1,,0,0,78,"United Kingdom","08/06/2009",6,0,0,0,1,53.6193,-2.67148,10,"retired","RETIRED","PR7",8
0.00687321,1098,1,,0,0,68,"United Kingdom","08/06/2009",5,0,0,1,1,51.4463,-0.97148,10,"retired","RETIRED","RG2",1
41.0834,1099,1,,0,0,49,"United Kingdom","08/06/2009",5,0,0,-1,6,50.7503,-2.5155,17,"unknown","CONSULTANT","DT2",28
15.0823,1100,1,,0,0,32,"United Kingdom","08/06/2009",4,0,0,0,3,50.9819,-1.37741,3,"home","ADMINISTRATOR ON MATERNITY LEAVE","SO53",7
18.4573,1101,1,,0,0,52,"United Kingdom","08/06/2009",4,0,0,0,4,51.1119,-1.33836,14,"teaching","PART TIME SUPPLY TEACHER","SO21",4
24.4684,1102,1,,0,0,49,"United Kingdom","08/06/2009",4,0,0,1,4,50.9099,-1.40732,5,"mechanic","STRUCTURAL ENGINEER","SO15",9
12.5833,1103,1,,0,0,56,"United Kingdom","08/06/2009",5,0,0,0,2,51.3802,-1.06542,17,"unknown","-","RG7",12
8.0626,1104,1,,0,0,45,"United Kingdom","08/06/2009",5,0,0,1,4,51.4577,-1.00695,8,"public","HELICOPTER CREWMAN","RG30",8
18.6673,1105,1,,0,0,40,"United Kingdom","08/06/2009",5,0,0,0,1,51.5301,-1.79641,6,"office","ADMINISTRATOR","SN4",13
8.10503,1106,1,,0,0,54,"United Kingdom","08/06/2009",5,0,0,0,2,51.2347,-1.33916,2,"health","DOCTOR","RG28",9
17.4156,1107,1,,0,0,62,"United Kingdom","08/06/2009",5,0,0,0,2,51.2347,-1.33901,10,"retired","RETIRED","RG28",14
4.96073,1108,1,,0,0,57,"United Kingdom","08/06/2009",5,0,0,0,2,51.4068,-1.33886,10,"retired","RETIRED","RG14",4
3.15425,1109,1,,0,0,85,"United Kingdom","08/06/2009",0,0,0,1,1,53.2594,-2.52653,10,"retired","RETIRED PROCESS WORKER FOR ICI","CW8",2
35.7559,1110,1,,0,0,55,"United Kingdom","08/06/2009",4,0,0,1,3,51.2315,-0.047733,6,"office","ACCOUNTANT","RH9",21
0.167702,1111,1,,0,0,79,"United Kingdom","08/06/2009",4,0,0,1,1,51.174,-0.151872,10,"retired","RETIRED","RH6",2
6.54564,1112,1,,1,0,60,"United Kingdom","08/06/2009",4,0,0,0,2,51.1763,-0.022027,10,"retired","RETIRED HOUSEWIFE","RH7",6
14.0553,1113,1,,0,0,74,"United Kingdom","08/06/2009",4,0,0,0,1,50.9665,-0.113876,10,"retired","RETIRED/VOLUNTEER","RH15",12
31.6892,1114,1,,0,0,68,"United Kingdom","08/06/2009",4,0,0,0,2,51.0636,-0.313667,10,"retired","RETIRED","RH13",12
5.96121,1115,1,,0,0,28,"United Kingdom","08/06/2009",5,0,0,0,2,51.4535,-0.963009,14,"teaching","SCIENCE EDUCATOR","RG1",11
5.7372,1116,1,,0,0,69,"United Kingdom","08/06/2009",5,0,0,1,2,50.7576,-2.08581,10,"retired","RETIRED","BH16",3
44.3541,1117,1,,0,0,54,"United Kingdom","08/06/2009",5,0,0,0,2,50.7305,-1.80814,2,"health","NURSERY NURSE","BH6",97
34.1495,1118,1,,0,0,60,"United Kingdom","08/06/2009",5,0,0,0,2,50.7227,-1.93397,3,"home","HOUSEWIFE AND PART TIME RESEARCHER FOR HUSBAND'S COMPANY","BH14",28
19.9989,1119,1,,0,0,78,"United Kingdom","08/06/2009",5,0,0,0,2,50.8021,-1.88893,10,"retired","RETIRED","BH22",20
22.0637,1120,1,,0,0,64,"United Kingdom","08/06/2009",5,0,0,1,3,51.6341,-1.71352,10,"retired","RETIRED","SN6",41
20.3852,1121,1,,0,0,48,"United Kingdom","08/06/2009",5,0,0,0,5,51.3512,-1.67113,3,"home","HOUSEWIFE","SN8",7
6.91569,1122,1,,0,0,56,"United Kingdom","08/06/2009",5,0,0,0,3,51.4056,-1.33449,14,"teaching","TEACHER","RG14",4
16.2615,1123,1,,0,0,30,"United Kingdom","08/06/2009",5,0,0,0,1,51.6562,-1.58716,17,"unknown","ARCHIVIST","SN7",11
18.0404,1124,1,,0,0,57,"United Kingdom","08/06/2009",3,0,0,0,4,51.5535,-0.131169,8,"public","REGENERATION","N7",57
1.86708,1125,1,,0,0,44,"United Kingdom","08/06/2009",2,0,0,0,3,52.0624,-0.871904,3,"home","FOSTER CARER","MK19",7
6.16731,1126,1,,0,0,62,"United Kingdom","08/06/2009",2,0,0,0,2,51.8957,-0.529683,10,"retired","RETIRED","LU5",2
39.276,1127,1,,0,0,38,"United Kingdom","08/06/2009",2,0,0,0,4,52.0729,-0.599939,2,"health","NURSE/HOUSEWIFE","MK43",134
42.2404,1128,1,,0,0,47,"United Kingdom","08/06/2009",3,0,0,1,5,51.615,-0.100725,17,"unknown","JOURNALIST","N13",20
44.5745,1129,1,,0,0,60,"United Kingdom","08/06/2009",4,0,0,0,2,51.6014,-0.320949,6,"office","SECRETARY","HA7",20
20.4213,1130,1,,0,0,37,"United Kingdom","08/06/2009",3,0,0,0,4,51.8779,0.506135,6,"office","BANKING","CM77",6
13.8641,1131,1,,0,0,57,"United Kingdom","08/06/2009",3,0,0,0,2,55.3781,-3.43597,6,"office","SECRETARY","-",8
30.2681,1132,1,,0,0,46,"United Kingdom","08/06/2009",3,0,0,0,2,51.5415,-0.062363,6,"office","PUBLISHING MANAGER","E8",25
13.2781,1133,1,,0,0,59,"United Kingdom","08/06/2009",5,0,0,1,3,51.4804,-0.993724,6,"office","HEALTH & SAFETY MANAGER","RG4",5
15.816,1134,1,,0,0,44,"United Kingdom","08/06/2009",2,0,0,0,4,51.7417,-1.23001,6,"office","TECHNICAL AUTHOR","OX4",18
33.2447,1135,1,,0,0,-1,"United Kingdom","08/06/2009",4,0,0,-1,-1,55.3781,-3.43597,17,"unknown","-","-",20
36.2122,1136,1,,0,0,37,"United Kingdom","08/06/2009",4,0,0,0,4,51.2985,-0.563233,14,"teaching","TEACHER","GU22",6
38.1105,1137,1,,0,0,28,"United Kingdom","08/06/2009",4,0,0,0,2,55.3781,-3.43597,6,"office","PROJECT MANAGER","-",14
27.8384,1138,1,,0,0,32,"United Kingdom","08/06/2009",3,0,0,1,3,51.4814,-0.019224,6,"office","SERVICE MANAGER","SE8",20
13.7482,1139,1,,0,0,70,"United Kingdom","08/06/2009",5,0,0,1,2,50.7593,-2.08396,10,"retired","RETIRED","BH16",41
35.5528,1140,1,,0,0,46,"United Kingdom","08/06/2009",5,0,0,0,1,50.7585,-2.08529,8,"public","POLICE OFFICER","BH16",30
14.64,1141,1,,0,0,68,"United Kingdom","08/06/2009",5,0,0,0,1,50.758,-2.0856,10,"retired","RETIRED","BH16",61
17.2942,1142,1,,0,0,42,"United Kingdom","08/06/2009",3,0,0,0,2,51.5562,-0.07877,6,"office","GRANTS OFFICER (OFFICE JOB)","N16",30
37.1743,1143,1,,0,0,35,"United Kingdom","08/06/2009",3,0,0,0,2,51.5815,-0.116852,6,"office","HELPLINE MANAGER","N8",12
15.1173,1144,1,,0,0,86,"United Kingdom","08/06/2009",6,0,0,0,2,57.8815,-4.36312,10,"retired","RETIRED","IV24",28
5.34834,1145,1,,0,0,62,"United Kingdom","08/06/2009",6,0,0,0,1,56.269,-3.39602,10,"retired","RETIRED","PH2",4
0.661473,1146,1,,0,0,77,"United Kingdom","08/06/2009",4,0,0,0,1,51.5165,-0.19821,10,"retired","RETIRED","W2",1
37.0764,1147,1,,0,0,37,"United Kingdom","08/06/2009",4,0,0,0,1,NaN,NaN,17,"unknown","-","-",49
9.11605,1148,1,,0,0,61,"United Kingdom","08/06/2009",0,0,0,1,2,53.4016,-3.07642,10,"retired","RETIRED","CH43",1
3.85197,1149,1,,0,0,59,"United Kingdom","08/06/2009",0,0,0,0,2,54.8767,-1.56656,6,"office","CIVIL SERVANT","DH3",4
16.6139,1150,1,,0,0,62,"United Kingdom","08/06/2009",0,0,0,1,2,54.8904,-1.5627,10,"retired","RETIRED","DH3",32
16.7802,1151,1,,0,0,44,"United Kingdom","08/06/2009",3,0,0,0,2,51.5308,-0.081614,8,"public","HOUSING MANAGER","N1",16
27.5936,1152,1,,0,0,43,"United Kingdom","08/06/2009",3,0,0,0,6,51.285,0.8854,14,"teaching","ATTENDANCE OFFICER","TN24",41
16.969,1153,1,,0,0,36,"United Kingdom","08/06/2009",0,0,0,0,4,55.3415,-1.61799,3,"home","HOUSEWIFE","NE65",8
26.0784,1154,1,,0,0,38,"United Kingdom","08/06/2009",0,0,0,0,4,54.4308,-1.56231,3,"home","HOUSEWIFE","DL7",9
25.0957,1155,1,,0,0,71,"United Kingdom","08/06/2009",0,0,0,0,2,54.8634,-1.40434,10,"retired","RETIRED","SR3",23
14.5465,1156,1,,0,0,-1,"United Kingdom","08/06/2009",4,0,0,-1,-1,NaN,NaN,17,"unknown","-","-",13
23.4306,1157,1,,0,0,25,"United Kingdom","08/06/2009",4,0,0,0,2,51.236,-0.204919,12,"service","CUSTOMER SERVICES","RH2",10
18.8192,1158,1,,0,0,60,"United Kingdom","08/06/2009",3,0,0,1,1,51.7105,-0.609333,5,"mechanic","MECHANIC","HP5",7
10.6635,1159,1,,0,0,70,"United Kingdom","08/06/2009",3,0,0,1,1,51.6653,-0.690878,10,"retired","RETIRED","HP15",27
10.8556,1160,1,,0,0,81,"United Kingdom","08/06/2009",0,0,0,0,2,54.9963,-1.6581,10,"retired","RETIRED","NE5",15
1.00583,1161,1,,0,0,70,"United Kingdom","08/06/2009",5,0,0,0,1,52.2137,-4.36079,10,"retired","RETIRED","SA45",1
15.268,1162,1,,0,0,64,"United Kingdom","08/06/2009",5,0,0,0,2,51.4935,-2.64814,6,"office","COMPANY SECRETARY","BS9",9
20.4562,1163,1,,0,0,53,"United Kingdom","08/06/2009",4,0,0,0,3,50.9665,-0.113876,3,"home","HOUSEWIFE","RH15",13
24.4038,1164,1,,0,0,20,"United Kingdom","08/06/2009",4,0,0,0,3,51.0212,-0.452428,17,"unknown","AVON","RH14",32
8.37907,1165,1,,0,0,59,"United Kingdom","08/06/2009",4,0,0,1,2,50.8393,-0.279325,10,"retired","RETIRED","BN43",2
32.2474,1166,1,,0,0,50,"United Kingdom","08/06/2009",4,0,0,0,5,51.2384,-0.090134,2,"health","PHYSIOTHERAPIST","RH1",15
12.7273,1167,1,,0,0,47,"United Kingdom","08/06/2009",0,0,0,1,2,53.2372,-3.13384,12,"service","POSTMAN","CH6",5
3.90219,1168,1,,0,0,42,"United Kingdom","08/06/2009",5,0,0,0,2,52.1872,-2.21642,8,"public","LOCAL GOVERNMENT OFFICER","WR5",13
34.4995,1169,1,,0,0,59,"United Kingdom","08/06/2009",6,0,0,0,1,53.7314,-2.50441,12,"service","SHOP KEEPER - LADIES FASHION","BB2",16
10.9763,1170,1,,0,0,39,"United Kingdom","08/06/2009",5,0,0,0,4,50.8722,-2.96723,2,"health","NURSE","TA20",15
37.8395,1171,1,,0,0,67,"United Kingdom","08/06/2009",5,0,0,0,2,NaN,NaN,10,"retired","RETIRED","-",237
33.4337,1172,1,,0,0,67,"United Kingdom","08/06/2009",4,0,0,0,1,51.4064,-0.369012,10,"retired","RETIRED NURSE","KT8",61
6.455,1173,1,,0,0,62,"United Kingdom","08/06/2009",6,0,0,0,1,53.5929,-2.32627,10,"retired","RETIRED","BL8",15
35.4904,1174,1,,0,0,45,"United Kingdom","08/06/2009",3,0,0,0,3,51.3688,0.507729,6,"office","HEAD OF SUPPORT SERVICES","ME1",50
2.97858,1175,1,,0,0,66,"United Kingdom","08/06/2009",6,0,0,0,2,53.5989,-2.38002,10,"retired","RETIRED TEACHER","BL2",14
43.3705,1176,1,,0,0,19,"United Kingdom","08/06/2009",2,0,0,0,6,52.5574,-1.78916,13,"student","STUDENT","B76",43
41.5615,1177,1,,0,0,69,"United Kingdom","08/06/2009",5,0,0,0,2,50.1494,-5.06446,10,"retired","RETIRED","TR11",21
24.2071,1178,1,,0,0,72,"United Kingdom","08/06/2009",4,0,0,1,2,NaN,NaN,10,"retired","RETIRED","-",15
11.353,1179,1,,0,0,59,"United Kingdom","08/06/2009",3,0,0,0,3,51.7381,0.698222,10,"retired","RETIRED","CM9",20
7.93623,1180,1,,0,0,74,"United Kingdom","08/06/2009",0,0,0,1,2,53.2246,-4.16344,10,"retired","RETIRED ECOLOGIST","LL59",6
0.455182,1181,1,,0,0,81,"United Kingdom","08/06/2009",0,0,0,1,2,53.1862,-3.40299,10,"retired","RETIRED","LL16",3
3.65502,1182,1,,0,0,64,"United Kingdom","08/06/2009",0,0,0,0,1,NaN,NaN,10,"retired","RETIRED","-",11
7.44814,1183,1,,1,0,72,"United Kingdom","08/06/2009",5,0,0,0,1,52.3079,-2.37425,10,"retired","RETIRED","WR6",55
16.0626,1184,1,,0,0,62,"United Kingdom","08/06/2009",5,0,0,0,1,51.694,-4.94572,8,"public","EDUCATIONAL ADVISOR","SA72",5
5.59145,1185,1,,0,0,67,"United Kingdom","08/06/2009",2,0,0,1,1,52.7817,-0.196991,10,"retired","RETIRED","PE11",2
6.91685,1186,1,,0,0,68,"United Kingdom","08/06/2009",5,0,0,1,2,51.671,-4.04961,10,"retired","RETIRED","SA4",3
37.6784,1187,1,,0,0,38,"United Kingdom","08/06/2009",3,0,0,0,2,51.5555,-0.135687,6,"office","MANAGER","N19",16
32.076,1188,1,,0,0,52,"United Kingdom","08/06/2009",4,0,0,0,3,51.389,-0.193977,6,"office","COMPLIANCE OFFICER","SM4",20
5.62271,1189,1,,0,0,55,"United Kingdom","08/06/2009",3,0,0,1,1,51.5654,-0.12556,9,"research","UNIVERSITY PROFESSOR","N19",6
21.9315,1190,1,,0,0,48,"United Kingdom","08/06/2009",3,0,0,0,2,51.7729,1.10738,12,"service","TRAINER","CO15",8
20.5352,1191,1,,0,0,62,"United Kingdom","08/06/2009",3,0,0,0,1,51.7466,0.470334,6,"office","ACCOUNTS MANAGER","CM1",13
27.7329,1192,1,,0,0,59,"United Kingdom","08/06/2009",3,0,0,0,1,51.7466,0.470086,8,"public","LOCAL GOVERNMENT MANAGER","CM",12
4.19318,1193,1,,0,0,84,"United Kingdom","08/06/2009",5,0,0,1,2,50.6864,-2.11157,10,"retired","RETIRED","BH20",16
37.4433,1194,1,,0,0,59,"United Kingdom","08/06/2009",3,0,0,0,2,51.749,0.502887,10,"retired","RETIRED","CM1",19
46.2801,1195,1,,0,0,14,"United Kingdom","08/06/2009",3,0,0,0,3,51.7658,0.133706,11,"schoolchild","STUDENT","CM17",80
17.5009,1196,1,,0,0,62,"United Kingdom","08/06/2009",3,0,0,0,2,51.8566,0.582221,10,"retired","RETIRED","CM77",6
11.1228,1197,1,,0,0,64,"United Kingdom","08/06/2009",3,0,0,0,2,51.6225,0.327696,10,"retired","RETIRED","CM13",6
8.68753,1198,1,,0,0,50,"United Kingdom","08/06/2009",3,0,0,0,3,51.9441,0.94988,14,"teaching","TEACHER","CO4",6
24.579,1199,1,,1,0,77,"United Kingdom","08/06/2009",2,0,0,0,1,NaN,NaN,17,"unknown","VOLUNTARY WORK (RETIRED)","-",70
7.36302,1200,1,,0,0,50,"United Kingdom","08/06/2009",5,0,0,0,1,51.5602,-3.35381,6,"office","CIVIL SERVANT","CF38",8
1.02904,1201,1,,0,0,47,"United Kingdom","08/06/2009",5,0,0,0,1,51.4114,-3.24508,9,"research","LECTURER","CF63",18
2.52003,1202,1,,0,0,65,"United Kingdom","08/06/2009",5,0,0,0,1,51.5158,-3.25086,10,"retired","RETIRED","CF15",4
0.0133029,1203,1,,1,0,87,"United Kingdom","08/06/2009",3,0,0,0,1,51.3189,0.893187,3,"home","HOUSEWIFE","ME13",1
11.5626,1204,1,,0,0,27,"United Kingdom","08/06/2009",5,0,0,0,1,50.7274,-1.84541,2,"health","PHYSIOTHERAPIST","BH1",9
36.6302,1205,1,,1,0,63,"United Kingdom","08/06/2009",5,0,0,0,1,50.8146,-1.81432,10,"retired","RETIRED","BH24",18
22.0214,1206,1,,1,0,67,"United Kingdom","08/06/2009",4,0,0,0,2,50.5314,-2.45031,10,"retired","RETIRED","DT5",29
19.6565,1207,1,,0,0,59,"United Kingdom","08/06/2009",4,0,0,0,2,51.5076,-0.195764,3,"home","HOUSEWIFE","W8",15
7.18511,1208,1,,0,0,60,"United Kingdom","08/06/2009",3,0,0,1,2,51.4393,0.075941,10,"retired","RETIRED","SE9",7
19.5367,1209,1,,0,0,39,"United Kingdom","08/06/2009",4,0,0,0,2,51.1748,-0.154316,6,"office","LEGAL PA","RH6",19
9.4924,1210,1,,0,0,65,"United Kingdom","08/06/2009",3,0,0,0,1,51.4921,-0.155154,10,"retired","RETIRED","SW1W",14
14.2554,1211,1,,0,0,47,"United Kingdom","08/06/2009",4,0,0,1,1,51.5408,-0.246555,1,"entertain","CAMERAMAN","NW10",14
33.6238,1212,1,,0,0,33,"United Kingdom","08/06/2009",4,0,0,0,2,51.4523,-0.188154,6,"office","RISK MANAGEMENT","SW18",8
2.50663,1213,1,,0,0,66,"United Kingdom","08/06/2009",4,0,0,0,1,51.4083,-0.224035,10,"retired","RETIRED IT CONSULTANT","SW20",5
14.6977,1214,1,,0,0,41,"United Kingdom","08/06/2009",3,0,0,0,1,51.4403,-0.011929,6,"office","MARKETING","SE",13
39.9423,1215,1,,1,0,39,"United Kingdom","08/06/2009",4,0,0,1,2,51.4679,-0.159876,12,"service","RETAIL","SW11",490
18.2243,1216,1,,0,0,54,"United Kingdom","08/06/2009",3,0,0,0,5,51.4669,-0.019325,1,"entertain","ARTIST","SE13",30
24.3195,1217,1,,0,0,61,"United Kingdom","08/06/2009",3,0,0,0,2,51.6343,-0.171595,6,"office","FREELANCE ADMIN","N20",12
0.307843,1218,1,,0,0,36,"United Kingdom","08/06/2009",3,0,0,1,1,51.5641,-0.098937,6,"office","IT","N4",7
14.5869,1219,1,,0,0,67,"United Kingdom","08/06/2009",4,0,0,0,1,51.5096,-0.61449,10,"retired","RETIRED","SL1",13
9.80311,1220,1,,0,0,72,"United Kingdom","08/06/2009",5,0,0,0,1,50.6297,-3.3303,10,"retired","RETIRED","EX96",8
18.6929,1221,1,,0,0,52,"United Kingdom","08/06/2009",6,0,0,1,4,53.928,-2.98572,9,"research","LECTURER","FY6",17
3.1538,1222,1,,0,0,67,"United Kingdom","08/06/2009",6,0,0,0,1,NaN,NaN,10,"retired","RETIRED TEACHER","-",1
7.31336,1223,1,,0,0,68,"United Kingdom","08/06/2009",4,0,0,1,2,51.5262,-0.313956,10,"retired","RETIRED","W5",4
31.0465,1224,1,,0,0,30,"United Kingdom","08/06/2009",6,0,0,0,3,56.402,-3.00684,14,"teaching","TEACHER","DD6",9
43.8088,1225,1,,0,0,44,"United Kingdom","08/06/2009",6,0,0,0,2,54.0379,-2.79854,1,"entertain","ARTIST","LA1",187
8.53278,1226,1,,0,0,63,"United Kingdom","08/06/2009",6,0,0,0,2,53.7803,-2.67164,17,"unknown","-","PR2",15
12.1432,1227,1,,0,0,65,"United Kingdom","08/06/2009",4,0,0,0,1,50.8389,-0.182449,10,"retired","RETIRED","BN3",22
4.50076,1228,1,,0,0,76,"United Kingdom","08/06/2009",4,0,0,1,2,51.4448,-0.21469,10,"retired","RETIRED","SW19",3
8.56426,1229,1,,0,0,81,"United Kingdom","08/06/2009",2,0,0,1,1,52.1174,1.15043,10,"retired","RETIRED","IP6",1
21.0317,1230,1,,0,0,44,"United Kingdom","08/06/2009",4,0,0,1,4,51.2596,-0.550315,8,"public","FIREMAN","GU4",47
32.6051,1231,1,,0,0,74,"United Kingdom","08/06/2009",2,0,0,0,2,52.6204,-2.01089,10,"retired","RETIRED","WS3",96
35.5831,1232,1,,0,0,52,"United Kingdom","08/06/2009",3,0,0,1,4,51.3692,0.5077,8,"public","HOUSING OFFICER","ME1",35
9.85041,1233,1,,0,0,69,"United Kingdom","08/06/2009",4,0,0,1,2,51.3124,-0.595476,10,"retired","RETIRED","GU21",15
40.6194,1234,1,,0,0,68,"United Kingdom","08/06/2009",0,0,0,0,3,53.3174,-3.49365,10,"retired","RETIRED","LL18",22
9.25086,1235,1,,1,0,66,"United Kingdom","08/06/2009",6,0,0,1,2,53.8763,-2.99646,10,"retired","RETIRED","FY5",1
10.2741,1236,1,,0,0,66,"United Kingdom","08/06/2009",6,0,0,1,2,53.7319,-2.52535,17,"unknown","-","BB25",17
33.7075,1237,1,,0,0,60,"United Kingdom","08/06/2009",6,0,0,1,3,53.8762,-2.99477,10,"retired","RETIRED","FY5",44
11.041,1238,1,,0,0,69,"United Kingdom","08/06/2009",0,0,0,1,2,53.0477,-2.98152,10,"retired","RETIRED","LL13",20
10.6776,1239,1,,0,0,81,"United Kingdom","08/06/2009",0,0,0,0,2,53.0629,-3.05076,3,"home","HOUSEWIFE","LL",8
1.10853,1240,1,,0,0,88,"United Kingdom","08/06/2009",0,0,0,0,1,53.2907,-3.8149,3,"home","HOUSEWIFE","LL31",5
20.2955,1241,1,,0,0,51,"United Kingdom","08/06/2009",0,0,0,0,2,53.2783,-2.9456,2,"health","OPTOMETRIST","CH66",24
31.9059,1242,1,,0,0,41,"United Kingdom","08/06/2009",3,0,0,0,4,51.062,0.339718,3,"home","PARENT","TN5",17
25.0709,1243,1,,0,0,44,"United Kingdom","08/06/2009",3,0,0,0,4,50.8979,0.44972,3,"home","HOUSEWIFE","TN33",24
8.53526,1244,1,,0,0,69,"United Kingdom","08/06/2009",6,0,0,1,2,53.8818,-3.041,10,"retired","RETIRED","FY5",7
15.8761,1245,1,,0,0,68,"United Kingdom","08/06/2009",4,0,0,1,3,51.5178,-0.31205,10,"retired","RETIRED","W13",6
0.132548,1246,1,,0,0,87,"United Kingdom","08/06/2009",4,0,0,1,1,51.5224,-0.727257,10,"retired","RETIRED","SL6",1
8.42029,1247,1,,0,0,82,"United Kingdom","08/06/2009",1,0,0,1,2,53.1415,-1.22351,10,"retired","RETIRED","NG18",4
34.438,1248,1,,0,0,40,"United Kingdom","08/06/2009",4,0,0,0,1,51.5019,-0.538781,6,"office","CIVIL SERVANT","SL3",90
13.4464,1249,1,,0,0,23,"United Kingdom","08/06/2009",0,0,0,0,2,52.9492,-1.14392,13,"student","STUDENT","NG1",10
11.8052,1250,1,,0,0,52,"United Kingdom","08/06/2009",4,0,0,0,3,51.4816,-1.07913,6,"office","MANAGING DIRECTOR","RG8",18
38.5038,1251,1,,0,0,54,"United Kingdom","08/06/2009",4,0,0,0,4,51.6059,-0.386169,2,"health","NURSERY SECRETARY","HA5",27
0.246372,1252,1,,0,0,62,"United Kingdom","08/06/2009",5,0,0,1,1,51.3736,-2.12502,10,"retired","RETIRED AUDIT MANAGER","SN12",1
2.59314,1253,1,,0,0,53,"United Kingdom","08/06/2009",5,0,0,0,2,51.4109,-0.727452,6,"office","TECHNICAL WRITER","RG12",10
6.55104,1254,1,,0,0,57,"United Kingdom","08/06/2009",5,0,0,0,3,51.9122,-2.10719,6,"office","CIVIL SERVANT","GL51",7
23.8455,1255,1,,0,0,56,"United Kingdom","08/06/2009",6,0,0,0,2,55.8303,-4.27825,9,"research","LECTURER","G41",12
0.805906,1256,1,,0,0,43,"United Kingdom","08/06/2009",4,0,0,0,1,51.3033,-0.781718,6,"office","PENSIONS ADMINISTRATOR","GU14",5
30.5393,1257,1,,0,0,34,"United Kingdom","08/06/2009",6,0,0,0,3,55.8513,-4.19427,9,"research","RESEARCHER","G31",124
7.41849,1258,1,,0,0,61,"United Kingdom","08/06/2009",6,0,0,0,2,55.9072,-4.34147,10,"retired","RETIRED","G61",11
35.2299,1259,1,,0,0,61,"United Kingdom","08/06/2009",6,0,0,0,2,55.346,-4.61247,10,"retired","RETIRED","KA19",258
5.37084,1260,1,,0,0,64,"United Kingdom","08/06/2009",6,0,0,1,2,55.9165,-4.22828,10,"retired","RETIRED","G64",2
30.4463,1261,1,,0,0,62,"United Kingdom","08/06/2009",6,0,0,0,2,55.8222,-3.80024,10,"retired","RETIRED","ML7",8
22.1783,1262,1,,0,0,44,"United Kingdom","08/06/2009",4,0,0,1,2,51.5285,-0.44326,17,"unknown","SERVICES DIRECTOR","UB10",30
1.69766,1263,1,,1,0,87,"United Kingdom","08/06/2009",4,0,0,0,1,51.5283,-0.44272,10,"retired","RETIRED","UB10",6
29.4496,1264,1,,0,0,47,"United Kingdom","08/06/2009",4,0,0,0,4,51.57,-0.34589,14,"teaching","PA TO HEAD TEACHER","HA2",113
5.52557,1265,1,,0,0,64,"United Kingdom","08/06/2009",4,0,0,0,2,51.5577,-0.18868,10,"retired","RETIRED/HOUSEWIFE","NW3",9
2.07536,1266,1,,0,0,70,"United Kingdom","08/06/2009",4,0,0,1,2,51.4863,-0.301102,10,"retired","RETIRED","TW8",1
0.317246,1267,1,,0,0,84,"United Kingdom","08/06/2009",6,0,0,0,1,54.324,-2.74808,10,"retired","RETIRED","LA9",1
6.98315,1268,1,,0,0,65,"United Kingdom","08/06/2009",4,0,0,1,2,51.6054,-0.383628,10,"retired","RETIRED","HA5",8
18.8095,1269,1,,0,0,35,"United Kingdom","08/06/2009",4,0,0,0,4,51.6055,-0.394948,3,"home","HOMEMAKER","HA5",4
21.2571,1270,1,,0,0,30,"United Kingdom","08/06/2009",4,0,0,0,2,51.5014,-0.45723,17,"unknown","QUALITY CONTROL","UB7",11
1.18477,1271,1,,0,0,30,"United Kingdom","08/06/2009",5,0,0,1,2,51.8948,-2.07512,6,"office","MANAGER","GL53",6
11.0111,1272,1,,0,0,30,"United Kingdom","08/06/2009",5,0,0,0,2,51.7097,-1.76782,2,"health","DOCTOR","GL7",4
8.80061,1273,1,,0,0,76,"United Kingdom","08/06/2009",5,0,0,1,2,50.7252,-1.92091,10,"retired","RETIRED","BH13",17
0.885561,1274,1,,0,0,68,"United Kingdom","08/06/2009",5,0,0,1,1,50.7274,-1.84541,10,"retired","RETIRED","BH1",3
0.865565,1275,1,,0,0,79,"United Kingdom","08/06/2009",5,0,0,1,2,50.6899,-2.11259,10,"retired","RETIRED","BH20",10
1.60779,1276,1,,0,0,67,"United Kingdom","08/06/2009",5,0,0,1,2,50.802,-2.00726,10,"retired","RETIRED","BH21",9
27.7309,1277,1,,0,0,53,"United Kingdom","08/06/2009",5,0,0,1,2,50.7306,-1.93745,2,"health","CARER","BH12",185
2.53229,1278,1,,0,0,63,"United Kingdom","08/06/2009",5,0,0,1,2,50.7561,-1.9674,10,"retired","RETIRED","BH17",4
14.8905,1279,1,,0,0,50,"United Kingdom","08/06/2009",5,0,0,1,2,50.6393,-2.47085,10,"retired","RETIRED","DT3",8
14.065,1280,1,,0,0,64,"United Kingdom","08/06/2009",4,0,0,0,2,50.8313,-2.13871,3,"home","HOUSEWIFE","DT11",7
8.30066,1281,1,,1,0,79,"United Kingdom","08/06/2009",5,0,0,0,2,50.7033,-2.27934,10,"retired","RETIRED","DT2",9
28.7629,1282,1,,0,0,60,"United Kingdom","08/06/2009",6,0,0,0,2,53.9054,-3.02813,10,"retired","RETIRED","FY7",9
15.9431,1283,1,,0,0,77,"United Kingdom","08/06/2009",6,0,0,0,2,54.3096,-2.75898,3,"home","HOUSEWIFE","LA9",17
21.4156,1284,1,,0,0,22,"United Kingdom","08/06/2009",6,0,0,0,3,54.1795,-3.10101,13,"student","STUDENT","LA12",7
36.8999,1285,1,,0,0,30,"United Kingdom","08/06/2009",1,0,0,0,3,52.4388,-1.44883,8,"public","POLICE COMMUNITY SUPPORT OFFIC","CV2",32
26.1224,1286,1,,0,0,38,"United Kingdom","08/06/2009",5,0,0,0,4,51.5087,-3.58896,17,"unknown","CONSULTANT","CF31",34
9.24299,1287,1,,0,0,66,"United Kingdom","08/06/2009",3,0,0,1,2,51.9441,0.94988,10,"retired","RETIRED","CO4",8
16.3688,1288,1,,0,0,68,"United Kingdom","08/06/2009",6,0,0,0,2,56.0144,-3.91568,10,"retired","RETIRED","FK6",10
2.12705,1289,1,,0,0,61,"United Kingdom","08/06/2009",4,0,0,0,2,51.0831,-0.714008,10,"retired","RETIRED","GU27",15
0.0810012,1290,1,,0,0,83,"United Kingdom","08/06/2009",1,0,0,0,1,53.0781,-0.955189,17,"unknown","-","NG25",1
17.9768,1291,1,,0,0,64,"United Kingdom","08/06/2009",4,0,0,1,2,51.3506,-0.097115,10,"retired","RETIRED","CR2",9
20.3969,1292,1,,1,0,59,"United Kingdom","08/06/2009",3,0,0,0,2,51.2724,0.564999,2,"health","HEALTH VISITOR","ME14",43
37.2998,1293,1,,0,0,42,"United Kingdom","08/06/2009",3,0,0,0,2,51.1204,1.28997,2,"health","OPHTHALMIC PHOTOGRAPHER","CT17",58
1.22007,1294,1,,0,0,55,"United Kingdom","08/06/2009",5,0,0,0,2,51.3934,-2.79821,17,"unknown","-","BS49",1
9.68016,1295,1,,0,0,44,"United Kingdom","08/06/2009",4,0,0,0,2,50.8285,-0.134429,6,"office","ADMINISTRATOR","BN2",26
17.7193,1296,1,,1,0,75,"United Kingdom","08/06/2009",5,0,0,0,2,51.3461,-1.14435,10,"retired","RETIRED","RG",15
15.0122,1297,1,,0,0,60,"United Kingdom","08/06/2009",6,0,0,0,2,56.3932,-3.48276,6,"office","BANKER","PH1",26
1.03364,1298,1,,0,0,64,"United Kingdom","08/06/2009",6,0,0,0,1,56.4472,-3.16896,10,"retired","RETIRED","PH14",3
12.1396,1299,1,,0,0,73,"United Kingdom","08/06/2009",6,0,0,0,2,55.9,-4.22214,10,"retired","RETIRED","G64",3
0.777786,1300,1,,0,0,82,"United Kingdom","08/06/2009",6,0,0,0,1,53.6435,-2.96955,10,"retired","RETIRED","PR9",1
6.48152,1301,1,,0,0,88,"United Kingdom","08/06/2009",4,0,0,1,1,50.9135,-1.27625,10,"retired","RETIRED","SO30",5
20.6701,1302,1,,0,0,44,"United Kingdom","08/06/2009",4,0,0,0,4,50.9659,-1.38114,6,"office","ADMINISTRATION","SO50",7
35.49,1303,1,,0,0,25,"United Kingdom","08/06/2009",6,0,0,1,4,54.936,-1.70173,13,"student","PHD STUDENT","NE16",457
38.8068,1304,1,,0,0,60,"United Kingdom","08/06/2009",6,0,0,0,2,56.4062,-3.47749,12,"service","GARDENER","PH1",30
39.75,1305,1,,0,0,57,"United Kingdom","08/06/2009",6,0,0,0,1,56.7251,-2.4724,6,"office","AREA MANAGER","DD10",30
38.7325,1306,1,,0,0,46,"United Kingdom","08/06/2009",1,0,0,0,2,53.4769,-1.56854,2,"health","NURSE","S36",18
4.37,1307,1,,0,0,67,"United Kingdom","08/06/2009",4,0,0,0,2,51.2315,-0.047733,10,"retired","RETIRED","RH9",2
20.7849,1308,1,,0,0,76,"United Kingdom","08/06/2009",4,0,0,0,1,50.8348,-0.372336,10,"retired","RETIRED","BN14",11
26.1849,1309,1,,1,0,73,"United Kingdom","08/06/2009",6,0,0,0,2,53.7829,-3.03593,10,"retired","RETIRED","FY4",92
21.2323,1310,1,,0,0,35,"United Kingdom","08/06/2009",4,0,0,0,4,50.6408,-1.17651,3,"home","HOUSEWIFE/CARER","PO37",13
6.56175,1311,1,,0,0,67,"United Kingdom","08/06/2009",4,0,0,1,1,51.0577,-1.3019,10,"retired","RETIRED","SO23",6
9.66268,1312,1,,0,0,66,"United Kingdom","08/06/2009",4,0,0,1,2,51.3186,-0.210513,10,"retired","RETIRED","SM7",5
38.432,1313,1,,0,0,33,"United Kingdom","08/06/2009",1,0,0,0,4,52.6152,-1.17367,2,"health","NURSE","LE3",22
32.0862,1314,1,,0,0,43,"United Kingdom","08/06/2009",1,0,0,0,3,52.6721,-0.731239,2,"health","NURSE","LE15",40
10.1409,1315,1,,0,0,24,"United Kingdom","08/06/2009",5,0,0,0,3,50.9182,-2.61787,2,"health","TRAINEE DENTAL NURSE","BA22",5
12.6406,1316,1,,0,0,58,"United Kingdom","08/06/2009",5,0,0,0,4,51.5229,-3.20242,8,"public","LIBRARY ASSISTANT","CF14",2
1.14999,1317,1,,0,0,72,"United Kingdom","08/06/2009",5,0,0,1,1,51.5158,-3.25041,10,"retired","RETIRED","CF15",7
8.57364,1318,1,,0,0,46,"United Kingdom","08/06/2009",0,0,0,1,4,53.4899,-2.90292,6,"office","DATA PROCESSOR","L32",53
27.6532,1319,1,,0,0,55,"United Kingdom","08/06/2009",4,0,0,1,5,51.1416,-0.482819,14,"teaching","TEACHER","GU6",15
19.8583,1320,1,,0,0,62,"United Kingdom","08/06/2009",5,0,0,0,2,51.5186,-3.70201,10,"retired","RETIRED","CF33",7
8.50736,1321,1,,0,0,74,"United Kingdom","08/06/2009",3,0,0,1,2,51.6342,-0.171941,10,"retired","RETIRED","N20",5
18.5367,1322,1,,0,0,62,"United Kingdom","08/06/2009",4,0,0,1,1,51.5134,-0.13733,6,"office","MARKETING","W1F",20
9.55905,1323,1,,0,0,71,"United Kingdom","08/06/2009",3,0,0,1,2,51.4616,-0.263071,10,"retired","RETIRED","SW14",6
25.8518,1324,1,,0,0,44,"United Kingdom","08/06/2009",3,0,0,0,3,51.4882,0.083119,14,"teaching","TEACHING ASSISTANT","SE18",94
5.76672,1325,1,,0,0,32,"United Kingdom","08/06/2009",4,0,0,0,2,51.5802,-0.338163,6,"office","EDITOR","HA1",9
18.1321,1326,1,,0,0,37,"United Kingdom","08/06/2009",4,0,0,0,1,51.5304,-0.57478,6,"office","STASTISTICAL PROGRAMMER","SL2",16
30.9156,1327,1,,0,0,50,"United Kingdom","08/06/2009",4,0,0,1,5,50.8136,-0.375424,5,"mechanic","CHARTERED ENGINEER","BN11",22
20.1302,1328,1,,0,0,85,"United Kingdom","08/06/2009",3,0,0,0,1,50.9721,0.253072,10,"retired","RETIRED","TN21",18
0.870313,1329,1,,0,0,37,"United Kingdom","08/06/2009",6,0,0,1,1,54.062,-2.81195,9,"research","RESEARCHER","LA1",4
10.3089,1330,1,,0,0,53,"United Kingdom","08/06/2009",4,0,0,1,2,51.0331,-1.83021,6,"office","COMPANY DIRECTOR","SP52",6
1.64702,1331,1,,0,0,83,"United Kingdom","08/06/2009",6,0,0,1,2,54.1845,-2.92099,10,"retired","RETIRED","LA11",1
3.16934,1332,1,,0,0,43,"United Kingdom","08/06/2009",4,0,0,0,1,51.0469,-1.34225,13,"student","STUDENT","SO22",8
3.47192,1333,1,,0,0,68,"United Kingdom","08/06/2009",4,0,0,0,2,51.2269,-1.48019,10,"retired","RETIRED","SP10",3
4.10568,1334,1,,0,0,24,"United Kingdom","08/06/2009",5,0,0,0,10,51.4699,-3.17088,13,"student","STUDENT","CF10",22
0.419843,1335,1,,0,0,58,"United Kingdom","08/06/2009",4,0,0,1,1,50.7567,-1.54499,16,"unemployed","UNEMPLOYED","SO41",1
31.3684,1336,1,,0,0,58,"United Kingdom","08/06/2009",4,0,0,0,2,51.1115,-1.33563,6,"office","RECEPTIONIST","SO21",24
39.5951,1337,1,,0,0,32,"United Kingdom","08/06/2009",0,0,0,0,3,53.3146,-4.63952,17,"unknown","ADVISER","LL65",20
18.5289,1338,1,,0,0,73,"United Kingdom","08/06/2009",0,0,0,1,1,53.2838,-3.06506,10,"retired","RETIRED","CH64",14
4.085,1339,1,,0,0,45,"United Kingdom","08/06/2009",5,0,0,0,3,50.2451,-5.21387,8,"public","SUPPORT WORKER","TR15",27
9.19606,1340,1,,0,0,56,"United Kingdom","08/06/2009",5,0,0,0,2,50.1378,-5.53403,10,"retired","RETIRED TEACHER","TR20",3
42.6283,1341,1,,0,0,46,"United Kingdom","08/06/2009",4,0,0,1,3,51.4807,-0.182648,4,"labour","BUILDER","SW10",28
39.641,1342,1,,0,0,44,"United Kingdom","08/06/2009",4,0,0,1,3,50.8778,-1.35077,12,"service","SALES","SO31",33
36.2247,1343,1,,0,0,70,"United Kingdom","08/06/2009",2,0,0,1,2,49.4931,-2.52496,10,"retired","RETIRED DOCTOR","GY3",41
26.4274,1344,1,,0,0,38,"United Kingdom","08/06/2009",0,0,0,0,1,53.3981,-2.96639,8,"public","YOUTH WORKER","L7",18
1.38192,1345,1,,0,0,81,"United Kingdom","08/06/2009",0,0,0,0,1,53.5197,-2.95212,10,"retired","RETIRED NHS EXECUTIVE OFFICER","L31",3
2.94701,1346,1,,0,0,32,"United Kingdom","08/06/2009",0,0,0,0,2,53.3736,-3.16615,6,"office","ADMINISTRATOR","CH48",3
10.3034,1347,1,,0,0,70,"United Kingdom","08/06/2009",1,0,0,0,1,53.8111,-1.83241,10,"retired","RETIRED","BD15",53
26.8265,1348,1,,0,0,50,"United Kingdom","08/06/2009",3,0,0,1,1,51.6297,-0.717454,6,"office","STOREMAN","HP13",17
4.40008,1349,1,,0,0,33,"United Kingdom","08/06/2009",4,0,0,0,2,51.0557,-0.644059,17,"unknown","QUALITY MANAGER","GU28",11
14.3299,1350,1,,0,0,63,"United Kingdom","08/06/2009",4,0,0,1,2,51.3216,-0.61697,10,"retired","RETIRED","GU21",12
12.7174,1351,1,,1,0,89,"United Kingdom","08/06/2009",4,0,0,1,2,51.3678,-0.441516,10,"retired","RETIRED","KT13",10
5.01292,1352,1,,0,0,74,"United Kingdom","08/06/2009",4,0,0,1,2,51.3303,-0.784636,10,"retired","RETIRED","GU17",11
9.57931,1353,1,,0,0,90,"United Kingdom","08/06/2009",4,0,0,0,1,NaN,NaN,3,"home","HOUSEWIFE","-",3
1.82804,1354,1,,0,0,52,"United Kingdom","08/06/2009",4,0,0,0,5,51.33,-0.388267,3,"home","HOUSEWIFE","KT11",6
0.0900748,1355,1,,0,0,75,"United Kingdom","08/06/2009",4,0,0,0,1,NaN,NaN,10,"retired","RETIRED","-",1
35.3672,1356,1,,0,0,47,"United Kingdom","08/06/2009",4,0,0,0,4,51.3215,-0.616494,6,"office","ACCOUNTANT","GU21",12
34.233,1357,1,,1,0,64,"United Kingdom","08/06/2009",5,0,0,1,1,51.3531,-2.98525,8,"public","REVENUE OFFICER","BS23",49
16.6107,1358,1,,0,0,29,"United Kingdom","08/06/2009",3,0,0,0,4,51.8237,-0.825512,2,"health","CARER","HP19",10
24.3724,1359,1,,0,0,68,"United Kingdom","08/06/2009",4,0,0,0,1,51.3748,-0.13194,14,"teaching","TEACHER","CR0",16
9.91651,1360,1,,0,0,40,"United Kingdom","08/06/2009",4,0,0,0,3,51.4579,-0.488688,17,"unknown","-","TW19",4
6.21623,1361,1,,0,0,64,"United Kingdom","08/06/2009",4,0,0,1,2,50.8389,-0.182449,10,"retired","RETIRED","BN3",6
45.1791,1362,1,,0,0,23,"United Kingdom","08/06/2009",4,0,0,0,5,50.8297,-0.207026,6,"office","ADMINISTRATOR","BN3",32
38.4247,1363,1,,0,0,60,"United Kingdom","08/06/2009",5,0,0,0,2,50.1167,-5.53351,2,"health","PSYCHOTHERAPIST","TR18",34
29.0778,1364,1,,0,0,58,"United Kingdom","08/06/2009",5,0,0,0,3,50.1378,-5.53403,10,"retired","RETIRED","TR20",8
15.1026,1365,1,,0,0,28,"United Kingdom","08/06/2009",5,0,0,0,1,50.2281,-5.26627,12,"service","CUSTOMER SERVICES","TR15",8
9.73849,1366,1,,0,0,88,"United Kingdom","08/06/2009",5,0,0,1,1,50.3942,-3.51677,10,"retired","RETIRED","TQ5",4
19.0079,1367,1,,1,0,73,"United Kingdom","08/06/2009",5,0,0,1,2,50.3942,-3.51677,10,"retired","RETIRED","TQ5",6
0.61302,1368,1,,0,0,80,"United Kingdom","08/06/2009",5,0,0,0,1,50.2872,-5.23339,10,"retired","RETIRED","TR4",3
7.28759,1369,1,,1,0,56,"United Kingdom","08/06/2009",6,0,0,0,2,56.3934,-3.20967,3,"home","CARER FOR HUSBAND","PH2",15
8.98183,1370,1,,0,0,54,"United Kingdom","08/06/2009",5,0,0,1,3,50.1195,-5.1744,6,"office","CIVIL SERVANT","TR11",11
0.449449,1371,1,,1,0,50,"United Kingdom","08/06/2009",5,0,0,0,3,50.2705,-5.00977,3,"home","HOUSEWIFE","TR1",7
23.624,1372,1,,0,0,36,"United Kingdom","08/06/2009",6,0,0,0,3,56.3195,-3.01224,9,"research","LECTURER","KY15",15
33.1259,1373,1,,0,0,45,"United Kingdom","08/06/2009",6,0,0,0,4,55.9025,-3.19329,12,"service","FITNESS INSTRUCTOR","EH10",42
11.9382,1374,1,,0,0,65,"United Kingdom","08/06/2009",5,0,0,0,2,50.4369,-3.58258,8,"public","SOCIAL WORKER","TQ3",15
11.0811,1375,1,,0,0,38,"United Kingdom","08/06/2009",5,0,0,1,1,50.4089,-4.23855,6,"office","GRAPHIC DESIGNER","PL12",10
5.51639,1376,1,,0,0,72,"United Kingdom","08/06/2009",5,0,0,0,2,50.3469,-4.2173,10,"retired","RETIRED","PL10",14
0.0284349,1377,1,,1,0,81,"United Kingdom","08/06/2009",5,0,0,0,1,50.4814,-3.77921,10,"retired","RETIRED","TQ11",2
36.3968,1378,1,,0,0,71,"United Kingdom","08/06/2009",4,0,0,0,1,51.0707,-1.79658,10,"retired","RETIRED TEACHER","SP1",22
0.575332,1379,1,,0,0,75,"United Kingdom","08/06/2009",5,0,0,0,1,51.0754,-4.02818,10,"retired","RETIRED","EX32",2
20.0675,1380,1,,0,0,63,"United Kingdom","08/06/2009",4,0,0,1,2,50.9306,-1.51729,15,"transport","FERRY CREW","SO40",324
15.9082,1381,1,,0,0,31,"United Kingdom","08/06/2009",3,0,0,0,3,51.7106,-0.375383,2,"health","PSYCHOLOGIST","AL2",12
3.63806,1382,1,,0,0,66,"United Kingdom","08/06/2009",4,0,0,0,2,51.0374,-1.84636,10,"retired","RETIRED","SP5",3
10.3824,1383,1,,0,0,56,"United Kingdom","08/06/2009",4,0,0,1,2,50.9548,-1.21204,2,"health","CEO HOSPITAL (CHARITY)","SO32",22
23.0276,1384,1,,0,0,64,"United Kingdom","08/06/2009",4,0,0,0,2,51.2065,-1.47678,17,"unknown","SELF EMPLOYED","SP10",16
4.23977,1385,1,,0,0,76,"United Kingdom","08/06/2009",4,0,0,1,2,50.9134,-1.2763,10,"retired","RETIRED","SO30",10
24.6904,1386,1,,0,0,50,"United Kingdom","08/06/2009",6,0,0,0,5,55.7971,-4.6223,2,"health","DOCTOR","PA12",44
1.22483,1387,1,,0,0,78,"United Kingdom","08/06/2009",0,0,0,1,2,53.1286,-2.35628,10,"retired","RETIRED","CW11",1
28.8786,1388,1,,0,0,46,"United Kingdom","08/06/2009",0,0,0,0,4,53.4569,-2.29849,6,"office","SOLICITOR","M32",20
4.29213,1389,1,,0,0,64,"United Kingdom","08/06/2009",5,0,0,0,2,51.0542,-2.7349,6,"office","SELF EMPLOYED EDITOR/WRITER","TA11",1
32.6403,1390,1,,1,0,59,"United Kingdom","08/06/2009",5,0,0,1,3,51.4304,-2.76068,12,"service","SHOP WORKER","BS48",251
7.00397,1391,1,,0,0,62,"United Kingdom","08/06/2009",5,0,0,1,2,51.6105,-2.52748,10,"retired","RETIRED","BS35",3
1.47127,1392,1,,0,0,70,"United Kingdom","08/06/2009",5,0,0,0,3,51.2884,-2.81841,10,"retired","RETIRED","BS26",3
30.0408,1393,1,,0,0,76,"United Kingdom","08/06/2009",2,0,0,1,2,52.4333,-1.8104,10,"retired","RETIRED","B92",10
4.44906,1394,1,,0,0,53,"United Kingdom","08/06/2009",6,0,0,0,1,NaN,NaN,17,"unknown","FULL TIME PAID EMPLOYMENT","-",6
31.7432,1395,1,,0,0,63,"United Kingdom","08/06/2009",0,0,0,0,2,53.3613,-2.15685,10,"retired","RETIRED","SK7",25
6.87207,1396,1,,0,0,75,"United Kingdom","08/06/2009",6,0,0,0,1,53.5974,-2.18765,10,"retired","RETIRED HEAD TEACHER","OL11",4
0.336023,1397,1,,0,0,60,"United Kingdom","08/06/2009",3,0,0,0,1,51.5743,-0.094682,17,"unknown","-","N4",7
11.7151,1398,1,,0,0,35,"United Kingdom","08/06/2009",5,0,0,0,2,50.7302,-1.80763,6,"office","RADIO PRODUCER","BH6",3
4.35664,1399,1,,0,0,66,"United Kingdom","08/06/2009",0,0,0,0,1,53.3282,-3.1161,10,"retired","RETIRED","CH60",18
2.46733,1400,1,,0,0,-1,"United Kingdom","08/06/2009",1,0,0,-1,-1,NaN,NaN,17,"unknown","-","-",10
20.0167,1401,1,,1,0,76,"United Kingdom","08/06/2009",1,0,0,1,2,52.8358,-1.28813,10,"retired","RETIRED","DE74",41
24.4913,1402,1,,0,0,59,"United Kingdom","08/06/2009",3,0,0,0,3,51.5638,0.560565,2,"health","DOCTOR'S RECEPTIONIST","SS7",46
39.0983,1403,1,,0,0,82,"United Kingdom","08/06/2009",3,0,0,0,2,51.5677,0.660678,10,"retired","RETIRED MIDWIFE","SS9",58
2.49159,1404,1,,0,0,47,"United Kingdom","08/06/2009",3,0,0,0,1,51.5815,0.509597,12,"service","HAIRDRESSER","SS13",14
28.8353,1405,1,,0,0,52,"United Kingdom","08/06/2009",3,0,0,0,2,51.5633,0.479624,14,"teaching","TEACHING ASSISTANT","SS16",64
10.7715,1406,1,,0,0,52,"United Kingdom","08/06/2009",3,0,0,0,1,51.5663,0.461041,6,"office","ANALYST","SS16",23
18.2721,1407,1,,0,0,59,"United Kingdom","08/06/2009",3,0,0,0,2,51.6048,0.021435,17,"unknown","-","IG8",7
21.1949,1408,1,,0,0,54,"United Kingdom","08/06/2009",3,0,0,1,1,51.4818,0.423252,8,"public","SOCIAL WORKER","RM18",18
1.78321,1409,1,,0,0,47,"United Kingdom","08/06/2009",3,0,0,0,1,51.5709,0.497803,1,"entertain","ARTIST/WINE MERCHANT","SS13",1
17.2218,1410,1,,0,0,61,"United Kingdom","08/06/2009",4,0,0,1,1,51.3597,0.097963,6,"office","COMPANY DIRECTOR","BR6",14
9.36696,1411,1,,0,0,62,"United Kingdom","08/06/2009",4,0,0,0,2,51.3716,-0.102509,10,"retired","RETIRED","CR",5
16.4385,1412,1,,0,0,57,"United Kingdom","08/06/2009",4,0,0,0,1,51.3807,0.102406,6,"office","CONNEXIONS ADVISER","BR6",18
28.7967,1413,1,,0,0,57,"United Kingdom","08/06/2009",4,0,0,0,2,51.3512,-0.141211,12,"service","SHOP ASSISTANT","SM6",5
16.9323,1414,1,,0,0,63,"United Kingdom","08/06/2009",1,0,0,1,4,52.184,-1.68951,2,"health","HEALTH VISITOR","CV37",55
27.8816,1415,1,,0,0,70,"United Kingdom","08/06/2009",4,0,0,0,2,51.319,-0.210535,10,"retired","RETIRED","SM7",13
10.0938,1416,1,,0,0,39,"United Kingdom","08/06/2009",4,0,0,1,1,51.3711,-0.088624,6,"office","DATABASE ADMINISTRATOR","CR0",7
9.0543,1417,1,,0,0,-1,"United Kingdom","08/06/2009",1,0,0,-1,-1,NaN,NaN,17,"unknown","-","-",10
25.8273,1418,1,,0,0,27,"United Kingdom","08/06/2009",1,0,0,1,1,52.5753,-1.13431,6,"office","MANAGER","LE18",8
3.34106,1419,1,,0,0,83,"United Kingdom","08/06/2009",4,0,0,0,1,51.0544,-1.17095,10,"retired","RETIRED","SO24",5
35.139,1420,1,,0,0,47,"United Kingdom","08/06/2009",3,0,0,0,2,51.4285,-0.071459,9,"research","UNIVERSITY MANAGER","SE26",11
2.48768,1421,1,,0,0,61,"United Kingdom","08/06/2009",2,0,0,1,2,52.3885,-1.75653,6,"office","COMPANY DIRECTOR","B93",2
27.9283,1422,1,,0,0,60,"United Kingdom","08/06/2009",2,0,0,1,2,52.9659,-1.85952,14,"teaching","TEACHER","ST14",172
37.2567,1423,1,,0,0,71,"United Kingdom","08/06/2009",4,0,0,1,2,51.4705,-0.609361,10,"retired","RETIRED","SL4",43
25.032,1424,1,,0,0,63,"United Kingdom","08/06/2009",4,0,0,1,2,51.5964,-0.412216,10,"retired","RETIRED","HA6",6
38.7092,1425,1,,0,0,44,"United Kingdom","08/06/2009",4,0,0,0,5,51.527,-0.392551,12,"service","POSTAL OFFICER","UB4",33
4.51618,1426,1,,0,0,77,"United Kingdom","08/06/2009",4,0,0,1,2,NaN,NaN,10,"retired","RETIRED","-",21
0.745573,1427,1,,0,0,79,"United Kingdom","08/06/2009",4,0,0,0,1,51.5284,-0.42558,10,"retired","RETIRED","UB48",3
41.0369,1428,1,,0,0,57,"United Kingdom","08/06/2009",4,0,0,0,1,51.5416,-0.170152,17,"unknown","CONSULTANT","NW3",213
1.65526,1429,1,,0,0,60,"United Kingdom","08/06/2009",4,0,0,1,2,51.5101,-0.747481,17,"unknown","GEOLOGIST","SL6",8
11.526,1430,1,,0,0,46,"United Kingdom","08/06/2009",4,0,0,0,4,51.5045,-0.319378,3,"home","HOUSEWIFE","W13",13
39.7243,1431,1,,0,0,62,"United Kingdom","08/06/2009",5,0,0,0,2,51,-3.01124,10,"retired","RETIRED","TA3",17
0.413686,1432,1,,1,0,82,"United Kingdom","08/06/2009",5,0,0,1,2,51.3099,-2.21582,10,"retired","RETIRED","BA",1
18.9556,1433,1,,0,0,68,"United Kingdom","08/06/2009",5,0,0,0,1,51.5103,-2.60331,10,"retired","RETIRED","BS10",9
7.09707,1434,1,,0,0,71,"United Kingdom","08/06/2009",0,0,0,0,2,53.3902,-3.08379,10,"retired","RETIRED","CH43",1
15.4962,1435,1,,1,0,72,"United Kingdom","08/06/2009",0,0,0,0,1,53.2691,-3.79371,10,"retired","RETIRED","LL28",56
22.8065,1436,1,,0,0,38,"United Kingdom","08/06/2009",0,0,0,1,2,53.1796,-2.88102,5,"mechanic","ENGINEER","CH4",11
1.27985,1437,1,,0,0,84,"United Kingdom","08/06/2009",1,0,0,1,30,52.3792,-1.23443,10,"retired","RETIRED","CV23",5
36.1469,1438,1,,0,0,47,"United Kingdom","08/06/2009",2,0,0,0,5,52.3734,-1.75663,14,"teaching","TEACHER","B93",113
27.5116,1439,1,,0,0,58,"United Kingdom","08/06/2009",2,0,0,0,2,52.4281,-1.80881,3,"home","HOUSEWIFE","B91",10
10.5306,1440,1,,0,0,50,"United Kingdom","08/06/2009",5,0,0,0,3,51.6351,-4.12947,12,"service","COMMUNITY ARTIST-FACE PAINTING","SA4",26
7.47873,1441,1,,0,0,48,"United Kingdom","08/06/2009",6,0,0,0,1,53.5581,-2.52072,2,"health","NHS MANAGER","BL5",7
0.0145383,1442,1,,1,0,78,"United Kingdom","08/06/2009",2,0,0,1,1,52.9588,-2.03086,10,"retired","RETIRED","ST11",1
24.6182,1443,1,,0,0,35,"United Kingdom","08/06/2009",2,0,0,0,3,52.9958,-2.2031,3,"home","HOUSEWIFE","ST4",35
13.9693,1444,1,,0,0,84,"United Kingdom","08/06/2009",2,0,0,0,1,NaN,NaN,10,"retired","RETIRED","-",11
21.1152,1445,1,,0,0,31,"United Kingdom","08/06/2009",2,0,0,1,2,52.6931,-2.73725,8,"public","POLICE OFFICER","SY3",14
38.9494,1446,1,,0,0,36,"United Kingdom","08/06/2009",2,0,0,0,1,52.7246,-2.42019,6,"office","INSURANCE AGENT","TF2",14
34.5619,1447,1,,0,0,44,"United Kingdom","08/06/2009",0,0,0,0,3,55.0341,-1.51133,6,"office","CLERICAL","NE27",10
23.8484,1448,1,,0,0,60,"United Kingdom","08/06/2009",5,0,0,1,3,51.4126,-2.50495,6,"office","CIVIL SERVANT","BS31",28
8.81463,1449,1,,0,0,76,"United Kingdom","08/06/2009",5,0,0,1,2,51.3545,-2.6323,10,"retired","RETIRED","BS40",6
4.15969,1450,1,,0,0,47,"United Kingdom","08/06/2009",5,0,0,0,2,51.3375,-2.97392,8,"public","EMPLOYMENT ADVISER","BS23",3
11.2248,1451,1,,0,0,73,"United Kingdom","08/06/2009",5,0,0,1,2,51.4933,-2.64903,10,"retired","RETIRED","BS9",5
5.47354,1452,1,,0,0,74,"United Kingdom","08/06/2009",5,0,0,0,2,51.2016,-3.47548,10,"retired","RETIRED","TA24",4
8.77182,1453,1,,0,0,70,"United Kingdom","08/06/2009",6,0,0,1,2,53.6197,-2.16741,10,"retired","RETIRED","OL12",30
33.1438,1454,1,,0,0,29,"United Kingdom","08/06/2009",1,0,0,0,1,53.7062,-1.23871,6,"office","CIVIL SERVANT","WF11",116
25.5135,1455,1,,0,0,58,"United Kingdom","08/06/2009",1,0,0,0,1,53.8646,-1.25979,6,"office","ADMINISTRATOR","LS24",14
27.2981,1456,1,,0,0,28,"United Kingdom","08/06/2009",1,0,0,0,2,53.7905,-1.66195,2,"health","PHYSIOTHERAPIST","LS28",26
4.96343,1457,1,,0,0,43,"United Kingdom","08/06/2009",1,0,0,1,1,53.6405,-1.83548,17,"unknown","TRANSLATOR","HD3",29
23.3704,1458,1,,0,0,60,"United Kingdom","08/06/2009",2,0,0,0,1,52.6125,1.27126,8,"public","SOCIAL WORK TUTOR","NR4",9
5.49531,1459,1,,0,0,69,"United Kingdom","08/06/2009",1,0,0,1,3,53.6866,-1.38865,10,"retired","RETIRED","WF76",7
11.3519,1460,1,,0,0,52,"United Kingdom","08/06/2009",5,0,0,0,2,52.1462,-2.21683,6,"office","CIVIL SERVANT","WR5",8
2.96948,1461,1,,0,0,60,"United Kingdom","08/06/2009",5,0,0,0,2,52.1293,-2.32227,10,"retired","RETIRED","WR14",14
4.74824,1462,1,,0,0,42,"United Kingdom","08/06/2009",2,0,0,0,3,52.187,0.141704,9,"research","RESEARCH SCIENTIST","CB1",10
31.3831,1463,1,,0,0,-1,"United Kingdom","08/06/2009",2,0,0,-1,-1,55.3781,-3.43597,17,"unknown","-","-",12
7.6213,1464,1,,0,0,78,"United Kingdom","08/06/2009",2,0,0,0,2,52.9002,0.627845,10,"retired","RETIRED COLLEGE LECTURER","PE31",35
43.2993,1465,1,,0,0,66,"United Kingdom","08/06/2009",5,0,0,1,2,51.38,-1.46499,10,"retired","RETIRED","RG17",20
7.15288,1466,1,,0,0,26,"United Kingdom","08/06/2009",1,0,0,0,3,53.2341,-0.538971,6,"office","TEAM MANAGER","LN1",5
14.489,1467,1,,0,0,53,"United Kingdom","08/06/2009",6,0,0,0,4,53.9945,-2.79603,14,"teaching","PE TEACHER","LA2",9
1.65459,1468,1,,0,0,81,"United Kingdom","08/06/2009",6,0,0,1,1,53.7801,-2.67248,10,"retired","RETIRED","PR2",1
34.619,1469,1,,0,0,70,"United Kingdom","08/06/2009",1,0,0,0,2,53.3383,0.259484,10,"retired","RETIRED","LN12",8
30.756,1470,1,,0,0,35,"United Kingdom","08/06/2009",1,0,0,1,4,53.2133,-0.31906,17,"unknown","TECHNICAL ADVISOR","LN3",42
2.99049,1471,1,,0,0,79,"United Kingdom","08/06/2009",1,0,0,1,2,53.1657,-0.422849,10,"retired","RETIRED","LN4",1
2.20956,1472,1,,0,0,80,"United Kingdom","08/06/2009",1,0,0,0,1,53.1785,-0.559174,10,"retired","RETIRED","LN5",5
7.68124,1473,1,,0,0,61,"United Kingdom","08/06/2009",1,0,0,0,2,53.3165,0.280315,10,"retired","RETIRED","LN12",16
10.5352,1474,1,,0,0,39,"United Kingdom","08/06/2009",6,0,0,0,2,54.0378,-2.79735,9,"research","LECTURER","LA1",4
45.7929,1475,1,,0,0,64,"United Kingdom","08/06/2009",5,0,0,0,1,50.8022,-1.98871,10,"retired","RETIRED","BH21",34
16.5346,1476,1,,0,0,64,"United Kingdom","08/06/2009",5,0,0,1,3,51.6377,-1.85459,10,"retired","RETIRED","SN6",10
33.991,1477,1,,0,0,36,"United Kingdom","08/06/2009",3,0,0,0,3,51.5621,-0.07351,6,"office","TV EXECUTIVE","N16",18
24.8689,1478,1,,0,0,37,"United Kingdom","08/06/2009",5,0,0,0,4,51.2806,-1.0785,8,"public","PROBATION OFFICER","RG24",18
6.17515,1479,1,,1,0,74,"United Kingdom","08/06/2009",5,0,0,0,1,51.3491,-2.25635,10,"retired","RETIRED","BA15",5
15.5568,1480,1,,0,0,66,"United Kingdom","08/06/2009",2,0,0,0,2,51.707,-1.36667,10,"retired","RETIRED","OX13",4
0.107635,1481,1,,0,0,76,"United Kingdom","08/06/2009",5,0,0,0,1,51.3805,-1.06547,10,"retired","RETIRED","RG7",1
9.07095,1482,1,,0,0,68,"United Kingdom","08/06/2009",5,0,0,0,2,51.5463,-1.72508,10,"retired","RETIRED","SN3",6
6.62691,1483,1,,0,0,59,"United Kingdom","08/06/2009",5,0,0,0,1,52.1295,-2.32231,2,"health","THERAPIST","WR14",12
21.6995,1484,1,,0,0,55,"United Kingdom","08/06/2009",1,0,0,0,2,53.6872,-1.57903,10,"retired","RETIRED","WF5",7
7.96599,1485,1,,0,0,63,"United Kingdom","08/06/2009",1,0,0,1,2,53.9879,-1.54531,10,"retired","RETIRED","HG2",4
22.5903,1486,1,,0,0,23,"United Kingdom","08/06/2009",1,0,0,0,2,53.6854,-1.67863,14,"teaching","TEACHER","WF14",55
35.9747,1487,1,,0,0,32,"United Kingdom","08/06/2009",5,0,0,0,4,50.929,-2.91253,2,"health","GENERAL PRACTITIONER","TA19",30
26.8106,1488,1,,0,0,63,"United Kingdom","08/06/2009",5,0,0,1,2,50.974,-2.76583,12,"service","DELIVERY - BAKERY","TA12",39
31.1543,1489,1,,0,0,59,"United Kingdom","08/06/2009",2,0,0,1,4,52.7576,-1.93535,2,"health","DOCTORS","WS15",34
29.2089,1490,1,,1,0,33,"United Kingdom","08/06/2009",1,0,0,0,2,53.0396,-1.40597,8,"public","LOCAL GOVERNMENT OFFICER","DE5",16
2.29858,1491,1,,1,0,69,"United Kingdom","08/06/2009",2,0,0,0,2,52.9031,-1.87791,10,"retired","RETIRED","ST14",1
8.61321,1492,1,,0,0,37,"United Kingdom","08/06/2009",5,0,0,0,4,51.1434,-2.71564,16,"unemployed","UNEMPLOYED","BA6",5
39.2104,1493,1,,0,0,63,"United Kingdom","08/06/2009",5,0,0,0,1,51.1284,-2.89566,10,"retired","RETIRED","TA7",39
13.5863,1494,1,,0,0,53,"United Kingdom","08/06/2009",5,0,0,1,3,51.3977,-2.39273,6,"office","MANAGER","BA1",9
21.3098,1495,1,,0,0,25,"United Kingdom","08/06/2009",4,0,0,0,2,50.9683,-1.35059,6,"office","AUDITOR","SO50",8
14.3767,1496,1,,0,0,58,"United Kingdom","08/06/2009",5,0,0,0,2,51.326,-2.31101,2,"health","PUBLIC HEALTH PLANNER","BA2",25
5.18284,1497,1,,0,0,59,"United Kingdom","08/06/2009",5,0,0,1,2,51.3558,-2.37835,10,"retired","RETIRED","BA2",3
28.4254,1498,1,,0,0,56,"United Kingdom","08/06/2009",1,0,0,0,2,52.2829,-1.53873,2,"health","NURSE","CV31",24
15.8606,1499,1,,0,0,59,"United Kingdom","08/06/2009",1,0,0,1,2,52.1941,-1.70727,6,"office","ACCOUNTANT","CV37",9
42.2456,1500,1,,0,0,18,"United Kingdom","08/06/2009",1,0,0,0,4,52.5295,-1.50821,12,"service","APPRENTICE HAIRDRESSER","CV10",16
8.5366,1501,1,,0,0,77,"United Kingdom","08/06/2009",3,0,0,0,1,51.5737,0.146327,10,"retired","RETIRED","RM6",15
21.567,1502,1,,0,0,76,"United Kingdom","08/06/2009",1,0,0,1,2,53.3021,-1.49863,10,"retired","RETIRED","S18",12
23.1041,1503,1,,0,0,53,"United Kingdom","08/06/2009",1,0,0,1,2,53.3092,-1.45151,6,"office","BANKING IT","S18",54
18.3178,1504,1,,0,0,58,"United Kingdom","08/06/2009",0,0,0,0,2,53.4276,-2.535,10,"retired","RETIRED","WA3",11
7.28613,1505,1,,0,0,43,"United Kingdom","08/06/2009",5,0,0,0,4,52.0955,-1.94859,14,"teaching","TEACHING ASSISTANT","WR11",4
1.45462,1506,1,,1,0,64,"United Kingdom","08/06/2009",5,0,0,0,2,51.9932,-2.49942,10,"retired","HOUSEWIFE (RETIRED SOCIAL WORKER)","HR8",4
20.9336,1507,1,,0,0,60,"United Kingdom","08/06/2009",5,0,0,0,1,52.0715,-2.70257,10,"retired","RETIRED FARMER","HR1",14
21.9079,1508,1,,0,0,40,"United Kingdom","08/06/2009",5,0,0,0,4,52.2693,-2.14006,14,"teaching","TEACHING ASSISTANT","WR9",11
16.2089,1509,1,,0,0,56,"United Kingdom","08/06/2009",5,0,0,0,2,50.3956,-4.19302,2,"health","NURSE","PL5",9
5.68841,1510,1,,0,0,71,"United Kingdom","08/06/2009",6,0,0,1,1,54.8745,-2.93255,10,"retired","RETIRED","CA2",4
0.811491,1511,1,,0,0,55,"United Kingdom","08/06/2009",6,0,0,1,1,57.5658,-4.43637,10,"retired","RETIRED","IV7",5
18.7924,1512,1,,0,0,60,"United Kingdom","08/06/2009",2,0,0,0,1,52.5953,-2.02969,10,"retired","RETIRED","WV12",3
0.257391,1513,1,,0,0,67,"United Kingdom","08/06/2009",2,0,0,0,1,55.3781,-3.43597,10,"retired","RETIRED","-",2
24.4843,1514,1,,0,0,36,"United Kingdom","08/06/2009",2,0,0,0,4,52.5548,-2.11757,2,"health","NURSE","WV4",43
10.4631,1515,1,,0,0,60,"United Kingdom","08/06/2009",5,0,0,1,2,51.0247,-3.25461,17,"unknown","SELF EMPLOYED","TA4",11
36.0353,1516,1,,0,0,61,"United Kingdom","08/06/2009",5,0,0,0,2,51.3534,-2.98574,10,"retired","RETIRED","BS23",20
14.7602,1517,1,,1,0,55,"United Kingdom","08/06/2009",5,0,0,1,2,51.0549,-2.41649,16,"unemployed","UNEMPLOYED","BA9",12
10.8679,1518,1,,0,0,69,"United Kingdom","08/06/2009",0,0,0,0,2,53.4327,-2.17024,10,"retired","RETIRED/VOLUNTARY WORKER","SK4",5
16.6755,1519,1,,0,0,68,"United Kingdom","08/06/2009",6,0,0,0,1,53.6247,-2.15507,10,"retired","RETIRED","OL12",10
9.92822,1520,1,,0,0,43,"United Kingdom","08/06/2009",0,0,0,0,1,53.4463,-2.02795,6,"office","MANAGER","SK14",5
0.883821,1521,1,,0,0,66,"United Kingdom","08/06/2009",6,0,0,0,2,53.5991,-2.2821,10,"retired","RETIRED OFFICE WORKER","BL9",10
19.9104,1522,1,,1,0,25,"United Kingdom","08/06/2009",3,0,0,0,1,51.9441,0.94988,2,"health","PHYSIOTHERAPIST (HOSPITAL)","CO4",67
12.6937,1523,1,,0,0,56,"United Kingdom","08/06/2009",0,0,0,0,1,54.9629,-1.83145,10,"retired","RETIRED","NE42",11
0.75363,1524,1,,0,0,63,"United Kingdom","08/06/2009",5,0,0,0,1,50.7261,-3.51106,12,"service","PART TIME CLEANER","EX1",1
26.9161,1525,1,,1,0,73,"United Kingdom","08/06/2009",5,0,0,0,1,50.7178,-3.53859,10,"retired","RETIRED","EX4",11
8.17406,1526,1,,0,0,83,"United Kingdom","08/06/2009",5,0,0,0,2,50.6321,-3.33174,2,"health","CARER","EX9",5
19.5561,1527,1,,0,0,63,"United Kingdom","08/06/2009",5,0,0,0,1,50.6291,-3.32893,10,"retired","RETIRED","EX9",65
9.92693,1528,1,,0,0,69,"United Kingdom","08/06/2009",0,0,0,0,1,54.6559,-1.44334,10,"retired","RETIRED","TS21",3
0.868365,1529,1,,0,0,-1,"United Kingdom","08/06/2009",0,0,0,-1,-1,55.3781,-3.43597,17,"unknown","-","-",2
15.4311,1530,1,,0,0,60,"United Kingdom","08/06/2009",2,0,0,0,2,52.0771,1.11387,10,"retired","RETIRED","IP1",7
37.6732,1531,1,,0,0,41,"United Kingdom","08/06/2009",2,0,0,1,4,52.0742,1.2871,5,"mechanic","ENGINEER","IP12",622
18.7251,1532,1,,0,0,42,"United Kingdom","08/06/2009",5,0,0,0,3,51.4259,-0.874096,8,"public","FAMILY WORKER","RG41",6
2.90951,1533,1,,0,0,40,"United Kingdom","08/06/2009",5,0,0,0,2,51.5234,-1.79791,17,"unknown","-","SN4",6
42.7557,1534,1,,0,0,21,"United Kingdom","08/06/2009",5,0,0,0,5,51.5849,-2.10773,13,"student","STUDENT","SN16",16
0.223166,1535,1,,0,0,88,"United Kingdom","08/06/2009",5,0,0,1,2,51.479,-0.864007,10,"retired","RETIRED","RG10",2
19.1634,1536,1,,0,0,63,"United Kingdom","08/06/2009",5,0,0,1,3,51.4829,-0.979085,10,"retired","RETIRED","RG4",7
17.1814,1537,1,,1,0,80,"United Kingdom","08/06/2009",3,0,0,0,1,55.3781,-3.43597,10,"retired","RETIRED","-",11
3.94464,1538,1,,0,0,50,"United Kingdom","08/06/2009",5,0,0,1,3,51.1307,-3.02008,6,"office","PRODUCTION MANAGER","TA6",8
5.5045,1539,1,,0,0,74,"United Kingdom","08/06/2009",5,0,0,1,2,50.9287,-2.91753,10,"retired","RETIRED","TA19",1
40.8083,1540,1,,0,0,28,"United Kingdom","08/06/2009",5,0,0,0,3,51.131,-2.97188,14,"teaching","TEACHER","TA6",21
18.9051,1541,1,,1,0,86,"United Kingdom","08/06/2009",3,0,0,0,1,51.9783,1.01989,10,"retired","RETIRED NURSE","CO7",48
22.368,1542,1,,0,0,58,"United Kingdom","08/06/2009",3,0,0,0,4,51.7235,0.478917,3,"home","HOUSEWIFE","CM2",24
6.17448,1543,1,,0,0,63,"United Kingdom","08/06/2009",5,0,0,0,2,50.3679,-4.52764,10,"retired","RETIRED","PL13",10
32.6314,1544,1,,0,0,66,"United Kingdom","08/06/2009",5,0,0,1,2,50.3435,-4.7705,12,"service","FUNERAL OPERATIVE","PL25",9
38.7305,1545,1,,0,0,54,"United Kingdom","08/06/2009",5,0,0,0,3,50.3913,-4.03548,6,"office","RECEPTIONIST","PL7",20
14.7368,1546,1,,0,0,64,"United Kingdom","08/06/2009",5,0,0,0,2,50.4054,-4.1106,10,"retired","RETIRED","PL6",7
20.2159,1547,1,,0,0,54,"United Kingdom","08/06/2009",5,0,0,0,3,50.3629,-4.07811,10,"retired","RETIRED (ILL HEALTH)","PL9",23
5.78398,1548,1,,0,0,56,"United Kingdom","08/06/2009",2,0,0,1,4,52.5936,-2.55593,17,"unknown","CONSULTANT","TF13",5
16.8997,1549,1,,0,0,62,"United Kingdom","08/06/2009",3,0,0,0,3,51.4647,0.134512,10,"retired","RETIRED","DA7",11
5.77161,1550,1,,0,0,70,"United Kingdom","08/06/2009",1,0,0,0,1,52.9534,-1.47495,10,"retired","RETIRED TEACHER","DE22",5
35.0375,1551,1,,0,0,36,"United Kingdom","08/06/2009",1,0,0,1,2,52.8709,-1.36295,6,"office","FILING CLERK","DE72",20
12.1358,1552,1,,0,0,32,"United Kingdom","08/06/2009",0,0,0,0,3,53.533,-2.35367,2,"health","CHILDREN'S NURSE","M27",10
39.4982,1553,1,,0,0,54,"United Kingdom","08/06/2009",6,0,0,0,3,53.5457,-2.5954,12,"service","CAFE ASSISTANT","WN2",93
0.493606,1554,1,,1,0,81,"United Kingdom","08/06/2009",3,0,0,1,1,51.3781,0.358742,10,"retired","RETIRED","DA13",4
45.2869,1555,1,,0,0,44,"United Kingdom","08/06/2009",3,0,0,1,5,51.4378,0.134058,6,"office","CIVIL SERVANT","DA5",84
16.3337,1556,1,,0,0,62,"United Kingdom","08/06/2009",6,0,0,1,1,53.4824,-2.52989,10,"retired","RETIRED","WN7",6
9.04257,1557,1,,0,0,64,"United Kingdom","08/06/2009",6,0,0,1,1,53.5414,-2.68733,10,"retired","RETIRED","WN5",4
10.2112,1558,1,,1,0,82,"United Kingdom","08/06/2009",5,0,0,0,1,51.3802,-2.39981,10,"retired","RETIRED","BA2",4
0.42871,1559,1,,0,0,85,"United Kingdom","08/06/2009",5,0,0,1,1,51.6134,-2.5199,10,"retired","RETIRED","BS35",3
23.444,1560,1,,0,0,52,"United Kingdom","08/06/2009",5,0,0,0,2,51.0846,-2.25999,14,"teaching","TEACHER","BA12",6
22.3237,1561,1,,0,0,51,"United Kingdom","08/06/2009",5,0,0,1,2,50.8534,-2.88995,10,"retired","RETIRED","TA20",37
18.3035,1562,1,,0,0,27,"United Kingdom","08/06/2009",5,0,0,0,2,51.4537,-2.59156,6,"office","ADMINISTRATOR","BS16",16
9.52353,1563,1,,0,0,59,"United Kingdom","08/06/2009",5,0,0,1,3,51.4934,-2.64846,10,"retired","RETIRED","BS91",8
14.2366,1564,1,,0,0,66,"United Kingdom","08/06/2009",5,0,0,0,1,50.7151,-3.05199,8,"public","MANAGER - SHELTERED HOUSING","EX12",58
13.7151,1565,1,,0,0,48,"United Kingdom","08/06/2009",4,0,0,0,3,51.4528,-0.360873,3,"home","HOUSEWIFE","TW2",5
20.8644,1566,1,,0,0,68,"United Kingdom","08/06/2009",5,0,0,1,1,51.5572,-1.77008,17,"unknown","DRIVER","SN3",8
38.0499,1567,1,,0,0,59,"United Kingdom","08/06/2009",4,0,0,1,2,51.3183,-0.5477,10,"retired","RETIRED","GU22",21
14.1113,1568,1,,0,0,60,"United Kingdom","08/06/2009",4,0,0,1,2,50.9099,-1.40732,6,"office","ACCOUNTANT","SO15",11
26.6217,1569,1,,0,0,37,"United Kingdom","08/06/2009",2,0,0,0,2,52.4434,-1.82485,6,"office","TRAINING ADMINISTRATOR","B27",136
8.30476,1570,1,,0,0,79,"United Kingdom","08/06/2009",6,0,0,1,2,55.9508,-3.30763,10,"retired","RETIRED","EH12",17
0.398877,1571,1,,0,0,43,"United Kingdom","08/06/2009",6,0,0,1,1,56.1238,-3.16967,17,"unknown","GEOLOGIST","KY2",4
3.78152,1572,1,,0,0,37,"United Kingdom","08/06/2009",6,0,0,0,1,56.0587,-3.29459,6,"office","CIVIL SERVANT","KY3",3
23.553,1573,1,,0,0,46,"United Kingdom","08/06/2009",6,0,0,0,5,54.1158,-2.63752,3,"home","HOUSEWIFE","LA2",23
6.19038,1574,1,,0,0,74,"United Kingdom","08/06/2009",6,0,0,0,1,56.4692,-2.89408,10,"retired","RETIRED","DD5",6
43.6879,1575,1,,0,0,54,"United Kingdom","08/06/2009",4,0,0,1,4,50.8154,-0.354174,8,"public","VICAR","BN11",230
22.4864,1576,1,,0,0,60,"United Kingdom","08/06/2009",3,0,0,0,3,51.3451,0.602523,10,"retired","RETIRED TEACHER","ME8",10
22.5818,1577,1,,0,0,44,"United Kingdom","08/06/2009",2,0,0,0,4,52.3718,-1.7569,14,"teaching","TEACHER","B93",37
11.9834,1578,1,,0,0,50,"United Kingdom","08/06/2009",4,0,0,0,5,51.0216,-0.355271,9,"research","FREELANCE LECTURER","RH13",14
0.382171,1579,1,,0,0,74,"United Kingdom","08/06/2009",4,0,0,1,2,50.7669,0.28535,10,"retired","RETIRED","BN21",11
4.53192,1580,1,,0,0,60,"United Kingdom","08/06/2009",4,0,0,0,2,50.991,-0.106856,6,"office","PART TIME CLERICAL/HOUSEWIFE","RH16",6
0.933132,1581,1,,0,0,46,"United Kingdom","08/06/2009",4,0,0,1,2,50.8206,-0.133016,17,"unknown","AIRPORT EMPLOYEE","BN2",5
6.57577,1582,1,,0,0,49,"United Kingdom","08/06/2009",5,0,0,0,1,51.1455,-2.50269,6,"office","COMPANY DIRECTOR","BA4",4
0.25719,1583,1,,1,0,76,"United Kingdom","08/06/2009",4,0,0,1,1,50.7859,0.323218,10,"retired","RETIRED","BN23",6
34.8485,1584,1,,0,0,73,"United Kingdom","08/06/2009",5,0,0,0,1,51.2207,-2.32965,10,"retired","RETIRED","BA11",16
0.420645,1585,1,,0,0,49,"United Kingdom","08/06/2009",5,0,0,0,1,55.3781,-3.43597,12,"service","ENTERTAINER","-",1
11.3632,1586,1,,0,0,62,"United Kingdom","08/06/2009",5,0,0,1,2,50.9433,-2.67684,10,"retired","RETIRED","BA22",156
0.465199,1587,1,,0,0,62,"United Kingdom","08/06/2009",5,0,0,0,1,51.1944,-2.18724,14,"teaching","TEACHER","BA12",7
28.0968,1588,1,,0,0,52,"United Kingdom","08/06/2009",5,0,0,0,2,51.4818,-2.62503,16,"unemployed","UNEMPLOYED","BS9",13
0.662006,1589,1,,0,0,68,"United Kingdom","08/06/2009",2,0,0,0,2,52.519,-2.1854,10,"retired","RETIRED","DY3",2
0.202022,1590,1,,1,0,84,"United Kingdom","08/06/2009",4,0,0,0,1,51.3277,-0.576417,3,"home","HOUSEWIFE","GU21",2
1.19647,1591,1,,0,0,56,"United Kingdom","08/06/2009",5,0,0,0,3,52.1909,-2.2407,14,"teaching","TEACHER","WR2",6
15.3181,1592,1,,0,0,55,"United Kingdom","08/06/2009",5,0,0,0,4,52.1058,-2.08942,17,"unknown","-","WR10",9
40.064,1593,1,,0,0,24,"United Kingdom","08/06/2009",6,0,0,1,2,55.8701,-4.27005,4,"labour","LABOURER","G4",14
2.62979,1594,1,,0,0,65,"United Kingdom","08/06/2009",2,0,0,0,1,52.4181,0.761328,10,"retired","RETIRED","IP24",4
8.89273,1595,1,,0,0,58,"United Kingdom","08/06/2009",2,0,0,0,2,52.0771,1.11387,10,"retired","RETIRED","IP1",8
35.9715,1596,1,,0,0,22,"United Kingdom","08/06/2009",3,0,0,1,6,55.3781,-3.43597,17,"unknown","JOURNALIST","-",14
14.3697,1597,1,,0,0,53,"United Kingdom","08/06/2009",3,0,0,0,3,51.5965,0.03479,17,"unknown","-","E18",6
16.8471,1598,1,,0,0,29,"United Kingdom","08/06/2009",0,0,0,0,2,54.5259,-1.57585,6,"office","CIVIL SERVANT","DL3",7
4.01305,1599,1,,1,0,72,"United Kingdom","08/06/2009",0,0,0,0,2,54.9607,-1.53374,10,"retired","RETIRED","NE10",4
14.7369,1600,1,,0,0,40,"United Kingdom","08/06/2009",5,0,0,0,3,51.1369,-4.19589,17,"unknown","SELF EMPLOYED PART TIME","EX33",11
9.15467,1601,1,,0,0,67,"United Kingdom","08/06/2009",5,0,0,1,2,50.3544,-3.59289,10,"retired","RETIRED","TQ6",15
22.1394,1602,1,,0,0,59,"United Kingdom","08/06/2009",2,0,0,0,2,52.1155,0.980805,17,"unknown","-","IP7",17
16.1408,1603,1,,0,0,46,"United Kingdom","08/06/2009",5,0,0,0,3,50.6359,-3.39749,17,"unknown","-","EX8",13
4.34713,1604,1,,0,0,74,"United Kingdom","08/06/2009",5,0,0,0,1,50.4311,-3.57321,3,"home","HOUSEWIFE","TQ4",5
2.32619,1605,1,,0,0,82,"United Kingdom","08/06/2009",5,0,0,1,2,50.7972,-3.17922,10,"retired","RETIRED","EX14",4
37.7286,1606,1,,0,0,-1,"United Kingdom","08/06/2009",5,0,0,0,2,50.3832,-3.51671,2,"health","HEALTH VISITOR","TQ5",22
39.3698,1607,1,,0,0,62,"United Kingdom","08/06/2009",5,0,0,0,2,51.0399,-3.55046,10,"retired","RETIRED WRITER","TA22",44
28.1275,1608,1,,0,0,58,"United Kingdom","08/06/2009",5,0,0,0,2,50.7386,-3.54287,14,"teaching","PART TIME TEACHER","EX4",8
42.1014,1609,1,,0,0,75,"United Kingdom","08/06/2009",5,0,0,1,2,50.7303,-3.92992,10,"retired","RETIRED REVEREND","EX20",432
11.4723,1610,1,,0,0,21,"United Kingdom","08/06/2009",0,0,0,0,3,53.5174,-2.12424,16,"unemployed","UNEMPLOYED","OL8",5
5.34653,1611,1,,0,0,63,"United Kingdom","08/06/2009",5,0,0,1,3,52.1038,-3.10333,12,"service","BED & BREAKFAST PROPRIETOR","HR3",11
8.47069,1612,1,,0,0,70,"United Kingdom","08/06/2009",3,0,0,1,3,51.3015,1.12376,10,"retired","RETIRED","CT2",4
6.02256,1613,1,,0,0,52,"United Kingdom","08/06/2009",5,0,0,0,2,52.0715,-2.70297,12,"service","PHARMACIST","HR1",8
37.7537,1614,1,,0,0,15,"United Kingdom","08/06/2009",5,0,0,0,4,55.3781,-3.43597,11,"schoolchild","SCHOOL","-",85
1.25982,1615,1,,1,0,-1,"United Kingdom","08/06/2009",6,0,0,-1,-1,55.3781,-3.43597,17,"unknown","-","-",5
3.51589,1616,1,,0,0,67,"United Kingdom","08/06/2009",3,0,0,0,1,51.6356,-0.354826,17,"unknown","-","WD23",7
7.55818,1617,1,,0,0,65,"United Kingdom","08/06/2009",5,0,0,0,3,51.5671,-3.24492,10,"retired","RETIRED","CF83",3
5.77321,1618,1,,1,0,76,"United Kingdom","08/06/2009",5,0,0,0,1,51.9038,-2.05175,10,"retired","RETIRED","GL52",7
14.6123,1619,1,,0,0,43,"United Kingdom","08/06/2009",0,0,0,0,1,52.9168,-1.23412,14,"teaching","TEACHER","NG9",10
2.9621,1620,1,,0,0,83,"United Kingdom","08/06/2009",0,0,0,0,1,53.4026,-2.36562,10,"retired","RETIRED","WA14",1
38.3444,1621,1,,0,0,32,"United Kingdom","08/06/2009",1,0,0,1,4,53.6901,-1.49947,14,"teaching","TEACHER","WF1",265
21.8066,1622,1,,1,0,80,"United Kingdom","08/06/2009",1,0,0,0,1,53.8499,-1.6624,10,"retired","RETIRED NURSE","LS19",8
13.0736,1623,1,,0,0,68,"United Kingdom","08/06/2009",2,0,0,0,2,52.6737,-2.46577,3,"home","HOUSEWIFE","TF4",7
41.3151,1624,1,,0,0,36,"United Kingdom","08/06/2009",2,0,0,1,2,52.9023,-2.49367,8,"public","POLICE OFFICER","TF9",29
29.9763,1625,1,,0,0,57,"United Kingdom","08/06/2009",2,0,0,0,2,52.6324,-1.67823,14,"teaching","SENIOR LUNCHTIME SUPERVISOR & TEACHING ASSISTANT IN PRIMARY SCHOOL","B77",208
35.9857,1626,1,,0,0,40,"United Kingdom","08/06/2009",1,0,0,0,2,52.2188,-0.899792,2,"health","HEALTHCARE WORKER","NN4",15
41.9704,1627,1,,0,0,28,"United Kingdom","08/06/2009",3,0,0,0,5,51.6151,-0.100487,17,"unknown","-","N13",28
14.329,1628,1,,0,0,47,"United Kingdom","08/06/2009",4,0,0,0,3,51.5352,0.18664,3,"home","HOUSEWIFE","RM13",3
1.97108,1629,1,,0,0,85,"United Kingdom","08/06/2009",6,0,0,1,2,54.661,-2.60556,10,"retired","RETIRED","CA10",1
12.0522,1630,1,,0,0,31,"United Kingdom","08/06/2009",4,0,0,1,2,51.4341,-0.222364,2,"health","MEDICAL DOCTOR","SW19",10
3.62343,1631,1,,0,0,59,"United Kingdom","08/06/2009",6,0,0,1,2,53.5515,-2.80946,10,"retired","RETIRED","WN8",8
8.65433,1632,1,,0,0,56,"United Kingdom","08/06/2009",6,0,0,1,2,53.589,-2.28444,4,"labour","PRINTER","BL9",5
14.7636,1633,1,,0,0,-1,"United Kingdom","08/06/2009",6,0,0,-1,-1,55.3781,-3.43597,17,"unknown","-","-",18
2.38932,1634,1,,0,0,80,"United Kingdom","08/06/2009",6,0,0,1,2,54.9943,-2.88652,10,"retired","RETIRED","CA6",1
3.81952,1635,1,,1,0,68,"United Kingdom","08/06/2009",6,0,0,0,2,54.8764,-2.905,3,"home","HOUSEWIFE","CA1",3
26.9182,1636,1,,0,0,62,"United Kingdom","08/06/2009",6,0,0,1,2,54.661,-2.60556,10,"retired","RETIRED","CA10",16
39.3791,1637,1,,0,0,43,"United Kingdom","08/06/2009",5,0,0,0,4,51.4044,-2.31044,2,"health","NURSE","BA1",45
26.8454,1638,1,,0,0,57,"United Kingdom","08/06/2009",2,0,0,0,1,52.538,-1.79427,6,"office","ADMINISTRATOR","B76",21
32.327,1639,1,,0,0,49,"United Kingdom","08/06/2009",0,0,0,1,1,53.5322,-2.28056,17,"unknown","CHARITY WORKER","M25",22
28.849,1640,1,,1,0,58,"United Kingdom","08/06/2009",0,0,0,1,2,53.4569,-2.29868,10,"retired","RETIRED","M32",108
10.8772,1641,1,,0,0,33,"United Kingdom","08/06/2009",0,0,0,0,3,53.3343,-2.23565,6,"office","STATISTICIAN","SK9",6
9.46289,1642,1,,0,0,72,"United Kingdom","08/06/2009",0,0,0,0,2,53.2658,-2.11735,12,"service","HAULAGE CONTRACTOR","SK10",6
40.4788,1643,1,,1,0,57,"United Kingdom","08/06/2009",5,0,0,0,1,51.5944,-3.21062,2,"health","CYTOSCREENER","CF83",59
8.73693,1644,1,,1,0,84,"United Kingdom","08/06/2009",5,0,0,0,1,51.4362,-3.21758,10,"retired","RETIRED","CF64",1
3.32329,1645,1,,0,0,90,"United Kingdom","08/06/2009",5,0,0,0,1,51.5185,-3.17876,10,"retired","RETIRED","CF23",5
7.85159,1646,1,,0,0,52,"United Kingdom","08/06/2009",1,0,0,0,1,53.8133,-1.67408,6,"office","INTERNET SALES","LS28",6
9.60442,1647,1,,0,0,45,"United Kingdom","08/06/2009",0,0,0,0,1,53.3399,-2.67633,8,"public","SUPPORT WORKER","WA7",16
14.9239,1648,1,,0,0,55,"United Kingdom","08/06/2009",1,0,0,0,2,53.6856,-1.51021,6,"office","CLERICAL OFFICER","WF2",12
22.8941,1649,1,,0,0,45,"United Kingdom","08/06/2009",1,0,0,0,2,53.8613,-1.68629,6,"office","MANAGER","LS19",9
7.97423,1650,1,,1,0,-1,"United Kingdom","08/06/2009",3,0,0,-1,2,51.621,-0.024408,10,"retired","RETIRED","E4",5
2.11559,1651,1,,0,0,32,"United Kingdom","08/06/2009",1,0,0,1,2,53.8216,-1.65951,6,"office","DATA ANALYST","LS13",20
0.327536,1652,1,,1,0,89,"United Kingdom","08/06/2009",0,0,0,0,1,55.0221,-1.43681,10,"retired","RETIRED","NE30",1
19.4446,1653,1,,0,0,29,"United Kingdom","08/06/2009",5,0,0,0,3,55.3781,-3.43597,14,"teaching","TEACHER","-",7
3.42519,1654,1,,0,0,65,"United Kingdom","08/06/2009",0,0,0,1,2,54.9694,-1.49649,10,"retired","RETIRED","NE32",6
0.93032,1655,1,,0,0,54,"United Kingdom","08/06/2009",4,0,0,1,1,51.4422,-0.15921,16,"unemployed","UNEMPLOYED","SW12",3
18.965,1656,1,,0,0,48,"United Kingdom","08/06/2009",0,0,0,1,2,53.3949,-3.14934,14,"teaching","TEACHER","CH47",11
0.742334,1657,1,,0,0,88,"United Kingdom","08/06/2009",0,0,0,1,1,53.249,-2.63924,10,"retired","RETIRED","WA6",2
11.5671,1658,1,,0,0,77,"United Kingdom","08/06/2009",0,0,0,1,2,55.1674,-1.68893,10,"retired","RETIRED","NE61",4
14.5858,1659,1,,0,0,59,"United Kingdom","08/06/2009",0,0,0,0,2,54.5483,-1.15911,6,"office","OFFICE ADMINISTRATION","TS6",8
10.0121,1660,1,,0,0,61,"United Kingdom","08/06/2009",5,0,0,0,2,NaN,NaN,12,"service","SALES CO-ORDINATOR","-",4
0.00320693,1661,1,,1,0,70,"United Kingdom","08/06/2009",0,0,0,0,1,55.0088,-1.65065,10,"retired","RETIRED","NE3",1
6.38862,1662,1,,0,0,61,"United Kingdom","08/06/2009",2,0,0,0,2,52.6942,0.29523,10,"retired","RETIRED TEACHER","PE34",10
36.9888,1663,1,,0,0,42,"United Kingdom","08/06/2009",0,0,0,0,5,54.8737,-1.44149,12,"service","CRECHE ASSISTANT","SR3",17
4.49242,1664,1,,0,0,81,"United Kingdom","08/06/2009",0,0,0,0,2,54.6477,-1.4362,10,"retired","RETIRED","TS21",2
9.75342,1665,1,,0,0,61,"United Kingdom","08/06/2009",0,0,0,0,2,54.7643,-1.39034,10,"retired","RETIRED","DH6",6
4.36862,1666,1,,0,0,41,"United Kingdom","08/06/2009",1,0,0,0,2,53.3561,-1.37054,6,"office","BOOK-KEEPER","S13",2
10.6775,1667,1,,0,0,61,"United Kingdom","08/06/2009",4,0,0,1,2,51.1523,-0.985058,17,"unknown","OWN COMPANY","GU34",176
8.847,1668,1,,0,0,63,"United Kingdom","08/06/2009",5,0,0,1,2,50.4362,-4.76523,10,"retired","RETIRED","PL30",4
1.2539,1669,1,,0,0,56,"United Kingdom","08/06/2009",4,0,0,0,2,50.9714,-1.59063,10,"retired","RETIRED","SO51",7
10.0716,1670,1,,0,0,55,"United Kingdom","08/06/2009",6,0,0,0,1,53.5651,-2.43894,10,"retired","RETIRED","BL3",6
18.5642,1671,1,,0,0,75,"United Kingdom","08/06/2009",2,0,0,1,1,52.4612,-1.80739,10,"retired","RETIRED","B26",16
39.215,1672,1,,0,0,55,"United Kingdom","08/06/2009",5,0,0,0,1,50.482,-3.53078,14,"teaching","TEACHER","TQ1",105
14.9677,1673,1,,0,0,61,"United Kingdom","08/06/2009",1,0,0,0,2,53.2131,-0.319762,17,"unknown","CARETAKER","LN3",10
15.7679,1674,1,,0,0,66,"United Kingdom","08/06/2009",3,0,0,0,3,51.7525,0.454604,10,"retired","RETIRED","CM1",5
4.58179,1675,1,,0,0,25,"United Kingdom","08/06/2009",1,0,0,0,2,53.3257,-1.16619,17,"unknown","ADVISER","S81",10
39.3775,1676,1,,0,0,59,"United Kingdom","08/06/2009",5,0,0,0,4,50.8079,-2.01462,3,"home","HOUSEWIFE","BH21",10
41.7731,1677,1,,0,0,48,"United Kingdom","08/06/2009",5,0,0,0,5,50.7615,-1.88121,3,"home","MOTHER/STUDENT","BH10",134
0.167561,1678,1,,0,0,78,"United Kingdom","08/06/2009",5,0,0,0,1,50.7433,-1.9175,10,"retired","RETIRED","BH12",2
28.8181,1679,1,,0,0,67,"United Kingdom","08/06/2009",4,0,0,1,2,50.7546,-2.00398,10,"retired","RETIRED","BH18",833
25.9886,1680,1,,0,0,50,"United Kingdom","08/06/2009",4,0,0,0,2,50.6347,-2.4372,6,"office","ADMIN MANAGER","DT3",25
39.7449,1681,1,,0,0,17,"United Kingdom","08/06/2009",3,0,0,0,3,51.4075,0.504584,13,"student","STUDENT","ME2",37
16.0238,1682,1,,1,0,77,"United Kingdom","08/06/2009",3,0,0,0,1,51.694,0.105034,3,"home","HOUSEWIFE","CM16",29
27.7155,1683,1,,1,0,81,"United Kingdom","08/06/2009",2,0,0,1,1,52.2714,1.09641,10,"retired","RETIRED","IP23",29
7.32969,1684,1,,0,0,61,"United Kingdom","08/06/2009",4,0,0,0,1,51.0374,-1.84636,14,"teaching","TEACHER","SP5",19
8.01581,1685,1,,0,0,55,"United Kingdom","08/06/2009",4,0,0,0,2,50.9705,-1.59037,12,"service","COUNSELLOR IN TRAINING","SO51",11
15.974,1686,1,,0,0,36,"United Kingdom","08/06/2009",4,0,0,1,4,50.9319,-1.37178,6,"office","ARCHITECT","SO18",5
26.3763,1687,1,,0,0,69,"United Kingdom","08/06/2009",1,0,0,0,2,53.5642,-0.674116,10,"retired","RETIRED","DN17",217
38.2188,1688,1,,0,0,48,"United Kingdom","08/06/2009",2,0,0,0,5,52.1174,1.15043,12,"service","GARDENER","IP6",34
23.2514,1689,1,,0,0,58,"United Kingdom","08/06/2009",6,0,0,0,2,57.6116,-2.69691,10,"retired","RETIRED TEACHER","AB45",10
5.42608,1690,1,,0,0,50,"United Kingdom","08/06/2009",2,0,0,0,2,51.7849,-1.26756,9,"research","RESEARCH","OX2",13
4.31941,1691,1,,0,0,29,"United Kingdom","08/06/2009",6,0,0,0,2,56.1259,-3.9395,12,"service","ENVIRONMENTAL CONSULTANT","FK8",8
3.83195,1692,1,,0,0,84,"United Kingdom","08/06/2009",1,0,0,1,2,53.0183,-1.73259,10,"retired","RETIRED GP","DE6",7
13.7241,1693,1,,0,0,58,"United Kingdom","08/06/2009",5,0,0,0,2,51.6239,-3.53844,3,"home","HOUSEWIFE","CF32",8
38.4524,1694,1,,0,0,76,"United Kingdom","08/06/2009",6,0,0,0,1,54.8897,-2.79088,10,"retired","RETIRED","CA8",19
37.3898,1695,1,,0,0,54,"United Kingdom","08/06/2009",6,0,0,0,3,54.5469,-3.58573,2,"health","GP","CA28",33
3.80264,1696,1,,0,0,62,"United Kingdom","08/06/2009",2,0,0,0,1,52.8197,-2.10413,10,"retired","RETIRED","ST16",4
18.4102,1697,1,,0,0,57,"United Kingdom","08/06/2009",0,0,0,1,3,54.1321,-4.63541,17,"unknown","CONSULTANT","IM9",16
32.705,1698,1,,0,0,22,"United Kingdom","08/06/2009",3,0,0,1,3,51.6998,-0.212939,13,"student","STUDENT","EN6",33
23.2205,1699,1,,0,0,55,"United Kingdom","08/06/2009",5,0,0,0,2,50.4712,-4.76375,2,"health","MIDWIFE","PL30",20
25.8083,1700,1,,0,0,54,"United Kingdom","08/06/2009",1,0,0,0,2,52.57,-1.23676,12,"service","TAI CHI INSTRUCTOR","LE9",29
34.7919,1701,1,,0,0,75,"United Kingdom","08/06/2009",1,0,0,0,2,52.9827,-1.47912,10,"retired","RETIRED","DE56",306
28.206,1702,1,,0,0,68,"United Kingdom","08/06/2009",6,0,0,0,2,57.1691,-2.15944,10,"retired","RETIRED","AB16",145
24.8316,1703,1,,0,0,65,"United Kingdom","08/06/2009",5,0,0,1,2,51.8137,-2.14626,10,"retired","RETIRED","GL4",17
0.159279,1704,1,,1,0,75,"United Kingdom","08/06/2009",0,0,0,0,1,NaN,NaN,3,"home","HOUSEWIFE","-",1
35.7725,1705,1,,0,0,49,"United Kingdom","08/06/2009",4,0,0,0,4,51.3784,-0.343329,6,"office","COMPUTER ANALYST","KT10",37
8.63294,1706,1,,0,0,88,"United Kingdom","08/06/2009",0,0,0,1,2,52.78,-1.57091,10,"retired","RETIRED","DE11",2
37.0373,1707,1,,1,0,41,"United Kingdom","08/06/2009",4,0,0,0,1,51.0908,-0.448429,2,"health","CLINICAL MANAGER","RH12",11
5.36559,1708,1,,1,0,83,"United Kingdom","08/06/2009",5,0,0,0,1,51.5185,-3.17883,10,"retired","RETIRED","CF23",3
36.1536,1709,1,,0,0,73,"United Kingdom","08/06/2009",5,0,0,1,3,51.5181,-2.13613,10,"retired","RETIRED","SN14",9
0.440946,1710,1,,0,0,74,"United Kingdom","08/06/2009",5,0,0,0,1,51.3752,-1.46654,10,"retired","RETIRED","RG17",5
0.0517669,1711,1,,0,0,51,"United Kingdom","08/06/2009",1,0,0,1,1,52.605,-1.08854,1,"entertain","ARTIST","LE2",1
6.24412,1712,1,,0,0,67,"United Kingdom","08/06/2009",1,0,0,0,2,52.6734,-1.19519,3,"home","HOUSEWIFE","LE7",9
15.0718,1713,1,,0,0,60,"United Kingdom","08/06/2009",2,0,0,0,2,53.0381,0.016001,10,"retired","SEMI-RETIRED","PE22",15
35.7913,1714,1,,1,0,59,"United Kingdom","08/06/2009",0,0,0,0,3,53.2553,-2.10092,2,"health","NURSE","SK11",10
22.2061,1715,1,,0,0,37,"United Kingdom","08/06/2009",1,0,0,0,4,53.005,-1.17066,6,"office","WEBSITE MANAGER","NG5",17
11.1144,1716,1,,1,0,62,"United Kingdom","08/06/2009",6,0,0,1,2,53.8714,-3.04052,6,"office","ACCOUNTANT","FY5",3
0.163429,1717,1,,0,0,-1,"United Kingdom","08/06/2009",1,0,0,0,-1,NaN,NaN,10,"retired","RETIRED","-",3
32.782,1718,1,,0,0,55,"United Kingdom","08/06/2009",1,0,0,0,1,53.2057,-1.218,6,"office","SECRETARY","NG20",30
7.18123,1719,1,,0,0,74,"United Kingdom","08/06/2009",4,0,0,0,1,51.5476,-0.3106,10,"retired","RETIRED","HA0",3
0.251482,1720,1,,0,0,57,"United Kingdom","08/06/2009",4,0,0,0,1,51.4523,-0.188154,16,"unemployed","UNEMPLOYED","SW18",6
38.6779,1721,1,,0,0,41,"United Kingdom","08/06/2009",5,0,0,0,4,51.5227,-3.57522,9,"research","LECTURER","CF31",19
40.9397,1722,1,,0,0,53,"United Kingdom","08/06/2009",0,0,0,0,2,53.5016,-2.89234,8,"public","EMERGENCY PLANNING BUSINESS SUPPORT OFFICER","L33",80
33.2563,1723,1,,0,0,65,"United Kingdom","08/06/2009",4,0,0,0,2,51.5069,-0.19683,12,"service","VOLUNTEER IN CHARITY SHOP","W8",54
9.37958,1724,1,,0,0,51,"United Kingdom","08/06/2009",0,0,0,0,2,53.0694,-2.98021,2,"health","NURSE","LL13",5
12.1935,1725,1,,0,0,52,"United Kingdom","08/06/2009",1,0,0,1,2,53.837,-1.60301,6,"office","IT MANAGER","LS16",21
12.6896,1726,1,,0,0,73,"United Kingdom","08/06/2009",0,0,0,0,1,53.2235,-2.79214,10,"retired","RETIRED","CH3",12
11.2312,1727,1,,0,0,46,"United Kingdom","08/06/2009",0,0,0,0,2,53.3881,-2.17821,17,"unknown","PH CLEANER","SK",7
11.1844,1728,1,,0,0,59,"United Kingdom","08/06/2009",5,0,0,1,2,50.5916,-3.67703,5,"mechanic","ENGINEER","TQ13",28
39.5787,1729,1,,0,0,53,"United Kingdom","08/06/2009",0,0,0,0,4,53.3326,-3.07675,2,"health","NURSE PRACTITIONER","CH60",111
26.9229,1730,1,,0,0,42,"United Kingdom","08/06/2009",2,0,0,0,4,52.3519,0.146161,12,"service","VISITOR CENTRE MANAGER","CB6",69
6.74884,1731,1,,0,0,63,"United Kingdom","08/06/2009",1,0,0,0,1,52.5994,-0.730297,10,"retired","RETIRED","LE15",20
22.8617,1732,1,,0,0,20,"United Kingdom","08/06/2009",1,0,0,1,4,NaN,NaN,13,"student","STUDENT","-",11
3.32705,1733,1,,0,0,51,"United Kingdom","08/06/2009",5,0,0,0,2,50.3942,-3.51677,17,"unknown","DESIGNER","TQ5",4
0.186595,1734,1,,1,0,22,"United Kingdom","08/06/2009",1,0,0,1,5,52.3499,-1.56238,6,"office","MARKET RESEARCH","CV8",3
45.774,1735,1,,0,0,38,"United Kingdom","08/06/2009",3,0,0,0,4,51.4301,-0.011467,14,"teaching","TEACHER","SE6",209
7.38541,1736,1,,0,0,49,"United Kingdom","08/06/2009",2,0,0,0,2,52.0494,-0.778741,6,"office","COMPANY DIRECTOR","MK13",15
20.8001,1737,1,,0,0,52,"United Kingdom","08/06/2009",5,0,0,0,4,51.4828,-0.979002,9,"research","FURTHER EDUCATION LECTURER","RG4",9
42.2332,1738,1,,0,0,69,"United Kingdom","08/06/2009",3,0,0,1,2,52.0678,0.765782,10,"retired","RETIRED","CO10",71
13.7267,1739,1,,0,0,26,"United Kingdom","08/06/2009",1,0,0,0,2,53.4148,-1.36133,3,"home","ACCOUNTS CLERK (WORK FROM HOME)","S60",7
10.2584,1740,1,,0,0,65,"United Kingdom","08/06/2009",4,0,0,0,2,50.8314,-0.781334,10,"retired","RETIRED TEACHER","PO19",9
0.225581,1741,1,,1,0,75,"United Kingdom","08/06/2009",4,0,0,0,1,50.8344,-0.809535,10,"retired","RETIRED","PO19",2
15.4047,1742,1,,0,0,61,"United Kingdom","08/06/2009",4,0,0,0,1,50.8745,-0.999996,13,"student","ADULT STUDENT","PO9",8
27.2307,1743,1,,0,0,24,"United Kingdom","08/06/2009",1,0,0,1,5,52.2821,-1.5379,6,"office","TELEMARKETER","CV31",10
2.56293,1744,1,,1,0,80,"United Kingdom","08/06/2009",6,0,0,0,1,53.7551,-3.02967,10,"retired","RETIRED","FY8",8
19.5809,1745,1,,0,0,21,"United Kingdom","08/06/2009",1,0,0,0,4,52.3491,-1.55593,13,"student","STUDENT","CV8",6
0.071329,1746,1,,0,0,79,"United Kingdom","08/06/2009",0,0,0,0,1,53.7751,-0.461624,10,"retired","RETIRED","HU16",1
1.62949,1747,1,,0,0,38,"United Kingdom","08/06/2009",1,0,0,0,2,52.4245,-1.91287,14,"teaching","SUPPLY TEACHER","B30",1
0.908731,1748,1,,0,0,38,"United Kingdom","08/06/2009",2,0,0,1,2,51.6905,-0.399077,17,"unknown","UTILITY COMPANY","WD25",7
4.86683,1749,1,,0,0,61,"United Kingdom","08/06/2009",0,0,0,0,1,53.8205,-0.4787,10,"retired","RETIRED LECTURER","HU17",3
1.94815,1750,1,,1,0,72,"United Kingdom","08/06/2009",4,0,0,1,2,50.5652,-2.44653,10,"retired","RETIRED","DT5",1
5.74953,1751,1,,0,0,66,"United Kingdom","08/06/2009",4,0,0,0,1,51.2429,-0.171495,10,"retired","RETIRED","RH1",14
2.33408,1752,1,,0,0,69,"United Kingdom","08/06/2009",1,0,0,0,1,53.3911,-1.26349,10,"retired","RETIRED","S66",7
16.879,1753,1,,0,0,47,"United Kingdom","08/06/2009",4,0,0,0,1,50.8696,-1.04552,6,"office","TEAM LEADER - AEROSPACE","PO7",20
27.6076,1754,1,,0,0,56,"United Kingdom","08/06/2009",1,0,0,1,2,52.5745,-1.21947,12,"service","TRAINING","LE19",42
10.5742,1755,1,,1,0,22,"United Kingdom","08/06/2009",1,0,0,0,2,52.6275,-1.14159,13,"student","STUDENT","LE2",6
0.711932,1756,1,,1,0,77,"United Kingdom","08/06/2009",1,0,0,1,2,52.5526,-1.14994,10,"retired","RETIRED","LE8",2
9.20586,1757,1,,0,0,65,"United Kingdom","08/06/2009",1,0,0,1,2,53.1672,-1.59424,10,"retired","RETIRED","DE4",9
44.0414,1758,1,,0,0,45,"United Kingdom","08/06/2009",1,0,0,1,3,53.0194,-1.35534,2,"health","NURSE","DE75",59
3.19938,1759,1,,0,0,74,"United Kingdom","08/06/2009",1,0,0,0,2,52.8687,-1.35622,10,"retired","RETIRED LECTURER","DE72",6
7.9524,1760,1,,0,0,80,"United Kingdom","08/06/2009",1,0,0,1,2,52.7777,-1.20704,10,"retired","RETIRED","LE11",9
37.2737,1761,1,,0,0,35,"United Kingdom","08/06/2009",1,0,0,1,1,52.6629,-1.30987,6,"office","GRAPHIC DESIGN","LE67",8
0.0738051,1762,1,,0,0,65,"United Kingdom","08/06/2009",1,0,0,1,1,52.7326,-1.10041,10,"retired","RETIRED","LE12",2
39.905,1763,1,,0,0,70,"United Kingdom","08/06/2009",1,0,0,0,1,52.6007,-1.11776,17,"unknown","-","LE2",16
25.7004,1764,1,,0,0,68,"United Kingdom","08/06/2009",1,0,0,1,2,52.5701,-1.2371,6,"office","BOOK KEEPER","LE9",13
11.1756,1765,1,,0,0,71,"United Kingdom","08/06/2009",1,0,0,0,2,52.6184,-1.17713,2,"health","CARER/HOUSEWIFE","LE3",38
1.70744,1766,1,,0,0,63,"United Kingdom","08/06/2009",1,0,0,0,2,52.2958,-0.698601,3,"home","HOUSEWIFE","NN8",4
21.5804,1767,1,,1,0,53,"United Kingdom","08/06/2009",1,0,0,0,4,52.2692,-0.751724,4,"labour","FARMER & HOUSEKEEPER","NN6",11
1.35899,1768,1,,0,0,79,"United Kingdom","08/06/2009",1,0,0,1,2,52.312,-0.697424,10,"retired","RETIRED","NN8",8
4.25305,1769,1,,0,0,38,"United Kingdom","08/06/2009",1,0,0,0,2,52.4805,-0.715314,6,"office","ACCOUNTANT","NN18",12
5.16678,1770,1,,0,0,56,"United Kingdom","08/06/2009",3,0,0,0,2,51.664,0.438203,17,"unknown","-","CM4",7
14.1988,1771,1,,0,0,45,"United Kingdom","08/06/2009",6,0,0,0,2,53.5445,-2.72631,17,"unknown","-","WN8",5
15.4654,1772,1,,0,0,71,"United Kingdom","08/06/2009",4,0,0,0,2,50.7951,-0.647545,17,"unknown","-","PO22",10
36.7218,1773,1,,0,0,48,"United Kingdom","08/06/2009",4,0,0,0,4,50.7945,-0.647538,6,"office","AREA MANAGER","PO22",22
0.0228237,1774,1,,0,0,80,"United Kingdom","08/06/2009",4,0,0,0,2,50.7536,-1.28877,3,"home","HOUSEWIFE","PO32",1
1.4349,1775,1,,0,0,67,"United Kingdom","08/06/2009",4,0,0,0,1,50.6826,-1.52488,10,"retired","RETIRED","PO40",14
39.3775,1776,1,,0,0,63,"United Kingdom","08/06/2009",4,0,0,0,2,50.6675,-1.18858,10,"retired","RETIRED","PO36",45
36.8426,1777,1,,1,0,65,"United Kingdom","08/06/2009",5,0,0,0,1,51.8126,-3.01202,10,"retired","RETIRED","NP7",144
29.4451,1778,1,,0,0,76,"United Kingdom","08/06/2009",1,0,0,1,2,52.539,-1.36957,10,"retired","RETIRED","LE10",39
4.35596,1779,1,,0,0,77,"United Kingdom","08/06/2009",1,0,0,0,2,52.6598,-1.23093,10,"retired","RETIRED","LE6",10
20.9917,1780,1,,0,0,64,"United Kingdom","08/06/2009",5,0,0,0,2,51.4624,-0.302784,10,"retired","RETIRED","TW9",12
5.90329,1781,1,,0,0,36,"United Kingdom","08/06/2009",4,0,0,1,2,51.2413,-0.573696,12,"service","GARDENER","GU",4
33.1673,1782,1,,1,0,68,"United Kingdom","08/06/2009",4,0,0,1,4,51.4777,-0.384111,15,"transport","COACH DRIVER","TW5",16
2.21251,1783,1,,0,0,41,"United Kingdom","08/06/2009",4,0,0,0,1,51.15,-0.713469,8,"public","ENVIRONMENT OFFICER","GU8",1
20.9649,1784,1,,0,0,34,"United Kingdom","08/06/2009",4,0,0,0,3,51.4192,-0.425223,12,"service","MORTGAGE BROKER","TW16",10
0.0125726,1785,1,,0,0,60,"United Kingdom","08/06/2009",3,0,0,1,3,NaN,NaN,17,"unknown","SECURITY OPERATIONS","-",1
39.5012,1786,1,,0,0,51,"United Kingdom","08/06/2009",3,0,0,1,2,51.4748,-0.025999,6,"office","CHURCH ADMINISTRATION","SE8",16
37.4024,1787,1,,1,0,27,"United Kingdom","08/06/2009",2,0,0,1,5,52.4786,-1.9086,5,"mechanic","ENGINEER","B1",42
6.1326,1788,1,,0,0,53,"United Kingdom","08/06/2009",1,0,0,0,2,51.5715,-0.198593,3,"home","HOME MAKER","NW11",9
9.23153,1789,1,,0,0,28,"United Kingdom","08/06/2009",4,0,0,0,2,51.3742,-0.195549,6,"office","COMMERCIAL TRAFFIC MANAGER","SM1",25
3.12488,1790,1,,0,0,63,"United Kingdom","08/06/2009",1,0,0,1,2,52.2672,-0.819565,10,"retired","RETIRED","NN3",5
17.7446,1791,1,,0,0,52,"United Kingdom","08/06/2009",1,0,0,1,4,52.2506,-1.38373,5,"mechanic","ENGINEER","CV47",75
5.88121,1792,1,,1,0,79,"United Kingdom","08/06/2009",1,0,0,0,1,52.2549,-1.15112,10,"retired","RETIRED","NN11",2
2.92235,1793,1,,0,0,72,"United Kingdom","08/06/2009",5,0,0,0,2,51.437,-2.58329,3,"home","HOUSEWIFE","BS3",1
15.0275,1794,1,,0,0,43,"United Kingdom","08/06/2009",4,0,0,0,1,50.8314,-0.781334,8,"public","SOCIAL WORKER","PO19",20
22.7543,1795,1,,0,0,53,"United Kingdom","08/06/2009",4,0,0,0,3,50.9012,-1.06565,3,"home","HOUSEWIFE","PO7",13
23.9187,1796,1,,0,0,53,"United Kingdom","08/06/2009",4,0,0,0,1,50.8026,-1.07748,17,"unknown","BLUE COLLAR","PO1",11
12.6254,1797,1,,0,0,53,"United Kingdom","08/06/2009",4,0,0,0,3,50.7985,-1.14189,2,"health","GP","PO12",27
33.4805,1798,1,,0,0,50,"United Kingdom","08/06/2009",4,0,0,0,4,50.7851,-1.15415,12,"service","DELI ASSISTANT ON NAVAL BASE","PO12",78
20.1563,1799,1,,0,0,35,"United Kingdom","08/06/2009",4,0,0,0,4,50.8551,-1.1879,3,"home","HOUSEWIFE","PO16",39
9.51477,1800,1,,0,0,73,"United Kingdom","08/06/2009",4,0,0,1,2,50.8849,-1.02606,10,"retired","RETIRED","PO7",6
0.915168,1801,1,,0,0,63,"United Kingdom","08/06/2009",4,0,0,1,2,50.8423,-0.851195,17,"unknown","DRIVER","PO",5
4.93865,1802,1,,0,0,82,"United Kingdom","08/06/2009",4,0,0,0,1,50.8848,-1.02525,10,"retired","RETIRED","PO7",2
26.663,1803,1,,0,0,59,"United Kingdom","08/06/2009",0,0,0,0,2,54.527,-1.0598,3,"home","HOUSEWIFE","TS14",16
43.6876,1804,1,,0,0,27,"United Kingdom","08/06/2009",1,0,0,0,2,53.3638,-1.43664,6,"office","ADMINISTRATOR","S2",41
38.9636,1805,1,,0,0,43,"United Kingdom","08/06/2009",1,0,0,0,4,52.5298,-1.45376,3,"home","HOMEMAKER","CV11",30
19.525,1806,1,,0,0,48,"United Kingdom","08/06/2009",1,0,0,0,2,52.5061,-1.42779,12,"service","BANK CASHIER","CV11",88
13.5189,1807,1,,0,0,66,"United Kingdom","08/06/2009",4,0,0,1,2,51.4064,-0.368929,10,"retired","RETIRED","KT8",12
24.3681,1808,1,,1,0,28,"United Kingdom","08/06/2009",4,0,0,0,4,51.2985,-0.235417,12,"service","CHILD MINDER","KT20",9
37.0606,1809,1,,0,0,64,"United Kingdom","08/06/2009",4,0,0,1,2,51.1138,-0.627752,8,"public","SCOUT LEADER","GU8",57
16.9562,1810,1,,1,0,45,"United Kingdom","08/06/2009",4,0,0,0,1,51.5283,-0.523554,6,"office","PROJECT MANAGER","SL0",10
18.059,1811,1,,0,0,41,"United Kingdom","08/06/2009",4,0,0,1,4,51.4354,-0.519168,13,"student","POSTGRADUATE STUDENT","TW18",8
31.5677,1812,1,,1,0,61,"United Kingdom","08/06/2009",3,0,0,0,1,51.5651,0.578938,17,"unknown","-","SS7",7
29.5485,1813,1,,0,0,40,"United Kingdom","08/06/2009",0,0,0,0,6,53.2693,-2.14227,3,"home","HOUSEWIFE","SK10",12
4.19511,1814,1,,1,0,57,"United Kingdom","08/06/2009",4,0,0,0,3,50.9408,-1.45565,3,"home","DISABLED HOUSEWIFE","SO16",4
18.6202,1815,1,,0,0,49,"United Kingdom","08/06/2009",6,0,0,0,4,50.4055,-4.11122,3,"home","HOMEMAKER","PL6",18
4.43732,1816,1,,0,0,52,"United Kingdom","08/06/2009",0,0,0,0,1,53.3851,-2.55569,14,"teaching","PIANO TEACHER","WA4",9
38.9183,1817,1,,0,0,56,"United Kingdom","08/06/2009",0,0,0,1,1,53.3966,-3.06111,6,"office","COMPANY DIRECTOR","CH41",14
23.3428,1818,1,,0,0,42,"United Kingdom","08/06/2009",5,0,0,0,3,50.3751,-4.21037,17,"unknown","-","PL10",8
1.29504,1819,1,,0,0,85,"United Kingdom","08/06/2009",4,0,0,0,1,51.4122,-0.180066,10,"retired","RETIRED","SW19",2
1.55859,1820,1,,0,0,32,"United Kingdom","08/06/2009",4,0,0,1,2,51.4352,-0.506604,5,"mechanic","AIRCRAFT ENGINEER","TW18",4
0.208273,1821,1,,0,0,72,"United Kingdom","08/06/2009",6,0,0,0,1,55.9459,-3.20361,10,"retired","RETIRED","EH3",1
5.52927,1822,1,,1,0,76,"United Kingdom","08/06/2009",5,0,0,0,1,51.7211,-4.26892,10,"retired","RETIRED HOUSEWIFE","SA17",19
21.0842,1823,1,,0,0,37,"United Kingdom","08/06/2009",4,0,0,0,4,51.3607,0.088422,3,"home","HOUSEWIFE","BR6",10
1.66806,1824,1,,0,0,61,"United Kingdom","08/06/2009",4,0,0,0,2,51.3803,0.079767,6,"office","COMPUTER PROGRAMMER","BR5",1
36.2487,1825,1,,0,0,48,"United Kingdom","08/06/2009",6,0,0,0,5,55.9222,-3.23815,2,"health","NURSE","EH14",13
10.921,1826,1,,1,0,60,"United Kingdom","08/06/2009",6,0,0,0,1,55.9309,-3.22585,10,"retired","RETIRED","EH10",4
8.19418,1827,1,,0,0,66,"United Kingdom","08/06/2009",6,0,0,1,2,54.5779,-2.48881,10,"retired","RETIRED","CA16",2
4.01164,1828,1,,0,0,63,"United Kingdom","08/06/2009",0,0,0,1,2,53.5327,-2.35353,10,"retired","RETIRED","M27",15
12.6641,1829,1,,0,0,62,"United Kingdom","08/06/2009",1,0,0,1,1,53.7877,-1.58314,10,"retired","RETIRED","LS12",25
33.5523,1830,1,,0,0,56,"United Kingdom","08/06/2009",6,0,0,1,2,53.4825,-2.53071,4,"labour","FACTORY HAND","WN7",8
14.691,1831,1,,0,0,18,"United Kingdom","08/06/2009",5,0,0,0,6,50.3736,-4.12428,13,"student","STUDENT","PL4",9
0.239512,1832,1,,1,0,55,"United Kingdom","08/06/2009",5,0,0,0,2,50.3445,-4.8948,6,"office","PART TIME ADMIN","PL26",5
0.948647,1833,1,,0,0,90,"United Kingdom","08/06/2009",5,0,0,0,1,50.3256,-3.77411,12,"service","BOOKSELLER","TQ7",1
16.7272,1834,1,,0,0,65,"United Kingdom","08/06/2009",5,0,0,0,3,50.3256,-3.77411,2,"health","ART THERAPIST","TQ7",112
20.3455,1835,1,,0,0,65,"United Kingdom","08/06/2009",0,0,0,0,2,53.3268,-2.2279,10,"retired","RETIRED","SK9",10
2.45901,1836,1,,0,0,65,"United Kingdom","08/06/2009",0,0,0,1,1,53.2691,-2.14257,10,"retired","RETIRED","SK10",11
3.30741,1837,1,,0,0,69,"United Kingdom","08/06/2009",5,0,0,0,1,50.6323,-3.33196,10,"retired","RETIRED","EX9",4
5.04098,1838,1,,0,0,58,"United Kingdom","08/06/2009",6,0,0,1,3,53.4865,-2.62925,6,"office","TECHNICAL MANAGER","WN4",12
23.8869,1839,1,,0,0,29,"United Kingdom","08/06/2009",5,0,0,0,2,50.8988,-4.38399,2,"health","DENTAL NURSE","EX22",15
1.07363,1840,1,,0,0,64,"United Kingdom","08/06/2009",5,0,0,0,1,50.9529,-4.12751,6,"office","CLERICAL ASSISTANT","EX38",1
6.2191,1841,1,,0,0,50,"United Kingdom","08/06/2009",5,0,0,0,3,50.6292,-3.39987,14,"teaching","TEACHER","EX8",8
0.0129356,1842,1,,0,0,67,"United Kingdom","08/06/2009",5,0,0,1,1,50.1129,-5.24748,10,"retired","RETIRED","TR13",1
14.1898,1843,1,,0,0,25,"United Kingdom","08/06/2009",4,0,0,0,2,51.402,-0.344541,6,"office","CIVIL SERVANT","KT8",10
14.6055,1844,1,,0,0,67,"United Kingdom","08/06/2009",0,0,0,1,2,53.3862,-2.88779,10,"retired","RETIRED","L18",9
18.9198,1845,1,,0,0,54,"United Kingdom","08/06/2009",6,0,0,0,2,53.5456,-2.59525,17,"unknown","-","WN2",5
0.673018,1846,1,,0,0,77,"United Kingdom","08/06/2009",0,0,0,0,1,53.505,-2.40976,10,"retired","RETIRED","M28",9
36.936,1847,1,,0,0,33,"United Kingdom","08/06/2009",4,0,0,1,3,51.5279,-0.110004,6,"office","CIVIL SERVANT","WC1",25
28.7798,1848,1,,0,0,59,"United Kingdom","08/06/2009",6,0,0,0,3,56.119,-3.79872,2,"health","STAFF NURSE","FK10",14
2.97745,1849,1,,0,0,63,"United Kingdom","08/06/2009",1,0,0,0,2,52.5793,-1.02936,10,"retired","RETIRED","LE8",8
17.0329,1850,1,,0,0,47,"United Kingdom","08/06/2009",5,0,0,0,2,52.0396,-2.73583,8,"public","ARTS CO-ORDINATION OFFICER","HR2",39
6.07539,1851,1,,0,0,70,"United Kingdom","08/06/2009",1,0,0,1,2,52.4787,-0.925398,10,"retired","RETIRED","LE16",5
2.8225,1852,1,,0,0,63,"United Kingdom","08/06/2009",1,0,0,0,2,52.4785,-0.925843,12,"service","GARDENING","LE16",6
6.11343,1853,1,,1,0,68,"United Kingdom","08/06/2009",0,0,0,0,2,53.4139,-2.88327,10,"retired","RETIRED","L14",7
7.52476,1854,1,,0,0,70,"United Kingdom","08/06/2009",1,0,0,0,2,53.2605,-1.39825,10,"retired","RETIRED","S43",3
32.4888,1855,1,,0,0,67,"United Kingdom","08/06/2009",1,0,0,1,2,53.7645,-1.83999,17,"unknown","SHIPPING EXEC","BD13",15
15.3825,1856,1,,0,0,30,"United Kingdom","08/06/2009",1,0,0,1,1,53.8375,-1.79279,6,"office","SOFTWARE DEVELOPER","BD18",10
10.8008,1857,1,,0,0,57,"United Kingdom","08/06/2009",1,0,0,0,2,53.582,-1.49615,8,"public","LIBRARIAN","S75",16
0.200327,1858,1,,0,0,72,"United Kingdom","08/06/2009",1,0,0,1,2,53.5728,-1.7722,10,"retired","RETIRED","HD9",4
13.5089,1859,1,,0,0,57,"United Kingdom","08/06/2009",1,0,0,0,3,53.7392,-1.87691,12,"service","CATERING MANAGER","HX3",14
14.556,1860,1,,0,0,62,"United Kingdom","08/06/2009",1,0,0,0,2,53.6936,-1.7927,10,"retired","RETIRED","HD6",17
41.1091,1861,1,,0,0,34,"United Kingdom","08/06/2009",6,0,0,0,3,55.8901,-3.33861,5,"mechanic","CONTRACT ENGINEER","EH14",22
21.9759,1862,1,,0,0,55,"United Kingdom","08/06/2009",6,0,0,0,2,55.9524,-3.30648,2,"health","GENERAL PRACTITIONER","EH12",7
23.4304,1863,1,,0,0,66,"United Kingdom","08/06/2009",6,0,0,0,2,56.4472,-3.16896,10,"retired","RETIRED","PH14",12
13.4911,1864,1,,0,0,56,"United Kingdom","08/06/2009",6,0,0,0,1,55.9204,-3.21252,2,"health","HEALTH SERVICE MANAGER","EH10",10
14.0632,1865,1,,0,0,77,"United Kingdom","08/06/2009",4,0,0,0,1,51.5175,-0.703014,3,"home","HOUSEWIFE","SL6",51
17.8238,1866,1,,0,0,38,"United Kingdom","08/06/2009",4,0,0,1,3,51.568,-0.210077,6,"office","INSURANCE","NW2",6
25.441,1867,1,,0,0,42,"United Kingdom","08/06/2009",1,0,0,0,5,52.5752,-1.1352,12,"service","SHOP ASSISTANT","LE18",15
6.36088,1868,1,,0,0,65,"United Kingdom","08/06/2009",5,0,0,1,2,50.3014,-5.21868,10,"retired","RETIRED","TR5",4
1.65983,1869,1,,0,0,78,"United Kingdom","08/06/2009",3,0,0,0,2,51.6933,-0.168439,10,"retired","RETIRED","EN6",4
8.06229,1870,1,,0,0,80,"United Kingdom","08/06/2009",5,0,0,0,1,50.3408,-4.82171,10,"retired","RETIRED","PL25",10
10.1079,1871,1,,0,0,50,"United Kingdom","08/06/2009",5,0,0,0,4,50.5012,-3.6283,2,"health","PSYCHOSEXUAL THERAPIST","TQ12",4
8.03669,1872,1,,0,0,77,"United Kingdom","08/06/2009",5,0,0,1,2,50.4814,-3.77921,10,"retired","RETIRED","TQ11",3
26.9604,1873,1,,0,0,57,"United Kingdom","08/06/2009",1,0,0,1,1,53.7391,-1.54764,15,"transport","BUS DRIVER","LS10",7
25.2667,1874,1,,0,0,73,"United Kingdom","08/06/2009",1,0,0,1,2,54.0052,-1.4686,10,"retired","RETIRED","HG5",27
8.61971,1875,1,,0,0,69,"United Kingdom","08/06/2009",3,0,0,0,2,51.561,0.01098,10,"retired","RETIRED","E11",16
22.6681,1876,1,,0,0,50,"United Kingdom","08/06/2009",1,0,0,1,4,52.0678,0.766939,6,"office","ACCOUNTANT","CO10",27
4.19648,1877,1,,0,0,65,"United Kingdom","08/06/2009",1,0,0,0,2,53.7037,-1.50427,10,"retired","RETIRED","WF1",8
7.43769,1878,1,,0,0,44,"United Kingdom","08/06/2009",4,0,0,0,1,50.8164,-1.17132,8,"public","CIVIC SERVANT","PO13",32
9.02211,1879,1,,0,0,43,"United Kingdom","08/06/2009",0,0,0,0,4,53.197,-2.43851,2,"health","NURSE","CW10",23
31.2439,1880,1,,0,0,17,"United Kingdom","08/06/2009",4,0,0,0,3,50.804,-1.08728,13,"student","FULL TIME EDUCATION","PO1",10
36.3224,1881,1,,1,0,67,"United Kingdom","08/06/2009",2,0,0,1,2,52.4328,-1.78659,10,"retired","RETIRED CONSULTANT","B91",272
12.2693,1882,1,,1,0,80,"United Kingdom","08/06/2009",4,0,0,0,1,50.7954,-0.646878,10,"retired","RETIRED","PO22",6
10.6935,1883,1,,0,0,88,"United Kingdom","08/06/2009",4,0,0,0,1,50.8344,-0.809877,10,"retired","RETIRED","PO19",7
10.6382,1884,1,,0,0,19,"United Kingdom","08/06/2009",1,0,0,0,15,52.3732,-1.55195,13,"student","STUDENT","CV4",14
14.5447,1885,1,,0,0,48,"United Kingdom","08/06/2009",1,0,0,0,2,53.8823,-1.26611,2,"health","REGISTERED NURSE","LS24",14
38.6001,1886,1,,0,0,57,"United Kingdom","08/06/2009",1,0,0,0,1,52.8633,-0.627396,6,"office","CLERICAL","NG33",56
12.6157,1887,1,,0,0,78,"United Kingdom","08/06/2009",1,0,0,0,2,53.2356,-1.43972,10,"retired","RETIRED","S40",37
22.8022,1888,1,,0,0,53,"United Kingdom","08/06/2009",1,0,0,0,3,53.5003,-1.36958,14,"teaching","TEACHER","S63",13
0.903826,1889,1,,0,0,24,"United Kingdom","08/06/2009",6,0,0,0,1,55.0675,-3.60122,6,"office","ADMINISTRATIVE","DG1",1
21.0985,1890,1,,0,0,23,"United Kingdom","08/06/2009",4,0,0,0,2,50.8883,-1.45082,12,"service","RETAIL ASSISTANT","SO40",111
13.0777,1891,1,,0,0,46,"United Kingdom","08/06/2009",6,0,0,0,2,55.9596,-3.21868,3,"home","HOMEMAKER","EH4",12
0.103102,1892,1,,0,0,65,"United Kingdom","08/06/2009",5,0,0,1,2,50.5239,-4.21363,10,"retired","RETIRED","PL18",1
35.6061,1893,1,,0,0,15,"United Kingdom","08/06/2009",5,0,0,1,5,50.5479,-4.14956,11,"schoolchild","STUDENT","PL19",17
11.4909,1894,1,,0,0,46,"United Kingdom","08/06/2009",1,0,0,0,5,51.8828,-0.51781,8,"public","EDUCATION WELFARE OFFICER","LU6",5
14.046,1895,1,,0,0,76,"United Kingdom","08/06/2009",6,0,0,0,1,NaN,NaN,10,"retired","RETIRED TEACHER","-",10
10.8136,1896,1,,0,0,74,"United Kingdom","08/06/2009",1,0,0,0,2,53.9122,-1.74484,10,"retired","RETIRED","LS29",11
6.35755,1897,1,,0,0,42,"United Kingdom","08/06/2009",5,0,0,0,4,51.5232,-1.79849,14,"teaching","TEACHER","SN4",10
37.7214,1898,1,,0,0,60,"United Kingdom","08/06/2009",4,0,0,1,3,51.5491,-0.276595,17,"unknown","DRIVER","HA9",50
3.95253,1899,1,,0,0,73,"United Kingdom","08/06/2009",3,0,0,1,2,51.6006,-0.70939,10,"retired","RETIRED COMPANY DIRECTOR","HP10",6
8.38618,1900,1,,0,0,52,"United Kingdom","08/06/2009",3,0,0,1,2,51.3938,0.460162,6,"office","INTERNET TRADER","ME2",9
0.857169,1901,1,,0,0,70,"United Kingdom","08/06/2009",3,0,0,1,1,51.3819,0.52244,17,"unknown","-","ME4",1
3.80771,1902,1,,0,0,76,"United Kingdom","08/06/2009",3,0,0,0,2,51.2034,1.39178,10,"retired","RETIRED","CT14",2
20.5501,1903,1,,0,0,58,"United Kingdom","08/06/2009",6,0,0,0,2,56.0926,-3.16263,12,"service","BANK MANAGER","KY1",9
4.06769,1904,1,,0,0,83,"United Kingdom","08/06/2009",4,0,0,1,2,50.882,0.017056,10,"retired","RETIRED","BN7",3
0.61529,1905,1,,0,0,74,"United Kingdom","08/06/2009",1,0,0,0,1,53.8388,-1.64207,3,"home","DISABLED RETIRED","LS18",6
3.03921,1906,1,,0,0,60,"United Kingdom","08/06/2009",0,0,0,0,2,55.0454,-1.74371,10,"retired","RETIRED TEACHER","NE20",4
20.1993,1907,1,,0,0,60,"United Kingdom","08/06/2009",5,0,0,0,2,51.64,-2.16142,6,"office","RECEPTIONIST","GL8",14
5.03954,1908,1,,0,0,75,"United Kingdom","08/06/2009",5,0,0,0,1,51.9983,-2.14888,10,"retired","RETIRED","GL20",16
40.8795,1909,1,,0,0,50,"United Kingdom","08/06/2009",4,0,0,0,1,50.9076,-1.3684,8,"public","COMMUNITY WORKER","SO19",41
23.3601,1910,1,,0,0,63,"United Kingdom","08/06/2009",4,0,0,0,2,51.3348,-0.797238,3,"home","HOUSEWIFE","GU17",9
14.6664,1911,1,,0,0,57,"United Kingdom","08/06/2009",4,0,0,0,2,51.1498,-0.323139,10,"retired","RETIRED","RH5",11
23.6971,1912,1,,0,0,39,"United Kingdom","08/06/2009",4,0,0,0,5,50.8605,-0.109004,17,"unknown","-","BN1",13
31.2496,1913,1,,0,0,59,"United Kingdom","08/06/2009",4,0,0,1,3,51.1166,-0.142494,6,"office","ACCOUNTANT","RH10",20
1.93352,1914,1,,0,0,70,"United Kingdom","08/06/2009",4,0,0,0,2,51.2325,-0.201619,10,"retired","RETIRED","RH2",6
44.087,1915,1,,0,0,49,"United Kingdom","08/06/2009",3,0,0,1,2,51.2719,0.392635,6,"office","DIRECTOR","ME19",25
15.108,1916,1,,0,0,69,"United Kingdom","08/06/2009",3,0,0,0,1,NaN,NaN,17,"unknown","-","-",8
8.36898,1917,1,,0,0,40,"United Kingdom","08/06/2009",3,0,0,0,3,51.7003,-0.431301,3,"home","HOUSEWIFE","WD5",62
35.2562,1918,1,,0,0,46,"United Kingdom","08/06/2009",3,0,0,0,4,51.6436,-0.175991,6,"office","ADMINISTRATOR","EN5",47
2.93377,1919,1,,0,0,60,"United Kingdom","08/06/2009",5,0,0,0,1,51.2884,-2.81841,17,"unknown","SELF EMPLOYED","BS26",8
12.9594,1920,1,,0,0,50,"United Kingdom","08/06/2009",5,0,0,0,3,51.4839,-2.77085,2,"health","GP","BS20",7
4.80635,1921,1,,0,0,35,"United Kingdom","08/06/2009",5,0,0,0,3,50.2615,-5.10925,9,"research","LECTURER","TR3",15
37.8175,1922,1,,0,0,68,"United Kingdom","08/06/2009",5,0,0,0,2,50.7146,-3.05256,10,"retired","RETIRED TEACHER","EX12",14
3.46781,1923,1,,0,0,65,"United Kingdom","08/06/2009",6,0,0,0,1,55.9333,-3.17945,10,"retired","RETIRED","EH9",4
4.21322,1924,1,,0,0,71,"United Kingdom","08/06/2009",5,0,0,1,2,51.2846,-2.46048,10,"retired","RETIRED","BA3",3
36.091,1925,1,,0,0,32,"United Kingdom","08/06/2009",5,0,0,0,4,51.5096,-1.96557,3,"home","HOUSEWIFE","SN15",11
6.41902,1926,1,,0,0,73,"United Kingdom","08/06/2009",3,0,0,0,2,51.3935,0.529689,3,"home","HOUSEWIFE","ME",1
1.0943,1927,1,,0,0,70,"United Kingdom","08/06/2009",5,0,0,0,1,51.3644,-1.96778,10,"retired","RETIRED TEACHER","SN10",6
5.99049,1928,1,,0,0,81,"United Kingdom","08/06/2009",5,0,0,1,1,51.5498,-1.89717,10,"retired","RETIRED","SN4",9
7.86718,1929,1,,0,0,40,"United Kingdom","08/06/2009",2,0,0,0,2,52.767,1.29258,2,"health","NURSE SPECIALIST","NR10",36
11.2992,1930,1,,0,0,41,"United Kingdom","08/06/2009",3,0,0,0,2,NaN,NaN,6,"office","ACCOUNTANT","-",12
12.6522,1931,1,,0,0,32,"United Kingdom","08/06/2009",4,0,0,1,2,51.3482,-0.711797,17,"unknown","-","GU15",5
18.3442,1932,1,,0,0,29,"United Kingdom","08/06/2009",5,0,0,0,3,51.4535,-0.963009,12,"service","SALES REP","RG1",7
6.80981,1933,1,,0,0,79,"United Kingdom","08/06/2009",0,0,0,0,1,NaN,NaN,10,"retired","RETIRED","-",6
43.1845,1934,1,,0,0,31,"United Kingdom","08/06/2009",0,0,0,0,3,53.1073,-3.30269,3,"home","MOTHER","LL15",23
1.75482,1935,1,,0,0,76,"United Kingdom","08/06/2009",0,0,0,0,3,NaN,NaN,10,"retired","RETIRED","-",4
17.8342,1936,1,,0,0,57,"United Kingdom","08/06/2009",0,0,0,0,2,51.898,0.552501,6,"office","ACCOUNTS ASSISTANT","CM7",8
4.44108,1937,1,,0,0,63,"United Kingdom","08/06/2009",0,0,0,1,2,53.3387,-2.99172,10,"retired","RETIRED","CH62",3
11.8515,1938,1,,0,0,48,"United Kingdom","08/06/2009",0,0,0,1,3,53.0322,-3.01891,5,"mechanic","ELECTRICIAN","LL14",6
21.4445,1939,1,,0,0,70,"United Kingdom","08/06/2009",0,0,0,1,2,NaN,NaN,10,"retired","RETIRED","-",7
25.7293,1940,1,,1,0,74,"United Kingdom","08/06/2009",0,0,0,0,1,53.1999,-3.08553,10,"retired","RETIRED","CH7",19
0.118886,1941,1,,0,0,65,"United Kingdom","08/06/2009",2,0,0,0,2,52.3068,-3.51038,10,"retired","RETIRED","LD7",2
13.3713,1942,1,,0,0,66,"United Kingdom","08/06/2009",2,0,0,0,1,52.1903,0.171311,10,"retired","RETIRED","CB1",7
10.4572,1943,1,,0,0,49,"United Kingdom","08/06/2009",1,0,0,1,4,54.0344,-1.60938,12,"service","SALES","HG3",4
6.15009,1944,1,,0,0,70,"United Kingdom","08/06/2009",2,0,0,1,2,52.6062,-2.07282,10,"retired","RETIRED","WV11",3
31.7733,1945,1,,0,0,58,"United Kingdom","08/06/2009",1,0,0,0,1,53.3092,-1.45196,6,"office","ADMIN OFFICER","S18",14
2.70641,1946,1,,0,0,65,"United Kingdom","08/06/2009",1,0,0,1,2,53.3222,-1.4867,10,"retired","RETIRED VOLUNTARY WORKER","S8",8
0.00672652,1947,1,,0,0,85,"United Kingdom","08/06/2009",5,0,0,1,1,51.6053,-1.82458,12,"service","GARDENING","SN25",1
4.13177,1948,1,,0,0,60,"United Kingdom","08/06/2009",1,0,0,1,3,52.349,-1.55605,6,"office","BUSINESS CONSULTANT","CV8",9
12.8785,1949,1,,0,0,60,"United Kingdom","08/06/2009",1,0,0,0,2,52.184,-1.68951,10,"retired","RETIRED","CV37",7
38.6552,1950,1,,0,0,33,"United Kingdom","08/06/2009",1,0,0,1,3,52.3808,-1.53124,9,"research","SCIENTIFIC RESEARCHER","CV3",17
3.89408,1951,1,,0,0,19,"United Kingdom","08/06/2009",1,0,0,1,15,52.4005,-1.58351,13,"student","STUDENT","CV4",8
9.7468,1952,1,,0,0,35,"United Kingdom","08/06/2009",1,0,0,0,4,52.2508,-1.38344,6,"office","PROGRAMMER","CV47",6
4.1898,1953,1,,0,0,49,"United Kingdom","08/06/2009",1,0,0,1,3,52.5044,-1.44619,10,"retired","RETIRED POLICE OFFICER","CV11",4
23.8402,1954,1,,0,0,49,"United Kingdom","08/06/2009",1,0,0,0,2,52.4165,-1.56015,12,"service","DESIGNER/STYLIST","CV5",9
4.11797,1955,1,,1,0,79,"United Kingdom","08/06/2009",1,0,0,0,2,52.0623,-1.62713,3,"home","HOUSEWIFE & CARER","CV36",6
35.2196,1956,1,,0,0,45,"United Kingdom","08/06/2009",1,0,0,0,2,52.4055,-1.4781,8,"public","ADVICE WORKER FOR CITIZENS ADVICE BUREAU","CV3",60
22.3619,1957,1,,0,0,67,"United Kingdom","08/06/2009",1,0,0,0,1,52.3017,-1.51856,10,"retired","RETIRED","CV32",45
29.302,1958,1,,0,0,62,"United Kingdom","08/06/2009",2,0,0,1,2,53.1014,-2.01227,10,"retired","RETIRED","ST13",26
23.5444,1959,1,,0,0,30,"United Kingdom","08/06/2009",5,0,0,0,3,50.9476,-2.71609,8,"public","LOCAL GOVERNMENT","TA15",10
6.7258,1960,1,,0,0,72,"United Kingdom","08/06/2009",5,0,0,1,2,51.3487,-2.25769,10,"retired","RETIRED","BA15",4
8.29064,1961,1,,0,0,84,"United Kingdom","08/06/2009",5,0,0,1,2,51.4304,-2.76068,10,"retired","RETIRED","BS48",6
5.72115,1962,1,,0,0,73,"United Kingdom","08/06/2009",5,0,0,0,1,51.4622,-2.61561,17,"unknown","-","BS8",5
28.8351,1963,1,,0,0,55,"United Kingdom","08/06/2009",5,0,0,0,3,52.2019,-2.11428,17,"unknown","SUPERVISOR","WR7",10
15.8136,1964,1,,0,0,46,"United Kingdom","08/06/2009",5,0,0,0,5,50.9769,-2.76719,3,"home","HOUSEWIFE","TA12",18
46.511,1965,1,,0,0,22,"United Kingdom","08/06/2009",5,0,0,1,3,51.4646,-2.52945,12,"service","SALES","BS5",107
29.154,1966,1,,0,0,63,"United Kingdom","08/06/2009",5,0,0,0,2,51.37,-2.54737,10,"retired","RETIRED","BS39",7
36.5675,1967,1,,0,0,38,"United Kingdom","08/06/2009",3,0,0,0,5,51.4536,-0.231239,3,"home","MOTHER","SW15",59
9.10078,1968,1,,0,0,61,"United Kingdom","08/06/2009",1,0,0,0,2,52.6996,-0.916434,10,"retired","RETIRED","LE14",8
37.2329,1969,1,,0,0,27,"United Kingdom","08/06/2009",1,0,0,0,1,53.5491,-1.66322,9,"research","HIGHER EDUCATION ADMINISTRATOR","S36",68
29.0884,1970,1,,0,0,44,"United Kingdom","08/06/2009",6,0,0,1,6,53.7405,-2.47054,15,"transport","BUS DRIVER","BB1",26
30.7656,1971,1,,0,0,68,"United Kingdom","08/06/2009",6,0,0,1,2,53.7758,-2.66838,10,"retired","RETIRED","PR2",89
15.5052,1972,1,,0,0,64,"United Kingdom","08/06/2009",6,0,0,0,2,53.6479,-3.0063,10,"retired","RETIRED TEACHER","PR8",183
2.58474,1973,1,,0,0,56,"United Kingdom","08/06/2009",6,0,0,1,2,54.3096,-2.75898,10,"retired","RETIRED","LA9",14
15.6181,1974,1,,0,0,33,"United Kingdom","08/06/2009",6,0,0,1,2,55.9523,-3.20015,6,"office","PROGRAMMER","EH2",9
4.10338,1975,1,,0,0,67,"United Kingdom","08/06/2009",6,0,0,0,2,56.269,-3.39602,10,"retired","RETIRED UNIVERSITY LECTURER","PH2",2
34.4315,1976,1,,0,0,59,"United Kingdom","08/06/2009",6,0,0,0,2,55.5628,-2.64754,3,"home","HOUSEWIFE","TD6",125
6.28529,1977,1,,0,0,50,"United Kingdom","08/06/2009",6,0,0,0,4,55.9342,-3.47188,2,"health","OCCUPATIONAL THERAPIST","EH52",6
5.32038,1978,1,,0,0,71,"United Kingdom","08/06/2009",4,0,0,0,2,51.0859,-1.08024,10,"retired","RETIRED","SO24",4
33.8951,1979,1,,0,0,33,"United Kingdom","08/06/2009",6,0,0,0,2,54.8662,-4.36192,8,"public","TOWN PLANNER","DG8",9
23.4111,1980,1,,0,0,37,"United Kingdom","08/06/2009",6,0,0,0,4,56.1532,-3.81413,2,"health","OCCUPATIONAL THERAPIST","FK12",38
38.5275,1981,1,,0,0,60,"United Kingdom","08/06/2009",6,0,0,0,2,56.1153,-4.29422,10,"retired","RETIRED","FK8",47
30.9774,1982,1,,0,0,26,"United Kingdom","08/06/2009",4,0,0,0,2,50.7847,-1.08816,17,"unknown","TECHNICAL ASSISTANT","PO5",27
9.89473,1983,1,,0,0,72,"United Kingdom","08/06/2009",4,0,0,-1,2,50.9747,-0.743772,10,"retired","RETIRED","GU29",3
41.165,1984,1,,0,0,33,"United Kingdom","08/06/2009",6,0,0,0,4,53.5323,-2.52176,8,"public","LOCAL GOVERNMENT OFFICER","BL5",28
9.40073,1985,1,,1,0,42,"United Kingdom","08/06/2009",6,0,0,0,4,53.5581,-2.52151,6,"office","BUYER","BL5",3
23.0095,1986,1,,0,0,42,"United Kingdom","08/06/2009",4,0,0,0,2,51.5261,-0.19913,6,"office","MANAGER","W9",24
0.747603,1987,1,,0,0,64,"United Kingdom","08/06/2009",2,0,0,1,1,52.5171,-1.74777,10,"retired","RETIRED","B46",2
22.6265,1988,1,,0,0,32,"United Kingdom","08/06/2009",0,0,0,1,3,53.4172,-2.32193,2,"health","DOCTOR","M33",12
4.89406,1989,1,,0,0,12,"United Kingdom","08/06/2009",0,0,0,0,4,53.4443,-2.31361,11,"schoolchild","SCHOOLGIRL","M32",30
1.33825,1990,1,,1,0,78,"United Kingdom","08/06/2009",0,0,0,0,1,53.2604,-2.13385,10,"retired","RETIRED","SK11",2
11.3337,1991,1,,0,0,64,"United Kingdom","08/06/2009",2,0,0,1,2,52.2007,0.139785,10,"retired","RETIRED","CB1",14
20.5856,1992,1,,0,0,62,"United Kingdom","08/06/2009",0,0,0,1,1,53.6921,-2.21908,10,"retired","RETIRED","OL13",4
17.4569,1993,1,,0,0,45,"United Kingdom","08/06/2009",3,0,0,0,4,51.7283,0.462408,3,"home","HOUSEWIFE/PART TIME ADMIN","CM2",292
9.59484,1994,1,,0,0,25,"United Kingdom","08/06/2009",1,0,0,0,1,53.0782,-0.779379,5,"mechanic","CIVIL ENGINEER","NG24",45
20.6039,1995,1,,0,0,42,"United Kingdom","08/06/2009",1,0,0,0,1,53.6997,-1.30388,2,"health","AUXILIARY HEALTHCARE ASSISTANT","WF8",50
6.72425,1996,1,,0,0,64,"United Kingdom","08/06/2009",0,0,0,0,2,53.2246,-4.16344,17,"unknown","-","LL59",5
14.2391,1997,1,,1,0,84,"United Kingdom","08/06/2009",3,0,0,0,1,51.3669,1.11419,14,"teaching","TEACHER","CT6",20
15.3621,1998,1,,0,0,34,"United Kingdom","08/06/2009",1,0,0,0,4,53.8684,-1.91528,3,"home","HOUSEWIFE","BD21",7
18.7289,1999,1,,0,0,57,"United Kingdom","08/06/2009",2,0,0,0,3,51.8015,-0.104449,3,"home","HOUSEKEEPER","SG14",10
14.4084,2000,1,,0,0,27,"United Kingdom","08/06/2009",2,0,0,0,2,52.0926,0.481463,13,"student","PHD STUDENT","CB9",51
4.30454,2001,1,,1,0,67,"United Kingdom","08/06/2009",3,0,0,0,2,51.1943,1.05578,10,"retired","RETIRED","CT4",5
2.98488,2002,1,,0,0,21,"United Kingdom","08/06/2009",3,0,0,0,3,51.3458,0.602475,13,"student","STUDENT","ME8",13
21.0601,2003,1,,0,0,21,"United Kingdom","08/06/2009",3,0,0,0,4,51.3553,0.538162,13,"student","STUDENT","ME5",25
0.0736637,2004,1,,1,0,79,"United Kingdom","08/06/2009",4,0,0,0,1,NaN,NaN,10,"retired","RETIRED","-",7
27.9318,2005,1,,0,0,62,"United Kingdom","08/06/2009",1,0,0,0,2,53.4194,-1.05136,10,"retired","RETIRED HEAD TEACHER","DN11",18
38.1998,2006,1,,0,0,52,"United Kingdom","08/06/2009",1,0,0,1,2,53.2087,-0.114714,2,"health","CARER","LN9",11
38.8363,2007,1,,0,0,59,"United Kingdom","08/06/2009",1,0,0,0,2,53.5739,-0.734747,2,"health","CHEMOTHERAPY STAFF NURSE","DN17",75
6.13529,2008,1,,0,0,62,"United Kingdom","08/06/2009",2,0,0,1,1,52.4475,1.6408,10,"retired","RETIRED","NR34",25
14.2104,2009,1,,0,0,46,"United Kingdom","08/06/2009",2,0,0,1,1,52.4601,0.047847,9,"research","SCIENTIST","PE16",15
35.0432,2010,1,,0,0,42,"United Kingdom","08/06/2009",2,0,0,-1,4,52.0772,1.11386,3,"home","HOMEMAKER/TEACHING ASSISTANT","IP1",32
7.80097,2011,1,,0,0,54,"United Kingdom","08/06/2009",0,0,0,0,2,53.7369,-0.505211,17,"unknown","AUTHOR","HU14",1
34.4252,2012,1,,0,0,43,"United Kingdom","08/06/2009",1,0,0,0,5,53.1719,-1.25307,2,"health","NURSE","NG19",184
10.4338,2013,1,,0,0,-1,"United Kingdom","08/06/2009",2,0,0,-1,-1,NaN,NaN,17,"unknown","-","-",10
10.0613,2014,1,,0,0,38,"United Kingdom","08/06/2009",1,0,0,0,3,NaN,NaN,6,"office","PA","-",14
27.1294,2015,1,,0,0,65,"United Kingdom","08/06/2009",2,0,0,1,1,52.3727,-2.57421,10,"retired","RETIRED","SY8",303
6.53666,2016,1,,0,0,67,"United Kingdom","08/06/2009",2,0,0,0,2,51.7525,-1.19958,10,"retired","RETIRED","OX3",6
20.234,2017,1,,0,0,30,"United Kingdom","08/06/2009",2,0,0,0,3,51.7668,-1.23478,9,"research","SCIENTIST","OX3",14
10.0865,2018,1,,0,0,71,"United Kingdom","08/06/2009",3,0,0,1,2,51.467,-0.221482,10,"retired","RETIRED SURGEON","SW15",12
9.53624,2019,1,,0,0,56,"United Kingdom","08/06/2009",1,0,0,0,1,53.384,-1.51108,9,"research","LECTURER","S10",6
6.88141,2020,1,,0,0,71,"United Kingdom","08/06/2009",4,0,0,1,1,51.4635,-0.17625,10,"retired","RETIRED","SW11",3
23.4841,2021,1,,1,0,76,"United Kingdom","08/06/2009",0,0,0,0,2,54.8904,-1.5627,10,"retired","RETIRED","DH3",6
32.0602,2022,1,,0,0,55,"United Kingdom","08/06/2009",2,0,0,0,3,52.7157,-2.45303,8,"public","LOCAL GOVERNMENT OFFICER","TF2",15
2.11566,2023,1,,1,0,69,"United Kingdom","08/06/2009",2,0,0,0,2,51.9998,-3.23043,10,"retired","PENSIONER","LD3",6
20.8256,2024,1,,0,0,43,"United Kingdom","08/06/2009",2,0,0,0,5,52.7041,-2.72279,14,"teaching","TEACHER","SY2",20
2.01712,2025,1,,0,0,47,"United Kingdom","08/06/2009",2,0,0,0,1,52.416,-4.07787,10,"retired","RETIRED DUE TO ILLNESS","SY23",6
5.73904,2026,1,,0,0,71,"United Kingdom","08/06/2009",3,0,0,0,2,51.4912,-0.143894,2,"health","PSYCHOANALYTICAL PSYCHOTHERAPIST","SW1V",8
3.3674,2027,1,,0,0,68,"United Kingdom","08/06/2009",4,0,0,1,2,51.4445,-0.19058,6,"office","WRITER","SW18",2
1.14472,2028,1,,0,0,86,"United Kingdom","08/06/2009",0,0,0,0,1,54.3092,-2.10257,10,"retired","RETIRED","DL8",3
9.52643,2029,1,,0,0,61,"United Kingdom","08/06/2009",0,0,0,1,2,55.1357,-1.67746,10,"retired","RETIRED","NE61",3
4.11089,2030,1,,0,0,60,"United Kingdom","08/06/2009",4,0,0,0,1,50.8359,-0.244568,10,"retired","RETIRED","BN43",2
37.6409,2031,1,,0,0,39,"United Kingdom","08/06/2009",4,0,0,0,4,51.3231,-0.530538,3,"home","HOUSEWIFE","GU22",35
38.2826,2032,1,,0,0,35,"United Kingdom","08/06/2009",4,0,0,0,3,50.8323,-0.1381,2,"health","SPEECH THERAPIST","BN1",37
15.2513,2033,1,,0,0,44,"United Kingdom","08/06/2009",4,0,0,1,1,51.2455,0.003649,6,"office","IT CONSULTANT","RH8",8
12.1993,2034,1,,0,0,31,"United Kingdom","08/06/2009",4,0,0,0,1,50.8648,-0.408325,2,"health","HISTOPATHOLOGY DOCTOR","BN14",14
0.578416,2035,1,,1,0,78,"United Kingdom","08/06/2009",4,0,0,1,1,50.8342,-0.236943,10,"retired","RETIRED","BN42",5
2.41978,2036,1,,0,0,60,"United Kingdom","08/06/2009",4,0,0,0,1,50.7851,0.110012,3,"home","HOMEMAKER","BN25",1
15.3215,2037,1,,0,0,63,"United Kingdom","08/06/2009",2,0,0,1,3,52.4865,-2.00233,10,"retired","RETIRED","B68",20
9.16925,2038,1,,0,0,57,"United Kingdom","08/06/2009",2,0,0,1,3,53.0549,-2.2554,10,"retired","RETIRED","ST5",6
1.1646,2039,1,,0,0,43,"United Kingdom","08/06/2009",2,0,0,0,2,52.6204,-2.01089,17,"unknown","QUALITY MANAGER","WS3",5
2.72127,2040,1,,0,0,56,"United Kingdom","08/06/2009",2,0,0,0,2,53.1241,-1.97676,3,"home","HOUSEWIFE","ST13",12
38.8983,2041,1,,0,0,51,"United Kingdom","08/06/2009",4,0,0,0,2,50.9647,-0.148145,9,"research","BIOMEDICAL SCIENTIST","RH15",21
14.6681,2042,1,,0,0,74,"United Kingdom","08/06/2009",2,0,0,0,2,55.3781,-3.43597,10,"retired","RETIRED","-",5
14.0138,2043,1,,0,0,59,"United Kingdom","08/06/2009",4,0,0,0,3,51.2781,-0.452229,17,"unknown","PAPER DELIVERER","KT24",6
4.21843,2044,1,,0,0,30,"United Kingdom","08/06/2009",5,0,0,1,3,55.3781,-3.43597,13,"student","RESEARCH STUDENT","-",5
8.20175,2045,1,,0,0,26,"United Kingdom","08/06/2009",6,0,0,0,1,55.9593,-3.2006,14,"teaching","TEACHER","EH3",1
44.1173,2046,1,,0,0,49,"United Kingdom","08/06/2009",1,0,0,0,2,52.281,-0.590413,2,"health","LD NURSE","NN10",28
3.404,2047,1,,0,0,58,"United Kingdom","08/06/2009",1,0,0,0,2,52.4886,-0.678247,3,"home","HOUSEWIFE","NN18",8
36.9612,2048,1,,0,0,43,"United Kingdom","08/06/2009",1,0,0,0,2,52.2484,-0.962052,6,"office","RECEPTIONIST","NN5",35
14.4947,2049,1,,1,0,66,"United Kingdom","08/06/2009",6,0,0,0,2,55.3781,-3.43597,10,"retired","RETIRED","-",2
2.29724,2050,1,,1,0,62,"United Kingdom","08/06/2009",4,0,0,1,3,51.3546,-0.18517,10,"retired","RETIRED","SM2",1
5.63016,2051,1,,1,0,62,"United Kingdom","08/06/2009",4,0,0,1,3,51.3546,-0.18517,10,"retired","RETIRED","SM2",7
27.9632,2052,1,,0,0,43,"United Kingdom","08/06/2009",0,0,0,0,3,54.294,-1.51704,14,"teaching","PRE-SCHOOL ASSISTANT","DL7",64
1.02676,2053,1,,1,0,81,"United Kingdom","08/06/2009",0,0,0,0,1,53.2237,-2.79304,10,"retired","RETIRED","CH3",2
16.5478,2054,1,,0,0,62,"United Kingdom","08/06/2009",5,0,0,1,2,51.4403,-2.57231,17,"unknown","DRIVER'S ASSISTANT FOR TESCO","BS4",5
19.1909,2055,1,,0,0,51,"United Kingdom","08/06/2009",0,0,0,0,2,53.2693,-3.79381,10,"retired","RETIRED NURSE","LL28",17
6.95321,2056,1,,0,0,52,"United Kingdom","08/06/2009",0,0,0,0,2,53.1102,-2.96315,6,"office","MANAGER","LL12",1
10.4297,2057,1,,0,0,50,"United Kingdom","08/06/2009",5,0,0,0,4,50.7503,-2.51579,14,"teaching","TEACHER","DT2",11
39.5014,2058,1,,0,0,62,"United Kingdom","08/06/2009",5,0,0,0,2,50.7807,-1.73679,2,"health","MIDWIFE","BH23",166
38.5886,2059,1,,0,0,67,"United Kingdom","08/06/2009",5,0,0,1,1,50.3904,-3.90788,10,"retired","RETIRED","PL21",32
0.0180623,2060,1,,0,0,84,"United Kingdom","08/06/2009",5,0,0,0,1,51.2036,-2.19762,10,"retired","RETIRED","BA12",1
24.7647,2061,1,,0,0,45,"United Kingdom","08/06/2009",5,0,0,0,3,55.3781,-3.43597,2,"health","PSYCHIATRIC NURSE","-",39
2.46657,2062,1,,0,0,81,"United Kingdom","08/06/2009",5,0,0,1,2,51.4935,-2.64814,10,"retired","RETIRED","BS9",5
9.661,2063,1,,1,0,72,"United Kingdom","08/06/2009",5,0,0,1,2,51.6768,-4.71206,10,"retired","RETIRED","SA70",8
16.8953,2064,1,,0,0,61,"United Kingdom","08/06/2009",5,0,0,1,2,52.0736,-4.31008,10,"retired","RETIRED SENIOR LECTURER","SA44",6
22.1484,2065,1,,0,0,31,"United Kingdom","08/06/2009",2,0,0,0,4,52.2956,-1.94731,3,"home","HOUSEWIFE","B97",7
6.32316,2066,1,,1,0,73,"United Kingdom","08/06/2009",1,0,0,0,1,53.7902,-1.38792,10,"retired","RETIRED","LS25",19
37.9514,2067,1,,0,0,36,"United Kingdom","08/06/2009",1,0,0,0,2,53.8823,-1.26611,2,"health","DEPUTY HEAD OF HEALTHCARE-NHS","LS24",63
4.34454,2068,1,,0,0,67,"United Kingdom","08/06/2009",1,0,0,1,1,53.841,-1.59665,10,"retired","RETIRED","LS16",5
3.91089,2069,1,,0,0,69,"United Kingdom","08/06/2009",1,0,0,0,2,53.6429,-1.66748,10,"retired","RETIRED CIVIL SERVANT","WF4",8
14.4733,2070,1,,0,0,61,"United Kingdom","08/06/2009",3,0,0,0,2,51.5899,-0.020855,12,"service","RETAILER","E17",35
12.5004,2071,1,,0,0,46,"United Kingdom","08/06/2009",1,0,0,0,1,53.7895,-1.38802,6,"office","ADMINISTRATION","LS25",6
7.08832,2072,1,,1,0,76,"United Kingdom","08/06/2009",5,0,0,1,2,50.454,-3.57353,10,"retired","RETIRED","TQ3",5
30.6697,2073,1,,0,0,60,"United Kingdom","08/06/2009",4,0,0,0,2,50.9407,-1.17841,8,"public","SOCIAL WORKER","SO32",8
5.258,2074,1,,0,0,93,"United Kingdom","08/06/2009",1,0,0,0,1,53.96,-2.01733,10,"retired","RETIRED","BD23",2
18.4663,2075,1,,1,0,76,"United Kingdom","08/06/2009",1,0,0,0,1,53.8247,-1.89708,10,"retired","PENSIONER","BD13",18
28.9576,2076,1,,0,0,25,"United Kingdom","08/06/2009",1,0,0,0,3,53.8615,-1.93335,12,"service","CLEANER (HOMES & OFFICES)","BD22",32
11.1257,2077,1,,0,0,80,"United Kingdom","08/06/2009",0,0,0,0,1,53.0527,-2.99453,10,"retired","RETIRED","LL11",4
12.3139,2078,1,,0,0,77,"United Kingdom","08/06/2009",5,0,0,1,2,50.7618,-1.8806,10,"retired","RETIRED","BH10",6
16.6307,2079,1,,0,0,50,"United Kingdom","08/06/2009",1,0,0,0,2,53.2688,-1.4252,6,"office","IT CONSULTANT","S41",25
45.7084,2080,1,,0,0,41,"United Kingdom","08/06/2009",1,0,0,1,1,53.3949,-1.5378,3,"home","DISABLED NON-WORKER","S6",35
14.167,2081,1,,0,0,56,"United Kingdom","08/06/2009",1,0,0,1,1,53.5504,-1.66551,10,"retired","RETIRED","S36",25
5.04303,2082,1,,0,0,65,"United Kingdom","08/06/2009",1,0,0,0,2,53.4633,-1.48376,6,"office","MARKET RESEARCHER","S35",6
39.5732,2083,1,,0,0,39,"United Kingdom","08/06/2009",3,0,0,0,4,51.6581,-0.088004,2,"health","HOSPITAL CONSULTANT","EN2",75
11.0684,2084,1,,0,0,27,"United Kingdom","08/06/2009",3,0,0,0,1,51.7496,-0.432523,8,"public","IMMIGRATION OFFICER","HP25",544
31.0523,2085,1,,0,0,63,"United Kingdom","08/06/2009",3,0,0,0,2,51.7624,-0.009355,10,"retired","PENSIONER","EN11",10
16.835,2086,1,,0,0,23,"United Kingdom","08/06/2009",5,0,0,0,2,50.7116,-3.50854,14,"teaching","TEACHER","EX2",13
18.0006,2087,1,,0,0,54,"United Kingdom","08/06/2009",5,0,0,0,1,50.4161,-4.2297,6,"office","CLERICAL ASSISTANT","PL12",10
2.86887,2088,1,,0,0,61,"United Kingdom","08/06/2009",1,0,0,1,1,52.918,-1.49559,10,"retired","RETIRED","DE22",5
20.0525,2089,1,,0,0,52,"United Kingdom","08/06/2009",1,0,0,0,1,52.6436,-1.16344,12,"service","SALES ASSISTANT","LE3",21
1.31172,2090,1,,0,0,54,"United Kingdom","08/06/2009",5,0,0,0,2,51.6007,-3.42271,3,"home","HOUSEWIFE","CF39",2
13.6205,2091,1,,0,0,46,"United Kingdom","08/06/2009",1,0,0,0,4,52.5418,-1.52822,14,"teaching","TEACHING ASSISTANT","CV10",12
3.68502,2092,1,,0,0,34,"United Kingdom","08/06/2009",6,0,0,0,2,56.0835,-3.56917,6,"office","FINANCIAL ADVISER","KY12",1
43.6525,2093,1,,0,0,55,"United Kingdom","08/06/2009",0,0,0,0,2,53.4435,-2.95722,12,"service","COOK","L4",212
33.4073,2094,1,,0,0,62,"United Kingdom","08/06/2009",1,0,0,0,2,52.3666,-0.677054,3,"home","HOUSEWIFE","NN15",7
16.818,2095,1,,0,0,71,"United Kingdom","08/06/2009",1,0,0,1,2,52.2604,-1.16224,10,"retired","RETIRED","NN11",65
9.8577,2096,1,,0,0,44,"United Kingdom","08/06/2009",3,0,0,1,4,51.6166,-0.160832,6,"office","DEVELOPMENT DIRECTOR","N12",7
26.3319,2097,1,,0,0,23,"United Kingdom","08/06/2009",1,0,0,1,4,52.4095,-1.64017,13,"student","PHD STUDENT","CV7",25
10.0568,2098,1,,0,0,65,"United Kingdom","08/06/2009",5,0,0,0,2,51.5167,-3.2595,10,"retired","RETIRED EXECUTIVE","CF15",14
23.4377,2099,1,,0,0,74,"United Kingdom","08/06/2009",1,0,0,1,2,52.816,-0.812544,10,"retired","RETIRED","LE14",15
7.52211,2100,1,,0,0,70,"United Kingdom","08/06/2009",1,0,0,1,1,53.6631,-1.40837,10,"retired","RETIRED","WF4",6
13.6755,2101,1,,0,0,53,"United Kingdom","08/06/2009",5,0,0,0,2,50.2946,-3.6966,17,"unknown","-","TQ7",10
17.2577,2102,1,,0,0,32,"United Kingdom","08/06/2009",1,0,0,1,4,52.2852,-1.57906,6,"office","PROJECT MANAGER","CV34",10
23.5501,2103,1,,0,0,66,"United Kingdom","08/06/2009",4,0,0,1,1,51.5776,-0.336896,10,"retired","RETIRED","HA1",13
38.6649,2104,1,,0,0,56,"United Kingdom","08/06/2009",0,0,0,0,2,53.227,-4.163,9,"research","EDUCATION RESEARCHER","LL59",34
3.4045,2105,1,,0,0,73,"United Kingdom","08/06/2009",5,0,0,1,2,50.7201,-1.86638,10,"retired","RETIRED","BH1",10
5.45256,2106,1,,0,0,65,"United Kingdom","08/06/2009",2,0,0,0,2,52.476,-1.97355,10,"retired","RETIRED","B67",11
4.63272,2107,1,,0,0,55,"United Kingdom","08/06/2009",5,0,0,1,2,50.2463,-5.21381,3,"home","AT HOME WITH CANCER","TR15",6
18.5324,2108,1,,0,0,60,"United Kingdom","08/06/2009",4,0,0,0,2,51.3658,-0.167218,10,"retired","RETIRED HOUSEWIFE","SM5",19
29.4676,2109,1,,0,0,31,"United Kingdom","08/06/2009",3,0,0,0,2,51.8973,0.197795,9,"research","RESEARCH ASSISTANT","CM24",7
25.4663,2110,1,,0,0,47,"United Kingdom","08/06/2009",4,0,0,1,1,51.3218,-0.617073,6,"office","CIVIL SERVANT","GU21",20
4.21595,2111,1,,0,0,76,"United Kingdom","08/06/2009",4,0,0,1,2,51.4227,-0.161873,10,"retired","RETIRED ARCHITECT","SW17",15
25.2946,2112,1,,0,0,43,"United Kingdom","08/06/2009",1,0,0,0,2,52.7939,-1.61157,12,"service","DANCE TEACHER","DE15",120
16.0341,2113,1,,0,0,66,"United Kingdom","08/06/2009",2,0,0,0,2,52.0542,-0.839533,10,"retired","RETIRED","MK11",15
1.84529,2114,1,,0,0,52,"United Kingdom","08/06/2009",3,0,0,1,5,51.4442,0.222251,10,"retired","RETIRED FROM MAIN JOB","DA1",7
19.304,2115,1,,0,0,59,"United Kingdom","08/06/2009",3,0,0,0,1,51.5564,0.167163,17,"unknown","EX CARER","RM10",12
5.44125,2116,1,,0,0,66,"United Kingdom","08/06/2009",4,0,0,1,2,51.3701,-0.478187,10,"retired","RETIRED","KT15",4
19.847,2117,1,,0,0,41,"United Kingdom","08/06/2009",0,0,0,0,4,53.3987,-2.82481,8,"public","MUSEUM INFORMATION & EDUCATION ASSISTANT","L35",34
4.43089,2118,1,,0,0,76,"United Kingdom","08/06/2009",2,0,0,1,2,52.5523,-2.07146,10,"retired","RETIRED","WV14",5
28.9467,2119,1,,0,0,59,"United Kingdom","08/06/2009",6,0,0,0,2,53.7385,-2.63639,4,"labour","FARMER","PR5",29
7.47429,2120,1,,0,0,77,"United Kingdom","08/06/2009",1,0,0,0,2,53.7509,-1.65543,10,"retired","RETIRED","BD11",3
44.364,2121,1,,0,0,48,"United Kingdom","08/06/2009",5,0,0,0,5,50.717,-2.01397,8,"public","LIBRARIAN","BH15",28
8.0527,2122,1,,0,0,62,"United Kingdom","08/06/2009",1,0,0,0,1,52.4884,-0.931065,10,"retired","RETIRED","LE16",12
18.4307,2123,1,,1,0,78,"United Kingdom","08/06/2009",1,0,0,0,2,52.5765,-1.11328,10,"retired","RETIRED","LE18",27
30.8898,2124,1,,0,0,38,"United Kingdom","08/06/2009",1,0,0,0,3,52.3626,-1.2893,6,"office","DEPUTY DIRECTOR","CV22",7
20.9166,2125,1,,0,0,34,"United Kingdom","08/06/2009",4,0,0,1,3,51.3961,0.01767,6,"office","FINANCE MANAGER","BR2",9
12.4862,2126,1,,0,0,80,"United Kingdom","08/06/2009",1,0,0,0,1,52.0615,-1.62369,10,"retired","RETIRED","CV36",85
22.4943,2127,1,,1,0,60,"United Kingdom","08/06/2009",1,0,0,1,2,53.1296,-1.38968,4,"labour","UPHOLSTERER","DE55",40
14.0954,2128,1,,0,0,56,"United Kingdom","08/06/2009",1,0,0,0,2,52.8683,-1.35608,10,"retired","RETIRED","DE72",16
33.891,2129,1,,0,0,64,"United Kingdom","08/06/2009",0,0,0,1,3,53.2,-3.08488,10,"retired","RETIRED","CH7",11
9.02397,2130,1,,0,0,43,"United Kingdom","08/06/2009",5,0,0,0,4,51.3926,-2.79801,6,"office","ADMINISTRATOR","BS49",25
33.6326,2131,1,,0,0,36,"United Kingdom","08/06/2009",3,0,0,0,5,51.4274,-0.070261,3,"home","HOMEMAKER","SE26",62
24.7102,2132,1,,0,0,64,"United Kingdom","08/06/2009",4,0,0,0,1,51.3649,-0.498316,6,"office","ACCOUNTS CLERK","KT15",16
0.708132,2133,1,,0,0,-1,"United Kingdom","08/06/2009",4,0,0,-1,-1,55.3781,-3.43597,17,"unknown","-","-",7
20.3672,2134,1,,1,0,70,"United Kingdom","08/06/2009",1,0,0,0,2,53.2114,-0.902663,10,"retired","RETIRED","NG22",19
0.352173,2135,1,,0,0,87,"United Kingdom","08/06/2009",0,0,0,1,1,55.0463,-1.74397,10,"retired","RETIRED","NE20",1
16.3357,2136,1,,0,0,57,"United Kingdom","08/06/2009",2,0,0,1,5,51.6085,-1.23092,6,"office","ARCHITECT","OX",18
11.35,2137,1,,0,0,46,"United Kingdom","08/06/2009",2,0,0,0,6,51.9062,-0.212635,3,"home","HOUSEWIFE","SG1",20
17.6572,2138,1,,0,0,51,"United Kingdom","08/06/2009",5,0,0,0,4,51.9421,-2.04278,3,"home","IN CHARGE OF HOUSE & HOME","GL52",7
32.8837,2139,1,,0,0,29,"United Kingdom","08/06/2009",1,0,0,0,1,54.0193,-2.25472,14,"teaching","TEACHER","BD23",152
33.256,2140,1,,0,0,45,"United Kingdom","08/06/2009",5,0,0,0,5,52.3053,-2.3753,14,"teaching","TEACHER","WR6",12
1.61736,2141,1,,1,0,57,"United Kingdom","08/06/2009",5,0,0,0,2,52.191,-2.2403,6,"office","FINANCE DIRECTOR","WR2",2
2.65975,2142,1,,0,0,55,"United Kingdom","08/06/2009",5,0,0,0,1,50.3642,-4.1615,6,"office","RECEPTIONIST","PL1",3
12.647,2143,1,,0,0,-1,"United Kingdom","08/06/2009",5,0,0,1,2,55.3781,-3.43597,10,"retired","RETIRED","-",6
6.51516,2144,1,,0,0,56,"United Kingdom","08/06/2009",5,0,0,0,2,50.4822,-3.53036,8,"public","LOCAL GOVERNMENT OFFICER","TQ1",3
4.36037,2145,1,,0,0,75,"United Kingdom","08/06/2009",4,0,0,1,2,50.7579,-1.62188,10,"retired","RETIRED","SO41",11
6.16167,2146,1,,0,0,71,"United Kingdom","08/06/2009",5,0,0,1,2,50.8113,-1.88854,10,"retired","RETIRED ENGINEER","BH22",5
11.037,2147,1,,0,0,57,"United Kingdom","08/06/2009",5,0,0,0,3,50.7151,-3.05199,2,"health","CARER IN RESIDENTIAL HOME","EX12",6
38.8462,2148,1,,0,0,58,"United Kingdom","08/06/2009",1,0,0,0,2,52.4186,-1.55038,10,"retired","RETIRED TEACHER","CV5",35
37.2934,2149,1,,0,0,65,"United Kingdom","08/06/2009",2,0,0,0,2,52.6245,-0.507117,10,"retired","RETIRED","PE9",13
23.5003,2150,1,,0,0,44,"United Kingdom","08/06/2009",1,0,0,0,3,53.6758,-1.91805,3,"home","HOUSEWIFE","HX4",18
43.5818,2151,1,,0,0,59,"United Kingdom","08/06/2009",0,0,0,1,2,53.2694,-3.79425,17,"unknown","LAND SURVEYOR","LL28",38
28.0753,2152,1,,0,0,48,"United Kingdom","08/06/2009",1,0,0,0,6,53.0739,-0.809347,2,"health","CARE WORKER","NG24",9
38.1477,2153,1,,0,0,54,"United Kingdom","08/06/2009",6,0,0,1,1,54.5585,-3.47224,6,"office","CHEMICAL ENGINEER","CA26",77
16.5498,2154,1,,0,0,67,"United Kingdom","08/06/2009",1,0,0,1,1,55.3781,-3.43597,10,"retired","RETIRED","-",7
22.0927,2155,1,,0,0,47,"United Kingdom","08/06/2009",6,0,0,1,4,57.6074,-3.63044,6,"office","ACCOUNTS CLERK","IV36",9
15.8014,2156,1,,0,0,63,"United Kingdom","08/06/2009",5,0,0,0,2,51.9183,-2.04464,10,"retired","RETIRED","GL52",67
27.2764,2157,1,,0,0,55,"United Kingdom","08/06/2009",2,0,0,1,2,52.765,-1.96278,14,"teaching","EDUCATION OFFICER","WS15",47
4.5662,2158,1,,0,0,75,"United Kingdom","08/06/2009",0,0,0,1,1,53.7353,-0.192275,10,"retired","RETIRED","HU12",1
6.39368,2159,1,,0,0,59,"United Kingdom","08/06/2009",2,0,0,0,2,52.3819,1.10735,10,"retired","RETIRED","IP22",5
26.5425,2160,1,,0,0,-1,"United Kingdom","08/06/2009",3,0,0,-1,-1,55.3781,-3.43597,17,"unknown","-","-",79
6.55645,2161,1,,0,0,84,"United Kingdom","08/06/2009",0,0,0,0,1,53.3505,-2.57099,10,"retired","RETIRED","WA4",3
6.26186,2162,1,,1,0,65,"United Kingdom","08/06/2009",6,0,0,1,3,53.7781,-2.38731,17,"unknown","-","BB5",19
0.150115,2163,1,,0,0,57,"United Kingdom","08/06/2009",6,0,0,1,2,55.3781,-3.43597,5,"mechanic","MECHANIC","-",1
9.60695,2164,1,,0,0,60,"United Kingdom","08/06/2009",4,0,0,1,2,52.3499,-1.56213,12,"service","POSTMAN","CV8",54
5.27165,2165,1,,0,0,70,"United Kingdom","08/06/2009",2,0,0,0,2,52.4158,-4.08456,2,"health","COMMUNITY CARE SUPPORT WORKER","SY23",14
34.8353,2166,1,,0,0,47,"United Kingdom","08/06/2009",5,0,0,1,5,51.4482,-2.51348,5,"mechanic","ENGINEER","BS15",14
4.83645,2167,1,,0,0,70,"United Kingdom","08/06/2009",6,0,0,1,2,53.5445,-2.72631,10,"retired","RETIRED","WN8",1
24.1076,2168,1,,0,0,75,"United Kingdom","08/06/2009",6,0,0,1,2,53.5792,-2.46214,10,"retired","RETIRED","BL1",5
23.6059,2169,1,,0,0,63,"United Kingdom","08/06/2009",3,0,0,0,2,51.7489,-0.289096,4,"labour","PART TIME GARDENER","AL4",13
8.8198,2170,1,,0,0,26,"United Kingdom","08/06/2009",6,0,0,1,1,57.1648,-2.1224,16,"unemployed","UNEMPLOYED","AB24",13
39.4213,2171,1,,0,0,57,"United Kingdom","08/06/2009",6,0,0,1,3,53.9124,-2.14871,8,"public","EMPLOYMENT ADVISER","BB18",11
21.3446,2172,1,,0,0,57,"United Kingdom","08/06/2009",0,0,0,0,2,54.8588,-1.67866,2,"health","REGISTERED NURSE","DH9",7
31.5295,2173,1,,0,0,69,"United Kingdom","08/06/2009",6,0,0,1,2,56.1539,-3.816,10,"retired","RETIRED","FK12",12
39.0921,2174,1,,0,0,22,"United Kingdom","08/06/2009",6,0,0,1,5,54.0381,-2.79602,13,"student","STUDENT","LA1",15
24.8521,2175,1,,1,0,81,"United Kingdom","08/06/2009",3,0,0,0,1,51.5495,0.208073,10,"retired","RETIRED SECRETARY PROBATION SERVICE","RM12",18
0.827224,2176,1,,0,0,92,"United Kingdom","08/06/2009",0,0,0,1,1,53.692,-2.18448,10,"retired","RETIRED","OL13",2
2.95644,2177,1,,0,0,71,"United Kingdom","08/06/2009",0,0,0,0,2,54.7089,-1.69509,10,"retired","RETIRED","DL15",4
36.3728,2178,1,,0,0,72,"United Kingdom","08/06/2009",3,0,0,1,2,51.7006,-0.429986,10,"retired","RETIRED","WD5",27
43.535,2179,1,,0,0,62,"United Kingdom","08/06/2009",5,0,0,0,1,51.4741,-3.2355,10,"retired","RETIRED","CF53",36
9.171,2180,1,,0,0,51,"United Kingdom","08/06/2009",3,0,0,0,5,51.6376,-0.483715,8,"public","SUPPORT WORKER","WD3",28
1.80532,2181,1,,0,0,61,"United Kingdom","08/06/2009",5,0,0,1,2,51.417,-0.865301,10,"retired","RETIRED","RG41",7
10.769,2182,1,,0,0,52,"United Kingdom","08/06/2009",1,0,0,0,2,52.6237,-1.10953,3,"home","HOUSEWIFE","LE2",5
2.96836,2183,1,,0,0,64,"United Kingdom","08/06/2009",4,0,0,1,2,51.5716,-0.19812,10,"retired","RETIRED","NW11",6
5.55304,2184,1,,0,0,27,"United Kingdom","08/06/2009",1,0,0,0,3,52.638,-1.14044,3,"home","HOUSEWIFE","LE1",9
40.9963,2185,1,,0,0,80,"United Kingdom","08/06/2009",1,0,0,0,1,52.6065,-1.11704,10,"retired","RETIRED","LE2",19
26.274,2186,1,,0,0,33,"United Kingdom","08/06/2009",4,0,0,0,1,51.2852,-0.824626,6,"office","TECHNICAL TEAM LEAD","GU51",24
21.4829,2187,1,,0,0,41,"United Kingdom","08/06/2009",4,0,0,0,3,51.1889,-0.804678,14,"teaching","TEACHER","GU10",25
12.3484,2188,1,,0,0,77,"United Kingdom","08/06/2009",2,0,0,1,2,52.7143,-1.9807,17,"unknown","ARBORICULTURE","WS12",13
24.204,2189,1,,0,0,47,"United Kingdom","08/06/2009",2,0,0,1,3,52.1515,-0.698804,5,"mechanic","ENGINEER","MK46",65
2.34727,2190,1,,0,0,36,"United Kingdom","08/06/2009",1,0,0,1,4,52.934,-1.45898,6,"office","PROJECT CONTROLLER","DE21",8
39.1681,2191,1,,0,0,41,"United Kingdom","08/06/2009",2,0,0,0,5,52.0553,-0.742527,3,"home","HOUSEWIFE","MK14",13
38.01,2192,1,,0,0,41,"United Kingdom","08/06/2009",2,0,0,1,5,52.3068,-3.51038,12,"service","LAND AGENT","LD6",25
20.6132,2193,1,,0,0,38,"United Kingdom","08/06/2009",2,0,0,0,1,52.4094,-4.08507,9,"research","RESEARCH SCIENTIST","SY23",30
17.9166,2194,1,,0,0,65,"United Kingdom","08/06/2009",6,0,0,1,2,53.483,-2.53102,10,"retired","RETIRED","WN7",5
16.4493,2195,1,,0,0,27,"United Kingdom","08/06/2009",5,0,0,0,2,51.5912,-2.73869,8,"public","LIBRARY ASSISTANT","NP26",12
2.94619,2196,1,,0,0,79,"United Kingdom","08/06/2009",0,0,0,0,2,53.1589,-2.22149,3,"home","HOUSEWORK AND GARDENING","CW12",5
0.388197,2197,1,,0,0,63,"United Kingdom","08/06/2009",1,0,0,1,1,53.276,-1.32067,17,"unknown","CARETAKER","S43",5
44.5457,2198,1,,0,0,39,"United Kingdom","08/06/2009",0,0,0,0,7,53.3998,-2.56935,3,"home","HOUSEWIFE","WA1",39
12.3902,2199,1,,0,0,47,"United Kingdom","08/06/2009",2,0,0,0,1,51.6465,-1.16711,9,"research","UNIVERSITY LECTURER","OX10",24
21.1617,2200,1,,0,0,62,"United Kingdom","08/06/2009",1,0,0,0,2,53.0062,-1.14997,10,"retired","RETIRED","NG5",12
28.5569,2201,1,,0,0,40,"United Kingdom","08/06/2009",1,0,0,0,2,53.708,-0.856339,2,"health","REGIONAL CARE ASSESSOR","DN14",30
7.15246,2202,1,,0,0,64,"United Kingdom","08/06/2009",2,0,0,0,1,52.4959,1.75317,10,"retired","RETIRED","NR32",5
37.3731,2203,1,,1,0,34,"United Kingdom","08/06/2009",2,0,0,0,2,52.5846,1.70267,14,"teaching","SCHOOL TEACHER","NR31",128
25.2152,2204,1,,0,0,43,"United Kingdom","08/06/2009",1,0,0,0,3,52.2873,-0.61682,14,"teaching","TEACHER","NN10",9
5.90173,2205,1,,0,0,60,"United Kingdom","08/06/2009",1,0,0,0,1,52.4419,-0.827039,10,"retired","SEMI RETIRED","NN14",4
11.1786,2206,1,,0,0,62,"United Kingdom","08/06/2009",2,0,0,1,1,52.2914,-1.78008,10,"retired","RETIRED","B95",23
1.64139,2207,1,,0,0,52,"United Kingdom","08/06/2009",5,0,0,0,2,51.5052,-2.56473,6,"office","FINANCE OFFICER","BS34",6
11.9117,2208,1,,0,0,64,"United Kingdom","08/06/2009",1,0,0,0,2,52.198,-1.21879,10,"retired","RETIRED","NN11",4
1.11789,2209,1,,0,0,63,"United Kingdom","08/06/2009",3,0,0,1,2,55.3781,-3.43597,10,"retired","RETIRED","-",1
10.1564,2210,1,,0,0,62,"United Kingdom","08/06/2009",5,0,0,0,3,51.461,-2.57004,6,"office","ACCOUNTS MANAGER","BS5",5
4.41309,2211,1,,0,0,46,"United Kingdom","08/06/2009",5,0,0,1,1,51.4523,-2.48877,16,"unemployed","UNEMPLOYED","BS30",16
35.6214,2212,1,,0,0,56,"United Kingdom","08/06/2009",1,0,0,0,1,52.2506,-1.38239,14,"teaching","TEACHER","CV47",14
9.44641,2213,1,,0,0,68,"United Kingdom","08/06/2009",5,0,0,1,2,51.7545,-3.72128,10,"retired","RETIRED","SA10",7
15.2565,2214,1,,0,0,52,"United Kingdom","08/06/2009",5,0,0,1,2,51.9137,-4.27159,9,"research","LABORATORY TECHNICIAN","SA32",17
9.09523,2215,1,,0,0,34,"United Kingdom","08/06/2009",3,0,0,0,2,51.3817,1.32709,6,"office","ADMINISTRATION","CT8",21
11.0331,2216,1,,0,0,54,"United Kingdom","08/06/2009",1,0,0,0,2,52.2484,-0.962052,6,"office","LEGAL SECRETARY","NN5",23
14.2443,2217,1,,0,0,43,"United Kingdom","08/06/2009",1,0,0,1,4,52.2508,-1.38339,17,"unknown","SUPERVISOR","CV47",16
15.4369,2218,1,,0,0,-1,"United Kingdom","08/06/2009",1,0,0,-1,-1,NaN,NaN,17,"unknown","-","-",5
18.0808,2219,1,,0,0,52,"United Kingdom","08/06/2009",5,0,0,0,2,51.3343,-2.16737,2,"health","PRACTICE NURSE","BA14",12
35.9176,2220,1,,0,0,37,"United Kingdom","08/06/2009",5,0,0,1,2,51.5228,-3.20367,5,"mechanic","ENGINEER","CF14",14
5.76527,2221,1,,0,0,69,"United Kingdom","08/06/2009",5,0,0,1,2,51.2884,-2.81841,5,"mechanic","CIVIL ENGINEER","BS26",3
30.5284,2222,1,,0,0,56,"United Kingdom","08/06/2009",2,0,0,0,2,53.1014,-2.01227,12,"service","PHARMACY TECHNICIAN","ST13",16
37.6978,2223,1,,1,0,78,"United Kingdom","08/06/2009",1,0,0,1,1,52.7744,-1.21473,10,"retired","RETIRED","LE11",161
6.33524,2224,1,,0,0,44,"United Kingdom","08/06/2009",1,0,0,0,1,52.128,-0.984662,2,"health","CARE MANAGER/SOCIAL WORKER","NN12",19
3.00206,2225,1,,0,0,75,"United Kingdom","08/06/2009",0,0,0,1,2,55.0076,-1.62172,10,"retired","RETIRED","NE3",1
29.1176,2226,1,,0,0,69,"United Kingdom","08/06/2009",1,0,0,0,1,53.8037,-1.52475,10,"retired","RETIRED","LS9",14
19.9802,2227,1,,1,0,55,"United Kingdom","08/06/2009",4,0,0,0,2,50.8068,-0.427726,17,"unknown","-","BN12",15
20.5019,2228,1,,1,0,73,"United Kingdom","08/06/2009",4,0,0,1,1,50.8389,-0.182449,10,"retired","RETIRED","BN3",4
8.09981,2229,1,,0,0,32,"United Kingdom","08/06/2009",2,0,0,1,3,53.0848,-2.20391,5,"mechanic","ENGINEER","ST7",19
32.2855,2230,1,,1,0,62,"United Kingdom","08/06/2009",0,0,0,0,2,53.3878,-2.17864,10,"retired","RETIRED","SK8",89
5.38553,2231,1,,0,0,79,"United Kingdom","08/06/2009",3,0,0,0,1,51.7993,-0.652861,10,"retired","RETIRED","HP23",19
10.6698,2232,1,,0,0,68,"United Kingdom","08/06/2009",3,0,0,0,2,51.6726,-0.596581,10,"retired","RETIRED","HP7",15
12.0822,2233,1,,0,0,52,"United Kingdom","08/06/2009",1,0,0,0,2,52.4884,-0.931176,12,"service","GARDENER","LE16",79
11.3345,2234,1,,0,0,64,"United Kingdom","08/06/2009",1,0,0,0,2,52.4225,-1.47334,10,"retired","RETIRED","CV2",15
2.63447,2235,1,,0,0,44,"United Kingdom","08/06/2009",1,0,0,0,2,53.0774,-1.37569,6,"office","BOOK KEEPER","DE55",5
5.26909,2236,1,,1,0,70,"United Kingdom","08/06/2009",1,0,0,1,2,52.7393,-1.46749,10,"retired","RETIRED","LE65",2
13.5792,2237,1,,0,0,33,"United Kingdom","08/06/2009",3,0,0,0,3,NaN,NaN,6,"office","ACCOUNT MANAGER","-",7
23.1693,2238,1,,0,0,19,"United Kingdom","08/06/2009",1,0,0,1,2,53.1671,-1.5938,12,"service","OFF-LICENSE MANAGER","DE4",36
16.7568,2239,1,,0,0,-1,"United Kingdom","08/06/2009",4,0,0,-1,-1,NaN,NaN,17,"unknown","-","-",7
15.2853,2240,1,,0,0,50,"United Kingdom","08/06/2009",3,0,0,1,2,51.1106,0.539935,12,"service","GARDENER","TN17",4
29.7936,2241,1,,0,0,35,"United Kingdom","08/06/2009",4,0,0,0,3,51.5009,-0.312447,2,"health","MEDICAL ADMINISTRATOR","W5",14
3.71325,2242,1,,0,0,70,"United Kingdom","08/06/2009",6,0,0,0,2,57.5658,-4.43637,10,"retired","RETIRED SCHOOL SECRETARY","IV7",2
4.2787,2243,1,,0,0,84,"United Kingdom","08/06/2009",4,0,0,0,2,51.2817,-0.362383,3,"home","HOUSEWIFE","KT23",1
11.9658,2244,1,,0,0,70,"United Kingdom","08/06/2009",0,0,0,0,2,55.3264,-1.73953,10,"retired","RETIRED OFFICE WORKER","NE65",4
0.552828,2245,1,,0,0,26,"United Kingdom","08/06/2009",4,0,0,1,2,51.5222,-0.133833,13,"student","STUDENT (POST-GRAD)","WC1E",7
28.9627,2246,1,,0,0,32,"United Kingdom","08/06/2009",1,0,0,0,1,NaN,NaN,6,"office","ACCOUNTANT","-",11
31.1936,2247,1,,0,0,36,"United Kingdom","08/06/2009",6,0,0,0,4,55.9712,-2.95621,6,"office","FINANCE","EH32",41
17.2365,2248,1,,0,0,42,"United Kingdom","08/06/2009",1,0,0,0,2,53.196,-1.43384,6,"office","OFFICE MANAGER","S42",5
16.498,2249,1,,0,0,30,"United Kingdom","08/06/2009",2,0,0,0,1,52.4819,-2.07185,2,"health","OCCUPATIONAL THERAPIST","DY2",25
9.11615,2250,1,,0,0,20,"United Kingdom","08/06/2009",1,0,0,0,4,52.2862,-1.53161,13,"student","STUDENT","CV31",5
9.33596,2251,1,,0,0,36,"United Kingdom","08/06/2009",1,0,0,0,2,52.2302,-1.18284,6,"office","LOGISTICS MANAGER","NN11",10
17.3178,2252,1,,0,0,63,"United Kingdom","08/06/2009",2,0,0,0,2,52.363,1.10572,10,"retired","RETIRED","IP22",5
16.5803,2253,1,,0,0,63,"United Kingdom","08/06/2009",1,0,0,0,2,53.5515,-1.47052,10,"retired","RETIRED","S71",51
14.967,2254,1,,0,0,32,"United Kingdom","08/06/2009",2,0,0,1,2,52.0474,1.2192,6,"office","CIVIL SERVANT","IP4",18
37.5592,2255,1,,0,0,52,"United Kingdom","08/06/2009",0,0,0,0,3,53.8393,-0.415372,14,"teaching","TEACHER","HU17",83
19.7945,2256,1,,0,0,68,"United Kingdom","08/06/2009",5,0,0,0,2,50.9548,-2.50779,10,"retired","RETIRED","DT9",44
6.72595,2257,1,,0,0,64,"United Kingdom","08/06/2009",5,0,0,1,1,51.8946,-2.07465,1,"entertain","FILM CREW","GL53",17
14.5618,2258,1,,0,0,47,"United Kingdom","08/06/2009",0,0,0,1,1,53.4352,-2.86238,16,"unemployed","UNEMPLOYED","L28",4
18.3328,2259,1,,0,0,66,"United Kingdom","08/06/2009",6,0,0,0,1,55.884,-4.22215,10,"retired","RETIRED","G21",9
30.8788,2260,1,,0,0,73,"United Kingdom","08/06/2009",3,0,0,1,2,51.2757,0.509171,10,"retired","RETIRED","ME16",7
14.8846,2261,1,,0,0,52,"United Kingdom","08/06/2009",1,0,0,0,3,52.5529,-1.14954,2,"health","NURSERY NURSE","LE8",6
0.107667,2262,1,,0,0,79,"United Kingdom","08/06/2009",0,0,0,0,1,53.1376,-2.6678,10,"retired","RETIRED","CW6",1
1.67839,2263,1,,0,0,56,"United Kingdom","08/06/2009",4,0,0,1,2,50.6074,-1.96436,12,"service","SHOP WORKER","BH19",36
15.2899,2264,1,,0,0,33,"United Kingdom","08/06/2009",2,0,0,1,4,51.6466,-1.16727,6,"office","OFFICE MANAGER","OX10",22
9.69201,2265,1,,0,0,37,"United Kingdom","08/06/2009",5,0,0,0,2,50.7801,-1.73845,6,"office","HR","BH23",5
23.5364,2266,1,,0,0,67,"United Kingdom","08/06/2009",6,0,0,0,2,53.5582,-2.52088,10,"retired","RETIRED","BL5",38
19.3838,2267,1,,0,0,62,"United Kingdom","08/06/2009",5,0,0,1,3,51.732,-2.16873,6,"office","CIVIL SERVANT","GL6",8
19.4616,2268,1,,0,0,62,"United Kingdom","08/06/2009",1,0,0,0,2,53.6671,-1.54357,10,"retired","RETIRED","WF4",11
25.7752,2269,1,,0,0,66,"United Kingdom","08/06/2009",6,0,0,1,2,54.9943,-2.88652,10,"retired","RETIRED","CA6",6
2.92481,2270,1,,0,0,66,"United Kingdom","08/06/2009",5,0,0,0,2,52.2137,-4.36079,10,"retired","RETIRED","SA45",4
8.41097,2271,1,,0,0,61,"United Kingdom","08/06/2009",4,0,0,1,2,50.8893,-1.31691,8,"public","GOVERNMENT SERVICE","SO31",25
10.7444,2272,1,,0,0,52,"United Kingdom","08/06/2009",4,0,0,1,6,51.4412,-0.16897,10,"retired","RETIRED","SW17",63
2.26058,2273,1,,0,0,70,"United Kingdom","08/06/2009",3,0,0,0,2,51.5676,0.660019,17,"unknown","VOLUNTARY WORK","SS9",11
8.84251,2274,1,,0,0,41,"United Kingdom","08/06/2009",3,0,0,0,3,51.4871,-0.100656,14,"teaching","TEACHER","SE17",15
20.5254,2275,1,,0,0,35,"United Kingdom","08/06/2009",3,0,0,0,2,51.4727,-0.083077,9,"research","POST-DOCTORATE RESEARCHER","SE5",10
18.4669,2276,1,,0,0,41,"United Kingdom","08/06/2009",2,0,0,0,1,52.6911,-2.76579,2,"health","NURSE","SY3",10
13.3877,2277,1,,0,0,61,"United Kingdom","08/06/2009",1,0,0,0,2,53.5291,-1.31444,10,"retired","RETIRED","S63",5
41.8587,2278,1,,0,0,42,"United Kingdom","08/06/2009",1,0,0,0,2,53.3831,-1.46454,8,"public","EQUALITY CONSULTANT","S10",1020
5.8803,2279,1,,1,0,74,"United Kingdom","08/06/2009",1,0,0,1,2,NaN,NaN,10,"retired","RETIRED","-",8
14.936,2280,1,,0,0,56,"United Kingdom","08/06/2009",4,0,0,1,3,51.0683,-0.302664,16,"unemployed","UNEMPLOYED","RH13",9
3.82783,2281,1,,0,0,62,"United Kingdom","08/06/2009",3,0,0,1,1,51.4747,0.03348,10,"retired","RETIRED","SE3",6
13.0041,2282,1,,0,0,28,"United Kingdom","08/06/2009",0,0,0,0,4,53.3672,-1.98848,3,"home","HOUSEWIFE","SK22",15
13.6183,2283,1,,0,0,71,"United Kingdom","08/06/2009",0,0,0,1,1,53.3998,-2.07891,6,"office","ARCHITECT","SK6",203
1.34344,2284,1,,0,0,54,"United Kingdom","08/06/2009",6,0,0,1,2,53.7385,-2.63639,6,"office","COMPUTER ANALYST","PR5",7
21.6257,2285,1,,0,0,47,"United Kingdom","08/06/2009",6,0,0,0,1,53.507,-2.09828,6,"office","RESOURCES CO-ORDINATOR","OL7",17
9.96293,2286,1,,0,0,49,"United Kingdom","08/06/2009",0,0,0,0,4,53.3343,-2.23565,3,"home","HOUSEWIFE","SK9",2
28.2349,2287,1,,0,0,56,"United Kingdom","08/06/2009",5,0,0,0,3,51.4698,-0.957591,8,"public","LIBRARIAN","RG4",8
8.15226,2288,1,,0,0,59,"United Kingdom","08/06/2009",5,0,0,0,2,NaN,NaN,2,"health","PHYSIOTHERAPIST","-",6
0.547303,2289,1,,0,0,60,"United Kingdom","08/06/2009",5,0,0,1,2,50.582,-3.46481,2,"health","CARER","EX7",7
8.08196,2290,1,,0,0,50,"United Kingdom","08/06/2009",3,0,0,0,4,51.1151,0.642328,6,"office","LEGAL EXECUTIVE","TN27",9
24.7222,2291,1,,0,0,-1,"United Kingdom","08/06/2009",3,0,0,0,2,51.3602,1.10955,17,"unknown","-","CT6",12
35.1698,2292,1,,0,0,22,"United Kingdom","08/06/2009",6,0,0,0,3,55.7586,-4.18631,12,"service","BAR PERSON","G75",34
1.33417,2293,1,,0,0,72,"United Kingdom","08/06/2009",0,0,0,0,1,53.3116,-3.47238,12,"service","SHOPKEEPER","LL18",1
1.7187,2294,1,,0,0,52,"United Kingdom","08/06/2009",3,0,0,0,1,51.5619,-0.148425,6,"office","MANAGEMENT CONSULTANT","N6",10
36.9659,2295,1,,0,0,27,"United Kingdom","08/06/2009",2,0,0,0,1,51.8165,-0.049172,17,"unknown","CHARITY FUNDRAISER","SG12",108
18.5169,2296,1,,0,0,-1,"United Kingdom","08/06/2009",5,0,0,-1,-1,NaN,NaN,17,"unknown","-","-",38
38.7832,2297,1,,0,0,31,"United Kingdom","08/06/2009",6,0,0,0,4,55.4512,-4.26174,2,"health","STAFF NURSE","KA18",50
4.71873,2298,1,,0,0,41,"United Kingdom","08/06/2009",3,0,0,1,3,NaN,NaN,6,"office","IT CONSULTANT","-",7
4.8282,2299,1,,1,0,77,"United Kingdom","08/06/2009",1,0,0,0,1,52.3499,-1.562,10,"retired","RETIRED","CV8",4
4.38248,2300,1,,0,0,60,"United Kingdom","08/06/2009",1,0,0,0,2,53.3534,-1.49603,10,"retired","RETIRED","S7",9
1.46174,2301,1,,0,0,85,"United Kingdom","08/06/2009",1,0,0,0,1,52.3446,-1.58215,17,"unknown","BEING LONELY","CV8",1
40.5386,2302,1,,0,0,26,"United Kingdom","08/06/2009",4,0,0,0,3,51.1258,-0.027202,2,"health","NURSERY NURSE","RH19",36
37.8267,2303,1,,0,0,61,"United Kingdom","08/06/2009",4,0,0,0,2,50.8115,-0.396546,2,"health","MEDICAL RECEPTIONIST","BN11",61
24.0555,2304,1,,0,0,50,"United Kingdom","08/06/2009",4,0,0,0,3,50.8622,0.249988,9,"research","SCIENCE TECHNICIAN","BN27",47
22.611,2305,1,,0,0,67,"United Kingdom","08/06/2009",4,0,0,0,2,50.8126,-0.546173,3,"home","HOUSEWIFE","BN17",16
31.5723,2306,1,,0,0,64,"United Kingdom","08/06/2009",4,0,0,0,2,50.7822,0.26883,10,"retired","RETIRED","BN21",136
23.3809,2307,1,,1,0,56,"United Kingdom","08/06/2009",3,0,0,1,3,51.4104,-0.094411,6,"office","CIVIL SERVANT","SE19",13
35.4685,2308,1,,0,0,39,"United Kingdom","08/06/2009",1,0,0,0,5,53.2619,-1.44689,6,"office","STOCK CONTROL CLERK","S41",39
0.217393,2309,1,,0,0,85,"United Kingdom","08/06/2009",4,0,0,1,1,50.7819,0.246354,10,"retired","RETIRED","BN20",4
10.594,2310,1,,1,0,69,"United Kingdom","08/06/2009",4,0,0,1,2,50.8061,0.311594,10,"retired","RETIRED","BN23",16
22.4992,2311,1,,0,0,61,"United Kingdom","08/06/2009",4,0,0,0,1,50.7589,0.28045,2,"health","DENTIST RECEPTIONIST","BN20",80
1.8122,2312,1,,0,0,61,"United Kingdom","08/06/2009",4,0,0,0,1,50.7884,0.314318,12,"service","TRAVEL ORGANISER","BN23",9
23.5157,2313,1,,0,0,48,"United Kingdom","08/06/2009",1,0,0,0,3,53.3856,-1.49226,12,"service","BANK CASHIER","S6",115
30.3118,2314,1,,1,0,53,"United Kingdom","08/06/2009",1,0,0,0,2,53.5741,-0.735866,2,"health","NURSING SISTER","DN17",9
18.5425,2315,1,,0,0,54,"United Kingdom","08/06/2009",1,0,0,0,1,53.3791,-1.49918,2,"health","NURSE","S10",51
7.14221,2316,1,,0,0,36,"United Kingdom","08/06/2009",5,0,0,0,3,51.3383,-2.96741,3,"home","HOME MAKER","BS23",8
2.70291,2317,1,,0,0,-1,"United Kingdom","08/06/2009",0,0,0,-1,-1,NaN,NaN,17,"unknown","-","-",2
17.379,2318,1,,0,0,63,"United Kingdom","08/06/2009",0,0,0,0,1,53.2783,-2.90258,10,"retired","RETIRED","CH65",14
2.76809,2319,1,,0,0,31,"United Kingdom","08/06/2009",6,0,0,1,1,53.757,-2.68228,8,"public","LOCAL GOVERNMENT OFFICER","PR1",19
44.7929,2320,1,,0,0,63,"United Kingdom","08/06/2009",4,0,0,1,2,50.9011,-1.06328,17,"unknown","ARTIFACTS CURATOR","PO7",78
4.14651,2321,1,,0,0,83,"United Kingdom","08/06/2009",6,0,0,1,1,53.7674,-2.81368,10,"retired","RETIRED","PR4",3
13.6215,2322,1,,0,0,63,"United Kingdom","08/06/2009",6,0,0,0,2,53.8732,-3.02286,10,"retired","RETIRED","FY5",15
15.9089,2323,1,,0,0,68,"United Kingdom","08/06/2009",6,0,0,1,1,53.6479,-3.0063,10,"retired","RETIRED","PR8",6
43.0637,2324,1,,0,0,23,"United Kingdom","08/06/2009",3,0,0,0,9,51.5642,-0.099076,6,"office","OFFICE ADMIN","N4",15
11.1744,2325,1,,0,0,56,"United Kingdom","08/06/2009",4,0,0,1,5,51.5183,-0.332227,6,"office","ACCOUNTANT","W7",20
24.731,2326,1,,0,0,47,"United Kingdom","08/06/2009",6,0,0,0,1,53.8772,-2.74229,14,"teaching","TEACHER","PR3",7
21.4367,2327,1,,1,0,35,"United Kingdom","08/06/2009",1,0,0,0,1,NaN,NaN,6,"office","CIVIL SERVANT","-",17
37.8213,2328,1,,0,0,56,"United Kingdom","08/06/2009",4,0,0,1,3,51.3441,-0.740315,6,"office","IT CONSULTANT","GU15",14
14.3521,2329,1,,0,0,49,"United Kingdom","08/06/2009",2,0,0,1,2,52.5993,0.36952,8,"public","POLICEMAN","PE38",2
25.0845,2330,1,,0,0,35,"United Kingdom","08/06/2009",5,0,0,0,1,51.4825,-0.992708,17,"unknown","-","RG4",59
21.9987,2331,1,,0,0,63,"United Kingdom","08/06/2009",4,0,0,0,1,51.3707,-0.102875,10,"retired","RETIRED/CARER","CR0",19
14.8496,2332,1,,0,0,74,"United Kingdom","08/06/2009",2,0,0,1,2,51.3406,-0.051675,10,"retired","RETIRED","CR2",9
36.2912,2333,1,,0,0,42,"United Kingdom","08/06/2009",4,0,0,0,2,51.3683,-0.10641,12,"service","PHARMACY TECHNICIAN","CR0",229
21.1393,2334,1,,0,0,44,"United Kingdom","08/06/2009",0,0,0,0,5,53.5325,-2.95634,14,"teaching","TEACHER","L31",8
7.7487,2335,1,,0,0,61,"United Kingdom","08/06/2009",2,0,0,0,2,52.1332,1.42101,4,"labour","HORTICULTURIST","IP12",16
15.9287,2336,1,,0,0,66,"United Kingdom","08/06/2009",4,0,0,1,1,51.2334,-0.580691,10,"retired","RETIRED","GU2",7
15.4611,2337,1,,0,0,52,"United Kingdom","08/06/2009",0,0,0,0,3,53.338,-2.22212,3,"home","HOMEMAKER","SK9",5
7.5907,2338,1,,0,0,62,"United Kingdom","08/06/2009",5,0,0,1,2,NaN,NaN,10,"retired","RETIRED","-",3
20.8866,2339,1,,0,0,58,"United Kingdom","08/06/2009",0,0,0,1,1,54.5267,-1.57574,14,"teaching","PRIMARY SCHOOL TEACHER","DL3",139
37.5087,2340,1,,0,0,42,"United Kingdom","08/06/2009",5,0,0,1,3,50.6443,-4.28457,15,"transport","TRANSPORT SPECIALIST","PL16",120
22.9791,2341,1,,0,0,31,"United Kingdom","08/06/2009",3,0,0,0,4,51.0571,0.152187,14,"teaching","NVQ ASSESSOR","TN6",14
0.479266,2342,1,,0,0,10,"United Kingdom","08/06/2009",0,0,0,1,5,54.9429,-1.58783,11,"schoolchild","SCHOOL","NE9",7
26.6684,2343,1,,0,0,46,"United Kingdom","08/06/2009",3,0,0,1,4,51.1262,0.752973,6,"office","RAIL MANAGER","TN26",62
3.85392,2344,1,,0,0,61,"United Kingdom","08/06/2009",3,0,0,0,2,51.4169,0.127771,10,"retired","RETIRED","DA14",6
18.8504,2345,1,,0,0,23,"United Kingdom","08/06/2009",0,0,0,0,2,53.26,-2.52651,6,"office","SECRETARY","CW8",15
1.66203,2346,1,,0,0,39,"United Kingdom","08/06/2009",1,0,0,0,10,53.8823,-1.26611,3,"home","HOUSEWIFE","LS24",13
4.55705,2347,1,,0,0,68,"United Kingdom","08/06/2009",2,0,0,0,1,52.1708,-1.85506,17,"unknown","FAMILY MEDIATOR","B50",10
0.709434,2348,1,,0,0,81,"United Kingdom","08/06/2009",3,0,0,0,3,51.2716,0.563099,10,"retired","RETIRED CIVIL SERVANT","ME14",1
12.0404,2349,1,,0,0,65,"United Kingdom","08/06/2009",2,0,0,0,3,52.1503,0.05822,10,"retired","RETIRED","CB23",8
23.1786,2350,1,,0,0,47,"United Kingdom","08/06/2009",3,0,0,0,4,51.3595,1.42914,2,"health","NURSE PRACTITIONER","CT10",34
13.5875,2351,1,,0,0,58,"United Kingdom","08/06/2009",3,0,0,0,3,50.8564,0.547778,10,"retired","RETIRED","TN38",6
7.68436,2352,1,,0,0,41,"United Kingdom","08/06/2009",6,0,0,1,4,55.8338,-4.45598,17,"unknown","CONSULTANT","PA",11
14.5274,2353,1,,0,0,72,"United Kingdom","08/06/2009",5,0,0,0,2,50.1259,-5.26861,10,"retired","RETIRED HOUSEWIFE","TR13",6
11.7274,2354,1,,0,0,71,"United Kingdom","08/06/2009",5,0,0,0,1,51.0192,-4.20426,8,"public","SUPPORT WORKER","EX39",18
11.5955,2355,1,,0,0,23,"United Kingdom","08/06/2009",5,0,0,1,5,52.2821,-1.53722,6,"office","TELEMARKETER","CV31",5
40.3105,2356,1,,0,0,20,"United Kingdom","08/06/2009",5,0,0,1,4,52.35,-1.56177,13,"student","STUDENT","CV8",14
12.1323,2357,1,,1,0,22,"United Kingdom","08/06/2009",5,0,0,1,5,52.35,-1.56177,6,"office","MARKET RESEARCH","CV8",7
10.9253,2358,1,,0,0,21,"United Kingdom","08/06/2009",5,0,0,0,4,52.35,-1.55688,13,"student","STUDENT","CV8",10
31.9851,2359,1,,0,0,22,"United Kingdom","08/06/2009",5,0,0,0,4,52.419,-1.52119,6,"office","CALL OPERATIVE","CV6",6
15.3671,2360,1,,0,0,18,"United Kingdom","08/06/2009",5,0,0,0,3,52.2843,-1.39268,6,"office","TELEMARKETER","CV47",13
2.02029,2361,1,,0,0,28,"United Kingdom","08/06/2009",5,0,0,0,2,52.3021,-1.5194,6,"office","TELEMARKETER","CV32",4
6.91481,2362,1,,0,0,58,"United Kingdom","08/06/2009",4,0,0,0,2,51.4734,-0.321147,10,"retired","RETIRED","TW7",18
20.93,2363,1,,0,0,38,"United Kingdom","08/06/2009",5,0,0,0,6,51.2038,-1.04432,3,"home","MOTHER","RG25",7
0.0178113,2364,1,,0,0,-1,"United Kingdom","08/06/2009",4,0,0,-1,-1,NaN,NaN,17,"unknown","-","-",2
21.8288,2365,1,,0,0,61,"United Kingdom","08/06/2009",5,0,0,0,2,50.3758,-4.13689,9,"research","LECTURER","PL4",18
21.0889,2366,1,,0,0,44,"United Kingdom","08/06/2009",4,0,0,0,4,50.7546,-2.00328,14,"teaching","TEACHING ASSISTANT","BH18",13
27.6166,2367,1,,0,0,27,"United Kingdom","08/06/2009",0,0,0,0,2,54.558,-1.25189,6,"office","PROJECT CO-ORDINATOR","TS5",16
22.6219,2368,1,,0,0,33,"United Kingdom","08/06/2009",0,0,0,0,4,54.8835,-1.41827,3,"home","HOMEMAKER","SR3",4
33.9449,2369,1,,0,0,24,"United Kingdom","08/06/2009",4,0,0,0,2,51.4523,-0.188154,12,"service","RIDING INSTRUCTOR","SW18",27
33.1902,2370,1,,0,0,69,"United Kingdom","08/06/2009",0,0,0,1,2,54.4979,-1.34977,17,"unknown","PART TIME ASSESSOR","TS15",10
24.9954,2371,1,,0,0,32,"United Kingdom","08/06/2009",5,0,0,0,2,50.1178,-5.17107,6,"office","HEAD OF COMMUNICATIONS","TR11",11
24.038,2372,1,,0,0,68,"United Kingdom","08/06/2009",1,0,0,0,5,52.5804,-1.21351,3,"home","HOUSEWIFE","LE19",8
22.1107,2373,1,,0,0,38,"United Kingdom","08/06/2009",5,0,0,0,4,50.3915,-4.03531,2,"health","NURSE","PL7",10
37.8469,2374,1,,0,0,56,"United Kingdom","08/06/2009",2,0,0,1,1,52.1963,0.155751,2,"health","HEART SURGEON","CB1",38
36.7346,2375,1,,0,0,64,"United Kingdom","08/06/2009",5,0,0,1,2,50.4047,-3.99773,9,"research","LECTURER","PL7",11
4.91997,2376,1,,1,0,68,"United Kingdom","08/06/2009",5,0,0,1,1,50.3629,-4.07812,10,"retired","RETIRED","PL9",2
25.7426,2377,1,,0,0,37,"United Kingdom","08/06/2009",2,0,0,0,2,51.7818,-1.37398,6,"office","ADMINISTRATOR","OX29",30
10.2474,2378,1,,0,0,40,"United Kingdom","08/06/2009",6,0,0,0,4,56.3927,-3.48326,13,"student","STUDENT","PH",4
35.4246,2379,1,,0,0,59,"United Kingdom","08/06/2009",3,0,0,1,1,51.4806,-0.166384,10,"retired","RETIRED","SW11",12
7.38127,2380,1,,0,0,71,"United Kingdom","08/06/2009",5,0,0,1,2,50.8622,-4.21165,10,"retired","RETIRED","EX21",13
20.5739,2381,1,,0,0,66,"United Kingdom","08/06/2009",5,0,0,1,2,51.4445,-3.17773,10,"retired","RETIRED","CF64",55
8.44534,2382,1,,0,0,81,"United Kingdom","08/06/2009",5,0,0,1,1,51.3592,-2.91429,10,"retired","RETIRED","BS22",15
17.8706,2383,1,,0,0,73,"United Kingdom","08/06/2009",5,0,0,0,2,51.2884,-2.81841,10,"retired","RETIRED","BS26",22
17.3655,2384,1,,0,0,51,"United Kingdom","08/06/2009",2,0,0,1,3,52.694,1.21436,2,"health","PRACTICE MANAGER","NR8",29
26.087,2385,1,,0,0,56,"United Kingdom","08/06/2009",4,0,0,0,2,51.3298,-0.388735,6,"office","P.A.","KT11",22
27.585,2386,1,,0,0,23,"United Kingdom","08/06/2009",4,0,0,0,4,51.4376,-0.15285,6,"office","MARKET RESEARCHER","SW17",11
13.7335,2387,1,,0,0,37,"United Kingdom","08/06/2009",2,0,0,0,3,52.4712,-1.7511,6,"office","PROJECT MANAGER","B37",6
7.15371,2388,1,,0,0,55,"United Kingdom","08/06/2009",4,0,0,0,3,50.8501,-2.25904,6,"office","SENIOR MANAGER","DT11",3
3.418,2389,1,,0,0,46,"United Kingdom","08/06/2009",5,0,0,0,3,51.0105,-3.1107,6,"office","FINANCE OFFICER","TA1",6
7.6433,2390,1,,0,0,69,"United Kingdom","08/06/2009",1,0,0,0,3,52.6484,-1.19351,10,"retired","RETIRED","LE3",2
9.71637,2391,1,,0,0,64,"United Kingdom","08/06/2009",1,0,0,0,2,NaN,NaN,10,"retired","RETIRED","-",16
38.7241,2392,1,,0,0,72,"United Kingdom","08/06/2009",2,0,0,0,1,51.9093,-0.285626,10,"retired","RETIRED","SG4",34
14.4731,2393,1,,0,0,29,"United Kingdom","08/06/2009",2,0,0,0,2,52.1974,0.124236,17,"unknown","VOLUNTEER","CB2",24
24.6536,2394,1,,0,0,63,"United Kingdom","08/06/2009",2,0,0,0,2,52.0978,0.28419,3,"home","HOUSEWIFE","CB21",9
1.43098,2395,1,,0,0,50,"United Kingdom","08/06/2009",0,0,0,1,2,53.2783,-2.94552,6,"office","CIVIL SERVANT","CH66",1
24.8061,2396,1,,0,0,67,"United Kingdom","08/06/2009",6,0,0,1,2,53.5927,-2.3256,10,"retired","RETIRED","BL8",50
6.57379,2397,1,,0,0,59,"United Kingdom","08/06/2009",6,0,0,0,2,55.8186,-4.53323,2,"health","NURSERY OFFICER","PA5",8
23.066,2398,1,,0,0,59,"United Kingdom","08/06/2009",6,0,0,0,1,55.9914,-3.79314,10,"retired","RETIRED","FK1",4
11.9609,2399,1,,0,0,55,"United Kingdom","08/06/2009",6,0,0,0,3,53.7391,-2.48146,3,"home","HOUSEWIFE","BB2",104
12.3282,2400,1,,0,0,61,"United Kingdom","08/06/2009",3,0,0,1,1,51.738,0.457852,10,"retired","RETIRED","CM1",10
5.12238,2401,1,,0,0,63,"United Kingdom","08/06/2009",4,0,0,1,1,50.8389,-0.182449,10,"retired","RETIRED","BN3",10
7.47588,2402,1,,0,0,81,"United Kingdom","08/06/2009",2,0,0,0,1,52.5869,1.65729,10,"retired","RETIRED","NR31",2
15.5357,2403,1,,0,0,55,"United Kingdom","08/06/2009",2,0,0,0,2,52.3643,-2.71411,9,"research","LECTURER","SY8",4
5.42645,2404,1,,0,0,62,"United Kingdom","08/06/2009",4,0,0,0,1,50.7825,0.268622,10,"retired","RETIRED","BN21",6
18.6204,2405,1,,0,0,54,"United Kingdom","08/06/2009",4,0,0,0,3,51.1141,-0.149794,14,"teaching","HEAD TEACHER","RH10",236
7.95427,2406,1,,0,0,55,"United Kingdom","08/06/2009",2,0,0,0,1,52.42,-1.96518,10,"retired","RETIRED - PART TIME MARKET JOB","B31",73
0.809101,2407,1,,0,0,59,"United Kingdom","08/06/2009",4,0,0,0,1,51.3874,-0.098828,10,"retired","RETIRED","CR0",1
10.6323,2408,1,,0,0,67,"United Kingdom","08/06/2009",4,0,0,0,1,51.3977,0.034526,17,"unknown","CAB MANAGER","BR1",30
21.6266,2409,1,,0,0,77,"United Kingdom","08/06/2009",4,0,0,1,2,51.3017,-0.108964,10,"retired","RETIRED","CR5",24
33.9188,2410,1,,0,0,34,"United Kingdom","08/06/2009",0,0,0,1,1,53.4098,-2.97848,9,"research","LECTURER","L15",7
38.8603,2411,1,,0,0,45,"United Kingdom","08/06/2009",4,0,0,0,5,50.9384,-1.39321,3,"home","DISABLED MOTHER","SO16",10
0.451997,2412,1,,0,0,78,"United Kingdom","08/06/2009",4,0,0,1,1,50.9158,-1.767,10,"retired","RETIRED","SP6",7
28.9688,2413,1,,0,0,24,"United Kingdom","08/06/2009",3,0,0,1,2,51.749,0.502915,6,"office","OFFICE WORKER","CM1",9
19.5663,2414,1,,0,0,69,"United Kingdom","08/06/2009",6,0,0,1,2,51.7989,-0.395871,6,"office","AUDITOR/ACCOUNTANT","AL3",5
23.895,2415,1,,0,0,33,"United Kingdom","08/06/2009",4,0,0,0,1,50.9261,-1.45792,13,"student","STUDENT","SO16",47
18.4389,2416,1,,0,0,65,"United Kingdom","08/06/2009",3,0,0,0,2,51.4354,-0.197124,6,"office","CIVIL SERVANT","SW19",17
37.8919,2417,1,,0,0,36,"United Kingdom","08/06/2009",4,0,0,0,4,51.4148,-0.368093,12,"service","CHILDMINDER","TW12",41
14.9735,2418,1,,0,0,56,"United Kingdom","08/06/2009",5,0,0,0,2,50.9672,-2.77067,14,"teaching","TEACHING ASSISTANT","TA12",9
34.477,2419,1,,0,0,64,"United Kingdom","08/06/2009",5,0,0,0,1,51.3774,-1.34995,12,"service","BARRISTER","RG14",11
14.308,2420,1,,0,0,55,"United Kingdom","08/06/2009",6,0,0,0,4,53.7868,-2.71365,6,"office","ADMIN - LOCAL GOVERNMENT","PR2",16
12.9474,2421,1,,0,0,33,"United Kingdom","08/06/2009",2,0,0,0,2,NaN,NaN,8,"public","SOCIAL WORKER","-",9
35.7549,2422,1,,0,0,50,"United Kingdom","08/06/2009",0,0,0,1,5,53.0784,-3.01082,9,"research","UNIVERSITY ADMINISTRATOR","LL11",137
44.7528,2423,1,,0,0,67,"United Kingdom","08/06/2009",1,0,0,0,2,52.0623,-1.62713,10,"retired","RETIRED (P/T CHARITY WORKER)","CV36",26
17.8457,2424,1,,0,0,53,"United Kingdom","08/06/2009",3,0,0,0,2,51.6298,-0.713535,8,"public","DISABILITY SUPPORT TUTOR","HP13",27
29.3364,2425,1,,0,0,58,"United Kingdom","08/06/2009",4,0,0,0,2,50.7537,-1.28887,16,"unemployed","UNEMPLOYED","PO32",10
34.4087,2426,1,,0,0,47,"United Kingdom","08/06/2009",4,0,0,1,4,50.8638,-1.20428,6,"office","LIFE ADMINISTRATOR","PO15",18
8.65784,2427,1,,0,0,55,"United Kingdom","08/06/2009",4,0,0,0,1,50.8959,-1.03972,14,"teaching","TEACHER","PO8",5
35.6602,2428,1,,0,0,54,"United Kingdom","08/06/2009",4,0,0,1,5,50.8845,-1.02582,12,"service","SALES REP","PO7",11
38.794,2429,1,,0,0,51,"United Kingdom","08/06/2009",2,0,0,0,2,52.0766,-1.35191,6,"office","FINANCE MANAGER","OX16",34
16.2697,2430,1,,0,0,36,"United Kingdom","08/06/2009",2,0,0,0,2,51.9736,-0.205876,6,"office","ACCOUNTANT","SG",17
37.9528,2431,1,,0,0,40,"United Kingdom","08/06/2009",3,0,0,0,1,NaN,NaN,17,"unknown","VOLUNTARY","-",82
2.94246,2432,1,,0,0,62,"United Kingdom","08/06/2009",1,0,0,0,2,52.6961,-1.08598,10,"retired","RETIRED","LE7",5
17.5417,2433,1,,0,0,17,"United Kingdom","08/06/2009",3,0,0,0,4,51.7599,-0.503336,13,"student","STUDENT","HP1",9
34.971,2434,1,,0,0,25,"United Kingdom","08/06/2009",1,0,0,1,1,53.2255,-1.28209,12,"service","BARMAN","S44",493
30.6403,2435,1,,0,0,48,"United Kingdom","08/06/2009",6,0,0,0,3,54.3221,-2.53861,2,"health","OCCUPATIONAL THERAPIST","LA10",12
41.165,2436,1,,0,0,55,"United Kingdom","08/06/2009",5,0,0,0,1,51.5099,-1.96448,6,"office","CLERICAL","SN15",40
15.358,2437,1,,0,0,60,"United Kingdom","08/06/2009",1,0,0,0,1,52.5334,-1.23617,10,"retired","RETIRED","LE9",17
23.5547,2438,1,,0,0,58,"United Kingdom","08/06/2009",2,0,0,1,2,51.9151,-0.439779,6,"office","CONTRACTS MANAGER","LU3",16
39.6698,2439,1,,0,0,42,"United Kingdom","08/06/2009",3,0,0,0,4,51.8816,-1.01292,2,"health","SPECIALIST NURSE","HP18",43
8.47143,2440,1,,0,0,27,"United Kingdom","08/06/2009",4,0,0,0,1,51.3345,-0.25472,6,"office","INFORMATION ANALYST","KT17",6
13.9869,2441,1,,0,0,55,"United Kingdom","08/06/2009",1,0,0,0,2,53.3865,-1.35114,6,"office","DIRECTOR","S60",6
34.8941,2442,1,,0,0,59,"United Kingdom","08/06/2009",4,0,0,1,2,50.9323,-0.998811,10,"retired","RETIRED","PO8",31
13.7491,2443,1,,0,0,39,"United Kingdom","08/06/2009",4,0,0,0,2,51.3478,-0.712535,6,"office","GEOLOGIST - DATA MANAGER","GU15",8
29.3356,2444,1,,0,0,56,"United Kingdom","08/06/2009",4,0,0,0,4,50.8423,-0.85054,14,"teaching","LEARNING SUPPORT ASSISTANT","PO18",26
18.5132,2445,1,,0,0,54,"United Kingdom","08/06/2009",3,0,0,1,2,51.684,-0.326474,6,"office","CHARTERED ACCOUNTANT","WD7",51
6.24868,2446,1,,1,0,-1,"United Kingdom","08/06/2009",2,0,0,-1,-1,NaN,NaN,17,"unknown","-","-",4
39.9914,2447,1,,0,0,22,"United Kingdom","08/06/2009",4,0,0,0,3,51.4063,-0.369177,12,"service","BEAUTY THERAPIST","KT8",55
15.826,2448,1,,0,0,66,"United Kingdom","08/06/2009",4,0,0,1,4,51.4397,-0.346178,12,"service","CHARTERED SURVEYOR","TW2",10
12.9629,2449,1,,0,0,40,"United Kingdom","08/06/2009",4,0,0,1,4,51.3851,-0.405761,6,"office","DBA","KT12",26
29.7336,2450,1,,0,0,69,"United Kingdom","08/06/2009",5,0,0,0,2,55.3781,-3.43597,10,"retired","RETIRED","-",117
20.7133,2451,1,,0,0,49,"United Kingdom","08/06/2009",3,0,0,0,4,50.8702,0.561667,12,"service","CHILDMINDER","TN37",17
0.662411,2452,1,,0,0,59,"United Kingdom","08/06/2009",0,0,0,0,1,53.3235,-2.97615,10,"retired","RETIRED","CH",3
0.936965,2453,1,,0,0,47,"United Kingdom","08/06/2009",2,0,0,0,4,52.255,0.02235,9,"research","PROFESSOR","CB23",6
18.5607,2454,1,,0,0,41,"United Kingdom","08/06/2009",4,0,0,0,3,51.0683,-0.303325,3,"home","HOUSEWIFE","RH13",6
20.9215,2455,1,,0,0,71,"United Kingdom","08/06/2009",6,0,0,1,2,57.5812,-3.88023,10,"retired","RETIRED","IV12",6
3.17738,2456,1,,0,0,61,"United Kingdom","08/06/2009",4,0,0,0,2,50.9318,-0.999355,10,"retired","RETEIRED","PO8",12
21.9507,2457,1,,0,0,29,"United Kingdom","08/06/2009",5,0,0,0,2,51.2207,-2.32947,9,"research","MOLECULAR MICROBIOLOGIST (HPA)","BA11",9
9.71633,2458,1,,0,0,57,"United Kingdom","08/06/2009",5,0,0,0,2,51.6103,-2.52658,10,"retired","RETIRED","BS35",8
22.4345,2459,1,,0,0,68,"United Kingdom","08/06/2009",3,0,0,0,1,51.3262,0.430323,10,"retired","RETIRED","ME6",5
13.1131,2460,1,,0,0,24,"United Kingdom","08/06/2009",2,0,0,0,2,51.7241,-1.1963,14,"teaching","TEACHER","OX4",66
2.39129,2461,1,,0,0,30,"United Kingdom","08/06/2009",2,0,0,1,1,52.4162,-4.08341,9,"research","LECTURER","SY23",5
0.0231494,2462,1,,0,0,59,"United Kingdom","08/06/2009",4,0,0,1,1,51.2842,-0.345965,16,"unemployed","NONE","KT22",5
12.4511,2463,1,,0,0,40,"United Kingdom","08/06/2009",4,0,0,1,3,51.411,-0.44553,6,"office","IT BUSINESS ANALYST","TW17",7
6.94345,2464,1,,0,0,-1,"United Kingdom","08/06/2009",3,0,0,-1,-1,55.3781,-3.43597,17,"unknown","-","-",14
21.021,2465,1,,0,0,40,"United Kingdom","08/06/2009",2,0,0,0,1,52.4302,-1.89263,6,"office","MANAGER","B14",29
13.3214,2466,1,,0,0,53,"United Kingdom","08/06/2009",4,0,0,1,5,50.8272,-1.7,12,"service","VETERINARY SURGEON","BH24",19
32.8774,2467,1,,0,0,62,"United Kingdom","08/06/2009",4,0,0,0,2,50.8467,-0.402982,2,"health","MEDICAL RECEPTIONIST","BN13",45
6.05017,2468,1,,0,0,87,"United Kingdom","08/06/2009",5,0,0,1,2,51.9854,-2.735,10,"retired","RETIRED","HR2",3
1.21035,2469,1,,0,0,56,"United Kingdom","08/06/2009",2,0,0,0,2,52.759,-2.71636,2,"health","CARE ASSISTANT","SY4",1
25.5813,2470,1,,0,0,52,"United Kingdom","08/06/2009",2,0,0,0,4,51.7452,-1.25938,8,"public","LOCAL GOVERNMENT MANAGER","OX1",45
37.1389,2471,1,,0,0,19,"United Kingdom","08/06/2009",6,0,0,1,2,57.1672,-2.09361,13,"student","STUDENT","AB24",78
8.97757,2472,1,,0,0,17,"United Kingdom","08/06/2009",6,0,0,0,3,58.5143,-3.49552,13,"student","STUDENT","KW12",3
10.4414,2473,1,,0,0,66,"United Kingdom","08/06/2009",5,0,0,0,3,50.3529,-3.59486,10,"retired","RETIRED PHYSIOTHERAPIST","TQ6",6
6.06836,2474,1,,0,0,76,"United Kingdom","08/06/2009",2,0,0,0,1,51.6009,-1.12562,10,"retired","RETIRED","OX10",52
23.4581,2475,1,,0,0,35,"United Kingdom","08/06/2009",5,0,0,0,4,51.641,-2.65631,5,"mechanic","ENGINEER/MOTHER","NP16",13
5.72553,2476,1,,0,0,47,"United Kingdom","08/06/2009",5,0,0,1,1,50.3803,-4.17201,6,"office","CLERICAL/COMPUTER","PL2",11
21.6006,2477,1,,0,0,77,"United Kingdom","08/06/2009",3,0,0,1,2,51.5464,0.750895,10,"retired","RETIRED","SS2",16
13.1395,2478,1,,0,0,56,"United Kingdom","08/06/2009",6,0,0,0,3,53.5877,-2.43635,10,"retired","RETIRED","BL1",15
7.226,2479,1,,0,0,76,"United Kingdom","08/06/2009",1,0,0,1,2,53.4195,-1.05067,10,"retired","RETIRED","DN11",11
14.5857,2480,1,,0,0,42,"United Kingdom","08/06/2009",4,0,0,0,4,51.0681,-0.302772,6,"office","ADMINISTRATOR","RH13",8
22.4254,2481,1,,0,0,62,"United Kingdom","08/06/2009",2,0,0,0,2,52.7311,-2.71628,17,"unknown","INFORMATION & ADVICE OFFICER","SY17",43
16.5177,2482,1,,0,0,19,"United Kingdom","08/06/2009",0,0,0,0,2,55.3781,-3.43597,13,"student","STUDENT","-",3
9.80997,2483,1,,0,0,71,"United Kingdom","08/06/2009",2,0,0,1,2,52.3068,-1.93167,10,"retired","RETIRED","B98",11
7.18329,2484,1,,0,0,53,"United Kingdom","08/06/2009",1,0,0,0,2,52.269,-0.752043,14,"teaching","HEAD TEACHER","NN6",15
40.7252,2485,1,,0,0,10,"United Kingdom","08/06/2009",1,0,0,1,4,52.433,-0.691249,11,"schoolchild","SCHOOLCHILD","NN14",20
36.24,2486,1,,0,0,43,"United Kingdom","08/06/2009",5,0,0,0,5,52.3079,-2.37425,3,"home","HOUSEWIFE","WR6",16
34.7118,2487,1,,0,0,57,"United Kingdom","08/06/2009",3,0,0,0,3,51.9015,0.928687,10,"retired","RETIRED (NHS)","CO4",43
4.33878,2488,1,,0,0,64,"United Kingdom","08/06/2009",2,0,0,0,1,52.6408,-2.45946,10,"retired","RETIRED","TF7",5
1.42967,2489,1,,0,0,61,"United Kingdom","08/06/2009",6,0,0,0,2,53.6036,-2.3217,10,"retired","RETIRED","BL8",2
24.0479,2490,1,,0,0,30,"United Kingdom","08/06/2009",4,0,0,1,2,51.4624,-0.302784,16,"unemployed","UNEMPLOYED","TW9",7
33.4256,2491,1,,0,0,74,"United Kingdom","08/06/2009",5,0,0,1,3,51.8524,-2.23186,10,"retired","RETIRED","GL1",30
27.4358,2492,1,,0,0,46,"United Kingdom","08/06/2009",4,0,0,0,1,51.3728,-0.458065,6,"office","FINANCIAL OFFICER","KT13",143
1.38294,2493,1,,0,0,34,"United Kingdom","08/06/2009",3,0,0,1,1,51.7619,-0.008947,6,"office","COMPUTER PROGRAMMER","EN11",4
6.66889,2494,1,,0,0,62,"United Kingdom","08/06/2009",1,0,0,1,2,53.3387,-1.27814,17,"unknown","SELF EMPLOYED","S26",4
12.8361,2495,1,,0,0,37,"United Kingdom","08/06/2009",6,0,0,0,4,53.707,-2.28896,6,"office","CALL CENTRE AGENT","BB4",4
6.63116,2496,1,,0,0,76,"United Kingdom","08/06/2009",2,0,0,0,1,51.6456,-0.256209,10,"retired","RETIRED","WD6",3
30.0526,2497,1,,0,0,78,"United Kingdom","08/06/2009",1,0,0,0,2,53.4923,-1.34249,10,"retired","RETIRED PA","S63",16
7.62369,2498,1,,0,0,68,"United Kingdom","08/06/2009",1,0,0,1,2,53.751,-1.65543,10,"retired","RETIRED","BD11",6
13.3191,2499,1,,0,0,66,"United Kingdom","08/06/2009",2,0,0,1,2,52.3282,0.850885,10,"retired","RETIRED","IP31",13
29.8928,2500,1,,0,0,72,"United Kingdom","08/06/2009",0,0,0,0,1,53.3705,-2.73827,10,"retired","RETIRED","WA8",8
4.52312,2501,1,,0,0,42,"United Kingdom","08/06/2009",1,0,0,1,1,53.3188,-1.52441,6,"office","ACCOUNTANT","S17",6
20.1288,2502,1,,0,0,43,"United Kingdom","08/06/2009",4,0,0,0,4,50.8464,-1.07353,2,"health","OCCUPATIONAL THERAPY TECHNICIAN","PO6",18
17.9435,2503,1,,0,0,67,"United Kingdom","08/06/2009",1,0,0,1,1,52.9096,-0.639899,10,"retired","RETIRED","NG31",9
2.03059,2504,1,,0,0,-1,"United Kingdom","08/06/2009",3,0,0,0,1,51.5729,-0.029001,10,"retired","RETIRED","E17",1
7.6562,2505,1,,0,0,49,"United Kingdom","08/06/2009",3,0,0,0,2,51.6037,-0.636781,6,"office","PHARMACEUTICAL REGULATORY AFFAIRS","HP9",12
36.5669,2506,1,,0,0,63,"United Kingdom","08/06/2009",1,0,0,0,1,55.3781,-3.43597,10,"retired","RETIRED","-",64
11.6097,2507,1,,0,0,29,"United Kingdom","08/06/2009",5,0,0,0,5,52.298,-1.635,6,"office","CALL CENTRE OPERATIVE","CV35",5
15.9279,2508,1,,0,0,63,"United Kingdom","08/06/2009",5,0,0,0,1,50.7176,-3.53115,10,"retired","RETIRED PAEDIATRIC NURSE","EX2",13
30.3697,2509,1,,0,0,34,"United Kingdom","08/06/2009",3,0,0,1,1,51.449,-0.04733,17,"unknown","PRESS READER","SE23",17
38.8135,2510,1,,0,0,84,"United Kingdom","08/06/2009",4,0,0,0,1,51.0056,-2.19362,10,"retired","RETIRED","SP7",79
15.8554,2511,1,,0,0,82,"United Kingdom","08/06/2009",4,0,0,0,1,51.2143,-0.800824,10,"retired","RETIRED","GU9",16
23.7536,2512,1,,0,0,56,"United Kingdom","08/06/2009",1,0,0,0,2,53.0136,-1.34219,2,"health","PRACTICE NURSE","DE75",28
44.9829,2513,1,,0,0,46,"United Kingdom","08/06/2009",0,0,0,0,2,52.9756,-1.13641,6,"office","CIVIL SERVANT","NG3",35
36.8237,2514,1,,0,0,34,"United Kingdom","08/06/2009",1,0,0,0,2,53.763,-1.78415,6,"office","SERVICE MANAGER","BD6",14
33.5236,2515,1,,0,0,36,"United Kingdom","08/06/2009",6,0,0,0,4,53.5673,-2.44595,8,"public","SOCIAL WORKER","BL3",11
12.487,2516,1,,0,0,63,"United Kingdom","08/06/2009",0,0,0,0,2,53.4036,-2.36341,9,"research","LECTURER","WA14",6
5.71609,2517,1,,0,0,67,"United Kingdom","08/06/2009",2,0,0,1,2,52.4573,1.71883,10,"retired","RETIRED","NR33",4
27.7363,2518,1,,0,0,52,"United Kingdom","08/06/2009",2,0,0,0,2,49.4931,-2.52496,8,"public","ADVICE CENTRE MANAGER","GY3",35
6.19839,2519,1,,0,0,36,"United Kingdom","08/06/2009",2,0,0,0,4,52.6379,1.27796,9,"research","LECTURER","NR2",6
2.96676,2520,1,,0,0,15,"United Kingdom","08/06/2009",5,0,0,0,3,51.0708,-4.08219,11,"schoolchild","STUDENT","EX31",11
7.89678,2521,1,,0,0,66,"United Kingdom","08/06/2009",5,0,0,0,2,52.0592,-2.73176,10,"retired","RETIRED DISABLED","HR4",1
31.5983,2522,1,,0,0,34,"United Kingdom","08/06/2009",5,0,0,0,3,50.6,-3.60303,17,"unknown","PARTNERSHIP ADVISER","TQ13",10
11.4642,2523,1,,1,0,86,"United Kingdom","08/06/2009",3,0,0,0,1,51.5417,0.012583,10,"retired","RETIRED TEACHER","E15",15
1.55421,2524,1,,0,0,70,"United Kingdom","08/06/2009",1,0,0,0,1,52.3873,-1.4537,17,"unknown","-","CV3",3
5.31805,2525,1,,0,0,40,"United Kingdom","08/06/2009",1,0,0,0,3,52.9396,-1.43963,3,"home","STAY AT HOME MUM","DE21",38
11.6497,2526,1,,0,0,62,"United Kingdom","08/06/2009",3,0,0,1,3,51.4669,-0.019358,2,"health","PSYCHOLOGIST","SE13",2
5.13282,2527,1,,0,0,47,"United Kingdom","08/06/2009",0,0,0,0,2,52.9492,-1.14392,6,"office","LAWYER","NG1",5
10.3916,2528,1,,0,0,39,"United Kingdom","08/06/2009",5,0,0,0,1,51.9016,-2.07988,17,"unknown","DESIGNER","GL50",3
31.6632,2529,1,,0,0,27,"United Kingdom","08/06/2009",4,0,0,1,2,51.3857,0.009559,12,"service","BARRISTER","BR2",15
12.2105,2530,1,,0,0,70,"United Kingdom","08/06/2009",4,0,0,0,2,51.3711,-0.153288,10,"retired","RETIRED","SM6",13
29.1155,2531,1,,0,0,41,"United Kingdom","08/06/2009",0,0,0,1,2,52.8882,-4.42025,4,"labour","GROWER/FARMER","LL53",106
22.2737,2532,1,,0,0,43,"United Kingdom","08/06/2009",1,0,0,0,3,52.9091,-1.04748,8,"public","LOCAL GOVERNMENT","NG12",55
20.8718,2533,1,,0,0,45,"United Kingdom","08/06/2009",1,0,0,0,4,53.4973,-1.42354,14,"teaching","TEACHING ASSISTANT","S74",9
31.9266,2534,1,,0,0,50,"United Kingdom","08/06/2009",4,0,0,1,4,51.5759,-0.426279,9,"research","RESEARCH LAB MANAGER","HA4",11
4.49121,2535,1,,1,0,70,"United Kingdom","08/06/2009",5,0,0,0,2,51.2845,-2.46008,2,"health","THERAPIST","BA",3
0.431571,2536,1,,0,0,83,"United Kingdom","08/06/2009",5,0,0,1,1,51.9183,-2.04484,10,"retired","RETIRED","GL",1
18.2976,2537,1,,1,0,57,"United Kingdom","08/06/2009",6,0,0,0,2,53.6197,-2.145,3,"home","FULL TIME CARER","OL16",7
25.5474,2538,1,,0,0,53,"United Kingdom","08/06/2009",1,0,0,0,1,53.4307,-1.48434,8,"public","SENIOR HOSTEL WORKER","S5",13
20.4822,2539,1,,0,0,14,"United Kingdom","08/06/2009",2,0,0,0,3,55.3781,-3.43597,11,"schoolchild","SCHOOL STUDENT","-",15
19.4082,2540,1,,0,0,33,"United Kingdom","08/06/2009",0,0,0,0,2,54.5496,-1.91184,13,"student","PHD STUDENT","DL12",15
16.4112,2541,1,,0,0,33,"United Kingdom","08/06/2009",0,0,0,0,4,54.9788,-1.58646,16,"unemployed","UNEMPLOYED","NE6",24
39.3248,2542,1,,0,0,22,"United Kingdom","08/06/2009",0,0,0,0,4,54.9777,-1.58951,2,"health","NURSERY WORKER","NE6",91
26.1283,2543,1,,0,0,33,"United Kingdom","08/06/2009",4,0,0,0,4,51.2388,-0.091637,3,"home","MOTHER","RH1",53
7.32804,2544,1,,0,0,48,"United Kingdom","08/06/2009",4,0,0,0,2,50.8402,-0.089832,6,"office","TEAM LEADER","BN2",9
22.7577,2545,1,,0,0,69,"United Kingdom","08/06/2009",6,0,0,1,2,54.14,-2.72131,10,"retired","RETIRED","LA6",3
42.2064,2546,1,,0,0,44,"United Kingdom","08/06/2009",1,0,0,0,4,53.7032,-1.92825,14,"teaching","TEACHER","HX6",53
1.63914,2547,1,,0,0,50,"United Kingdom","08/06/2009",6,0,0,0,2,56.4014,-4.98587,2,"health","REGISTERED NURSE","PA33",5
2.06257,2548,1,,0,0,54,"United Kingdom","08/06/2009",4,0,0,0,1,51.2429,-0.171495,6,"office","CLERICAL ASSISTANT","RH1",3
7.09337,2549,1,,0,0,44,"United Kingdom","08/06/2009",5,0,0,0,3,50.7834,-1.96897,17,"unknown","VOLUNTEER","BH21",2
0.326338,2550,1,,1,0,75,"United Kingdom","08/06/2009",5,0,0,1,2,51.5856,-4.01053,17,"unknown","-","SA3",1
21.0274,2551,1,,0,0,74,"United Kingdom","08/06/2009",3,0,0,1,1,51.4815,0.012876,10,"retired","RETIRED","SE3",26
33.4105,2552,1,,0,0,70,"United Kingdom","08/06/2009",1,0,0,0,2,53.9334,-1.83624,10,"retired","RETIRED","LS29",934
0.575017,2553,1,,0,0,50,"United Kingdom","08/06/2009",1,0,0,1,1,53.7312,-1.65411,16,"unemployed","UNEMPLOYED","WF17",5
9.16765,2554,1,,0,0,46,"United Kingdom","08/06/2009",5,0,0,0,3,51.4076,-2.51309,2,"health","GP","BS31",51
1.91323,2555,1,,0,0,79,"United Kingdom","08/06/2009",5,0,0,1,1,51.5183,-3.50238,10,"retired","RETIRED","CF",1
13.1734,2556,1,,0,0,71,"United Kingdom","08/06/2009",5,0,0,1,1,51.321,-2.95657,10,"retired","RETIRED","BS24",3
16.426,2557,1,,0,0,42,"United Kingdom","08/06/2009",6,0,0,0,3,53.5568,-2.46585,3,"home","HOMEMAKER","BL3",4
0.352492,2558,1,,0,0,75,"United Kingdom","08/06/2009",2,0,0,0,1,51.4876,-2.56909,10,"retired","RETIRED","BS7",5
16.522,2559,1,,0,0,47,"United Kingdom","08/06/2009",6,0,0,1,2,55.8858,-3.46422,6,"office","COMPUTER PROGRAMMER","EH53",6
26.9667,2560,1,,0,0,38,"United Kingdom","08/06/2009",5,0,0,1,4,51.4821,-1.0792,2,"health","DOCTOR","RG8",28
19.1138,2561,1,,0,0,67,"United Kingdom","08/06/2009",5,0,0,0,2,51.7719,-3.24709,10,"retired","RETIRED","NP22",12
21.5812,2562,1,,0,0,49,"United Kingdom","08/06/2009",2,0,0,0,3,51.7057,-1.10477,2,"health","PSYCHOTHERAPIST","OX49",13
36.902,2563,1,,0,0,48,"United Kingdom","08/06/2009",2,0,0,1,3,52.3651,-0.257456,6,"office","ADMINISTRATOR","PE28",33
31.3096,2564,1,,0,0,26,"United Kingdom","08/06/2009",1,0,0,0,2,52.605,-1.0883,2,"health","A&E DOCTOR","LE2",28
2.81776,2565,1,,0,0,55,"United Kingdom","08/06/2009",0,0,0,0,1,53.3094,-2.36079,6,"office","ACCOUNTS CLERK","WA16",10
2.18319,2566,1,,0,0,54,"United Kingdom","08/06/2009",1,0,0,0,3,53.8569,-1.59462,14,"teaching","TEACHER","LS16",11
12.8297,2567,1,,0,0,62,"United Kingdom","08/06/2009",5,0,0,0,1,51.4937,-2.64863,10,"retired","RETIRED","BS9",10
27.279,2568,1,,1,0,55,"United Kingdom","08/06/2009",6,0,0,1,1,54.3922,-3.47819,17,"unknown","PROCESS ENGINEER","CA20",38
39.5419,2569,1,,0,0,50,"United Kingdom","08/06/2009",1,0,0,0,2,53.795,-1.47563,6,"office","OPERATIONS MANAGER","LS15",35
5.08151,2570,1,,0,0,42,"United Kingdom","08/06/2009",0,0,0,1,3,54.2939,-1.51695,5,"mechanic","TELECOMS ENGINEER","DL7",9
11.1678,2571,1,,1,0,50,"United Kingdom","08/06/2009",6,0,0,0,3,57.1927,-2.11376,2,"health","NURSE","AB22",5
0.416343,2572,1,,0,0,79,"United Kingdom","08/06/2009",1,0,0,1,1,55.3781,-3.43597,10,"retired","RETIRED","-",6
39.0364,2573,1,,0,0,43,"United Kingdom","08/06/2009",3,0,0,0,2,51.7494,0.753912,6,"office","DIRECTOR","CM9",92
12.7812,2574,1,,0,0,34,"United Kingdom","08/06/2009",5,0,0,1,2,50.5941,-2.47503,17,"unknown","SELF-EMPLOYED CONSULTANT","DT4",8
39.1247,2575,1,,1,0,44,"United Kingdom","08/06/2009",4,0,0,0,3,50.7944,-1.12153,14,"teaching","SPECIAL NEEDS ASSISTANT","PO12",17
10.1814,2576,1,,0,0,70,"United Kingdom","08/06/2009",0,0,0,0,2,53.3236,-3.79228,10,"retired","RETIRED","LL30",5
19.2491,2577,1,,0,0,37,"United Kingdom","08/06/2009",5,0,0,1,3,51.6323,-3.95789,2,"health","CARE WORKER","SA1",10
32.6585,2578,1,,0,0,54,"United Kingdom","08/06/2009",4,0,0,0,2,51.8666,0.149654,8,"public","LIBRARIAN","CM23",13
37.783,2579,1,,0,0,39,"United Kingdom","08/06/2009",4,0,0,0,4,51.2455,-0.767468,6,"office","CHARITY DESK CASEWORKER","GU11",34
8.76641,2580,1,,0,0,68,"United Kingdom","08/06/2009",2,0,0,0,1,52.696,-2.4987,10,"retired","RETIRED","TF1",20
34.9322,2581,1,,0,0,50,"United Kingdom","08/06/2009",6,0,0,0,2,54.6603,-3.36717,2,"health","CHILDREN'S NURSE","CA13",32
26.6306,2582,1,,0,0,47,"United Kingdom","08/06/2009",3,0,0,0,4,51.7062,0.118964,6,"office","OFFICE/ADMIN","CM16",19
37.6798,2583,1,,0,0,42,"United Kingdom","08/06/2009",1,0,0,0,4,53.5714,-0.06857,2,"health","SPECIALIST NURSE","DN32",32
32.003,2584,1,,0,0,69,"United Kingdom","08/06/2009",3,0,0,1,2,51.3189,0.893187,1,"entertain","MUSICIAN","ME13",58
14.1132,2585,1,,0,0,63,"United Kingdom","08/06/2009",5,0,0,1,2,51.5511,-1.89559,17,"unknown","CONSULTANT","SN4",18
19.9025,2586,1,,0,0,37,"United Kingdom","08/06/2009",4,0,0,0,3,51.0591,-0.337971,2,"health","BOWEN THERAPIST","RH12",10
36.6941,2587,1,,0,0,56,"United Kingdom","08/06/2009",4,0,0,1,4,51.4107,-0.673794,17,"unknown","-","SL5",14
12.7643,2588,1,,0,0,50,"United Kingdom","08/06/2009",5,0,0,0,2,51.1187,-3.00878,12,"service","RETAIL MANAGER","TA6",9
29.3917,2589,1,,0,0,18,"United Kingdom","08/06/2009",4,0,0,0,3,51.5061,-0.557211,12,"service","BANK CLERK","SL3",115
4.67186,2590,1,,0,0,58,"United Kingdom","08/06/2009",5,0,0,1,5,51.9082,-2.11094,6,"office","SOFTWARE TESTER","GL51",4
14.6104,2591,1,,0,0,68,"United Kingdom","08/06/2009",2,0,0,0,2,52.6253,-0.507758,10,"retired","RETIRED","PE9",17
5.98569,2592,1,,0,0,57,"United Kingdom","08/06/2009",4,0,0,0,1,51.4705,-0.609361,6,"office","INFORMATION ASSISTANT","SL4",5
36.0948,2593,1,,0,0,56,"United Kingdom","08/06/2009",4,0,0,1,2,51.4072,-0.027835,12,"service","GARDENER","BR3",16
33.2651,2594,1,,0,0,41,"United Kingdom","08/06/2009",0,0,0,0,4,53.1202,-3.03239,2,"health","PARAMEDIC","LL12",53
18.9695,2595,1,,0,0,18,"United Kingdom","08/06/2009",1,0,0,0,14,52.3913,-1.56214,13,"student","STUDENT","CV4",13
10.6491,2596,1,,0,0,62,"United Kingdom","08/06/2009",2,0,0,0,2,52.4779,-2.00145,14,"teaching","PART TIME PIANO TEACHER","B68",27
42.9086,2597,1,,0,0,38,"United Kingdom","08/06/2009",2,0,0,0,4,55.3781,-3.43597,12,"service","GARDEN CENTRE MANAGER","-",105
20.2101,2598,1,,0,0,31,"United Kingdom","08/06/2009",2,0,0,0,4,52.5954,-1.84441,3,"home","HOUSEWIFE","B74",43
13.7505,2599,1,,0,0,36,"United Kingdom","08/06/2009",3,0,0,0,2,51.4474,-0.070888,6,"office","ACCOUNTS MANAGER","SE22",6
38.2772,2600,1,,0,0,-1,"United Kingdom","08/06/2009",1,0,0,-1,4,52.3503,-0.541274,17,"unknown","-","NN9",17
9.77462,2601,1,,0,0,66,"United Kingdom","08/06/2009",1,0,0,0,2,52.2579,-0.846742,10,"retired","RETIRED","NN3",5
36.9036,2602,1,,0,0,31,"United Kingdom","08/06/2009",2,0,0,1,2,55.3781,-3.43597,6,"office","OFFICE WORKER","-",34
1.84978,2603,1,,0,0,76,"United Kingdom","08/06/2009",1,0,0,0,7,52.5292,-1.45422,3,"home","HOUSEWIFE","CV",4
26.7218,2604,1,,0,0,37,"United Kingdom","08/06/2009",1,0,0,1,4,52.2978,-1.63439,6,"office","PROJECT MANAGER","CV35",19
37.3502,2605,1,,0,0,72,"United Kingdom","08/06/2009",4,0,0,0,1,50.9078,-1.30086,10,"retired","HOUSEWIFE RETIRED","SO30",16
37.1334,2606,1,,0,0,55,"United Kingdom","08/06/2009",4,0,0,0,3,51.0631,-1.31681,14,"teaching","SCHOOL ESCORT","SO23",31
34.179,2607,1,,0,0,33,"United Kingdom","08/06/2009",4,0,0,0,2,51.1728,-1.77258,8,"public","H M FORCES","SP4",13
15.8152,2608,1,,1,0,53,"United Kingdom","08/06/2009",3,0,0,0,3,51.6307,-0.104925,3,"home","AT HOME","N21",5
14.6288,2609,1,,0,0,60,"United Kingdom","08/06/2009",3,0,0,0,2,51.5732,-0.13581,10,"retired","RETIRED","N6",8
34.8824,2610,1,,0,0,31,"United Kingdom","08/06/2009",4,0,0,1,1,51.5136,-0.12263,6,"office","FUND MANAGER","WC2E",9
7.90444,2611,1,,0,0,-1,"United Kingdom","08/06/2009",4,0,0,-1,-1,55.3781,-3.43597,17,"unknown","-","-",6
14.1541,2612,1,,0,0,41,"United Kingdom","08/06/2009",4,0,0,1,3,51.5229,-0.253686,12,"service","CUSTOMER ADVISER","NW10",11
5.72631,2613,1,,0,0,28,"United Kingdom","08/06/2009",4,0,0,1,1,51.5041,-0.324767,6,"office","MANAGEMENT","W13",4
36.2418,2614,1,,0,0,54,"United Kingdom","08/06/2009",1,0,0,1,3,53.3937,-1.41502,8,"public","LOCAL GOVT CIVIL ENGINEER","S9",27
39.477,2615,1,,0,0,39,"United Kingdom","08/06/2009",0,0,0,0,4,54.9426,-1.58812,6,"office","SECRETARY","NE9",78
31.5932,2616,1,,0,0,69,"United Kingdom","08/06/2009",0,0,0,1,2,53.2246,-4.16344,10,"retired","RETIRED","LL59",8
26.5664,2617,1,,0,0,36,"United Kingdom","08/06/2009",0,0,0,0,4,53.1971,-2.43899,6,"office","MARKETING MANAGER","CW10",16
31.381,2618,1,,0,0,59,"United Kingdom","08/06/2009",4,0,0,0,2,50.8456,-1.19533,2,"health","REHABILITATION OFFICER FOR THE VISUALLY IMPAIRED","PO14",34
13.8369,2619,1,,0,0,82,"United Kingdom","08/06/2009",2,0,0,0,1,52.3923,-1.81164,10,"retired","RETIRED","B90",5
32.3742,2620,1,,0,0,59,"United Kingdom","08/06/2009",4,0,0,0,2,50.9683,-1.35059,8,"public","SOCIAL WORKER","SO50",36
18.0817,2621,1,,0,0,75,"United Kingdom","08/06/2009",0,0,0,1,3,54.0958,-4.62927,10,"retired","RETIRED MODELLER IN PORCELAIN","IM9",7
22.3553,2622,1,,0,0,56,"United Kingdom","08/06/2009",0,0,0,1,3,52.9736,-1.07352,6,"office","CIVIL SERVANT","NG4",10
8.24607,2623,1,,0,0,88,"United Kingdom","08/06/2009",6,0,0,1,2,57.0588,-2.52552,10,"retired","RETIRED CHARTERED ENGINEER","AB31",13
20.9889,2624,1,,0,0,53,"United Kingdom","08/06/2009",6,0,0,1,3,55.9208,-3.53346,17,"unknown","HYDROLOGIST","EH52",40
8.35758,2625,1,,0,0,31,"United Kingdom","08/06/2009",6,0,0,1,1,57.2381,-2.26282,5,"mechanic","ELECTRICIAN","AB21",45
22.4319,2626,1,,0,0,31,"United Kingdom","08/06/2009",5,0,0,0,2,51.4734,-2.50967,6,"office","AUDITOR","BS16",7
32.9223,2627,1,,0,0,39,"United Kingdom","08/06/2009",0,0,0,0,4,51.6562,-0.095683,13,"student","STUDENT","EN2",61
43.0261,2628,1,,0,0,39,"United Kingdom","08/06/2009",1,0,0,0,4,52.5759,-1.54196,14,"teaching","TEACHER","CV9",74
6.9553,2629,1,,0,0,40,"United Kingdom","08/06/2009",2,0,0,1,2,52.5327,-1.92308,5,"mechanic","ENGINEER","B42",8
12.6779,2630,1,,0,0,64,"United Kingdom","08/06/2009",1,0,0,0,1,52.2471,-0.876923,12,"service","COUNSELLOR","NN1",11
16.7607,2631,1,,0,0,55,"United Kingdom","08/06/2009",4,0,0,0,1,51.556,-0.149206,2,"health","NURSE MANAGER","NW5",15
27.0102,2632,1,,0,0,50,"United Kingdom","08/06/2009",3,0,0,0,4,51.6836,-0.317209,3,"home","HOUSEWIFE","WD7",32
26.2064,2633,1,,0,0,38,"United Kingdom","08/06/2009",1,0,0,0,6,53.7812,-1.80074,12,"service","CHILD MINDER","BD7",13
26.4432,2634,1,,0,0,64,"United Kingdom","08/06/2009",2,0,0,1,2,51.9853,1.15926,10,"retired","RETIRED BOATBUILDER","IP9",17
21.4752,2635,1,,0,0,52,"United Kingdom","08/06/2009",1,0,0,1,4,52.5884,-1.14981,14,"teaching","TEACHER","LE2",25
36.5036,2636,1,,0,0,50,"United Kingdom","08/06/2009",1,0,0,0,1,53.6932,-1.4776,8,"public","ENVIRONMENTAL HEALTH OFFICER","WF1",15
4.51963,2637,1,,0,0,85,"United Kingdom","08/06/2009",2,0,0,1,2,52.0472,1.12992,10,"retired","RETIRED","IP2",2
12.6159,2638,1,,0,0,23,"United Kingdom","08/06/2009",1,0,0,1,3,52.9109,-1.52362,8,"public","PUBLIC SECTOR WORKER","DE3",12
33.7919,2639,1,,0,0,26,"United Kingdom","08/06/2009",2,0,0,0,2,52.3837,-2.30511,13,"student","STUDENT","DY12",61
20.8433,2640,1,,0,0,48,"United Kingdom","08/06/2009",6,0,0,0,3,55.8088,-4.19594,14,"teaching","TEACHER","G73",8
18.4311,2641,1,,0,0,53,"United Kingdom","08/06/2009",3,0,0,0,1,51.7382,0.458065,8,"public","LOCAL GOVERNMENT OFFICER","CM1",35
18.0253,2642,1,,0,0,31,"United Kingdom","08/06/2009",6,0,0,0,3,55.4575,-4.23819,14,"teaching","TEACHER","KA18",10
45.0435,2643,1,,0,0,24,"United Kingdom","08/06/2009",1,0,0,0,5,53.3012,-1.36927,3,"home","HOUSEWIFE/MOTHER","S21",39
44.1834,2644,1,,0,0,39,"United Kingdom","08/06/2009",0,0,0,0,1,53.4644,-2.16204,8,"public","DEVELOPMENT WORKER FOR PEOPLE WITH LEARNING DIFFICULTIES","M18",36
38.7357,2645,1,,0,0,3,"United Kingdom","08/06/2009",1,0,0,0,4,53.4733,-1.05778,14,"teaching","TEACHER","DN11",17
36.5249,2646,1,,0,0,44,"United Kingdom","08/06/2009",0,0,0,0,3,53.4283,-2.95173,8,"public","LIBRARIAN","L4",11
31.4021,2647,1,,0,0,29,"United Kingdom","08/06/2009",6,0,0,0,1,53.543,-2.38079,12,"service","PURCHASER","BL4",18
31.3197,2648,1,,0,0,59,"United Kingdom","08/06/2009",5,0,0,1,1,51.4683,-2.61042,10,"retired","RETIRED PRIMARY TEACHER","BS6",11
32.8373,2649,1,,0,0,8,"United Kingdom","08/06/2009",5,0,0,0,8,50.3439,-4.77082,11,"schoolchild","SCHOOL CHILD","PL25",8
6.26864,2650,1,,0,0,77,"United Kingdom","08/06/2009",5,0,0,1,1,51.4099,-1.34756,2,"health","PHYSICIAN","RG14",2
3.48562,2651,1,,0,0,61,"United Kingdom","08/06/2009",2,0,0,1,1,52.6877,-2.77011,3,"home","HOME WORKER","SY3",1
7.48872,2652,1,,0,0,65,"United Kingdom","08/06/2009",4,0,0,1,2,51.5703,-0.287348,10,"retired","RETIRED","HA9",1
4.14499,2653,1,,0,0,71,"United Kingdom","08/06/2009",4,0,0,0,2,50.839,-0.148134,3,"home","HOUSEWIFE","BN16",26
22.0878,2654,1,,0,0,71,"United Kingdom","08/06/2009",3,0,0,0,1,51.232,0.500266,17,"unknown","-","ME",6
8.72631,2655,1,,0,0,59,"United Kingdom","08/06/2009",0,0,0,1,2,53.2812,-3.69511,5,"mechanic","ENGINEERING","LL",2
8.94964,2656,1,,0,0,71,"United Kingdom","08/06/2009",4,0,0,0,1,51.399,-0.133631,10,"retired","RETIRED SOCIAL SERVICES","CR4",14
34.0273,2657,1,,0,0,70,"United Kingdom","08/06/2009",2,0,0,0,1,52.6193,1.72979,10,"retired","RETIRED","NR30",46
37.5533,2658,1,,0,0,43,"United Kingdom","08/06/2009",2,0,0,0,4,52.4811,-2.06519,3,"home","HOUSEWIFE","B64",60
43.2059,2659,1,,1,0,77,"United Kingdom","08/06/2009",6,0,0,1,1,53.5804,-2.47436,10,"retired","RETIRED","BL1",30
2.11083,2660,1,,0,0,82,"United Kingdom","08/06/2009",2,0,0,1,1,52.471,-1.79024,6,"office","TELECOMMUNICATIONS","B2",1
37.0444,2661,1,,0,0,59,"United Kingdom","08/06/2009",0,0,0,1,1,53.3946,-3.07619,17,"unknown","-","CH43",105
16.2303,2662,1,,0,0,62,"United Kingdom","08/06/2009",0,0,0,0,2,53.0464,-4.33796,10,"retired","RETIRED","LL54",11
21.6936,2663,1,,0,0,65,"United Kingdom","08/06/2009",0,0,0,1,2,53.3402,-2.67569,10,"retired","RETIRED","WA7",8
2.11656,2664,1,,0,0,52,"United Kingdom","08/06/2009",6,0,0,1,1,55.8708,-4.01945,16,"unemployed","UNEMPLOYED","ML5",1
8.80467,2665,1,,0,0,78,"United Kingdom","08/06/2009",0,0,0,1,1,53.4459,-1.98871,10,"retired","RETIRED","SK13",37
12.2854,2666,1,,0,0,50,"United Kingdom","08/06/2009",2,0,0,0,4,52.7695,-1.5363,17,"unknown","-","DE",40
5.2947,2667,1,,0,0,85,"United Kingdom","08/06/2009",3,0,0,0,1,51.4622,-0.262724,10,"retired","RETIRED","SW14",10
19.1861,2668,1,,0,0,27,"United Kingdom","08/06/2009",4,0,0,0,2,51.4741,-3.26449,8,"public","SOCIAL WORKER","CF5",20
9.00323,2669,1,,0,0,88,"United Kingdom","08/06/2009",1,0,0,0,1,53.5356,-1.15342,10,"retired","PENSIONER","DN5",1
8.83735,2670,1,,0,0,69,"United Kingdom","08/06/2009",3,0,0,0,1,51.8027,-0.336329,10,"retired","RETIRED","AL5",8
8.42206,2671,1,,1,0,53,"United Kingdom","08/06/2009",2,0,0,1,2,52.0393,-0.695124,6,"office","CIVIL SERVANT","MK",1
42.4991,2672,1,,0,0,-1,"United Kingdom","08/06/2009",3,0,0,0,2,50.9721,0.253072,10,"retired","RETIRED","TN21",15
4.61594,2673,1,,0,0,40,"United Kingdom","08/06/2009",4,0,0,1,1,51.5655,-0.245981,16,"unemployed","UNEMPLOYED","NW2",4
0.0189562,2674,1,,0,0,48,"United Kingdom","08/06/2009",0,0,0,1,3,53.4867,-2.25576,8,"public","SECURITY GUARD","M3",2
6.67844,2675,1,,1,0,42,"United Kingdom","08/06/2009",0,0,0,0,3,53.3219,-1.99756,17,"unknown","-","SK23",5
36.4968,2676,1,,1,0,33,"United Kingdom","08/06/2009",0,0,0,1,2,55.3781,-3.43597,12,"service","FRUIT & VEG","-",65
44.0981,2677,1,,0,0,47,"United Kingdom","08/06/2009",1,0,0,1,2,53.3243,-0.941488,3,"home","HOUSE HUSBAND","DN22",510
18.2017,2678,1,,0,0,29,"United Kingdom","08/06/2009",2,0,0,0,1,52.5792,-0.287715,8,"public","AUXILIARY PRISON OFFICER","PE3",82
36.2211,2679,1,,0,0,57,"United Kingdom","08/06/2009",4,0,0,0,2,50.924,-0.140269,14,"teaching","TEACHER","BN6",127
5.00704,2680,1,,1,0,62,"United Kingdom","08/06/2009",5,0,0,0,1,50.2783,-4.99812,13,"student","STUDENT/CARER","TR2",7
38.9264,2681,1,,1,0,40,"United Kingdom","08/06/2009",3,0,0,0,2,50.95,0.899071,14,"teaching","TEACHER","TN29",43
7.53392,2682,1,,0,0,36,"United Kingdom","08/06/2009",5,0,0,0,1,51.3374,-2.97327,12,"service","SALES CONSULTANT","BS23",6
1.85411,2683,1,,0,0,65,"United Kingdom","08/06/2009",0,0,0,1,2,53.2888,-3.70514,10,"retired","RETIRED","LL29",1
45.1677,2684,1,,0,0,71,"United Kingdom","08/06/2009",2,0,0,0,2,53.0016,-2.14688,10,"retired","RETIRED","ST4",20
4.43846,2685,1,,0,0,49,"United Kingdom","08/06/2009",0,0,0,1,1,54.9825,-1.666,16,"unemployed","UNEMPLOYED","NE4",1
21.0058,2686,1,,0,0,62,"United Kingdom","08/06/2009",1,0,0,0,3,52.5244,-1.49273,3,"home","HOUSEWIFE","CV10",8
34.7824,2687,1,,1,0,46,"United Kingdom","08/06/2009",6,0,0,0,2,53.7204,-2.47195,2,"health","CARER","BB3",10
6.67377,2688,1,,0,0,60,"United Kingdom","08/06/2009",2,0,0,1,2,52.4036,-2.17778,14,"teaching","TEACHER","DY10",10
35.6984,2689,1,,0,0,37,"United Kingdom","08/06/2009",2,0,0,0,4,NaN,NaN,6,"office","MANAGER","-",112
26.218,2690,1,,0,0,87,"United Kingdom","08/06/2009",1,0,0,0,1,52.925,-4.38483,10,"retired","RETIRED HOUSEWIFE","LL53",66
30.2134,2691,1,,0,0,56,"United Kingdom","08/06/2009",2,0,0,0,2,52.133,1.41966,6,"office","OFFICE ASSISTANT","IP12",7
31.5812,2692,1,,0,0,58,"United Kingdom","08/06/2009",6,0,0,0,2,56.3284,-2.82612,2,"health","GP","KY16",35
8.35976,2693,1,,0,0,45,"United Kingdom","08/06/2009",2,0,0,0,1,52.2757,0.7626,9,"research","LECTURER","IP31",11
13.1736,2694,1,,0,0,63,"United Kingdom","08/06/2009",1,0,0,0,1,53.8127,-1.53353,10,"retired","RETIRED LOOKING AFTER GRANDCHILDREN","LS7",18
10.2377,2695,1,,0,0,64,"United Kingdom","08/06/2009",2,0,0,0,2,52.6869,0.938242,10,"retired","RETIRED","NR19",3
32.5554,2696,1,,1,0,89,"United Kingdom","08/06/2009",6,0,0,1,2,57.7025,-3.48923,10,"retired","RETIRED DOCTOR","IV30",55
3.57266,2697,1,,0,0,72,"United Kingdom","08/06/2009",4,0,0,0,1,51.6059,-0.386169,10,"retired","RETIRED NURSE TUTOR","HA5",10
12.5358,2698,1,,0,0,62,"United Kingdom","08/06/2009",2,0,0,0,1,52.3989,-1.79141,2,"health","PRACTICE NURSE","B91",26
28.0967,2699,1,,0,0,61,"United Kingdom","08/06/2009",2,0,0,0,2,52.4903,-0.115895,6,"office","ADMINISTRATOR","PE26",15
4.18432,2700,1,,1,0,58,"United Kingdom","08/06/2009",2,0,0,0,3,52.0778,0.424367,12,"service","BANK CLERK","CB9",37
1.33176,2701,1,,0,0,64,"United Kingdom","08/06/2009",6,0,0,0,2,55.5413,-4.67123,10,"retired","RETIRED","KA10",1
31.7045,2702,1,,1,0,60,"United Kingdom","08/06/2009",4,0,0,0,1,50.5314,-2.45031,8,"public","DAY SERVICES OFFICER","DT5",58
36.0467,2703,1,,0,0,60,"United Kingdom","08/06/2009",4,0,0,0,1,51.5832,-0.192469,12,"service","COUNCILLOR","NW11",61
20.7474,2704,1,,1,0,70,"United Kingdom","08/06/2009",0,0,0,0,2,53.3304,-4.37636,3,"home","FARMER'S WIFE","LL71",10
41.7447,2705,1,,1,0,43,"United Kingdom","08/06/2009",3,0,0,0,2,51.5681,-0.055695,2,"health","NURSE","E5",72
6.28626,2706,1,,0,0,71,"United Kingdom","08/06/2009",4,0,0,0,1,51.5501,-0.15148,10,"retired","RETIRED","NW5",8
0.652264,2707,1,,0,0,86,"United Kingdom","08/06/2009",1,0,0,0,1,53.6405,-1.83548,10,"retired","RETIRED","HD3",3
0.181901,2708,1,,0,0,75,"United Kingdom","08/06/2009",6,0,0,0,1,55.5898,-4.49161,3,"home","IN HOUSE","KA1",1
46.1537,2709,1,,0,0,86,"United Kingdom","08/06/2009",2,0,0,0,1,53.1481,0.320435,10,"retired","RETIRED TEACHER","PE25",223
6.34777,2710,1,,1,0,82,"United Kingdom","08/06/2009",3,0,0,1,1,51.8455,1.25279,10,"retired","RETIRED","CO14",3
23.3103,2711,1,,0,0,62,"United Kingdom","08/06/2009",0,0,0,0,1,53.3146,-3.81404,10,"retired","RETIRED","LL30",30
22.705,2712,1,,0,0,62,"United Kingdom","08/06/2009",0,0,0,0,1,53.1286,-2.35628,6,"office","ADMINISTRATOR","CW11",16
18.1688,2713,1,,0,0,57,"United Kingdom","08/06/2009",2,0,0,0,2,51.2242,1.20595,8,"public","LOCAL GOVERNMENT","CT3",15
13.7657,2714,1,,0,0,52,"United Kingdom","08/06/2009",2,0,0,1,3,51.1855,-0.526354,6,"office","IT CONSULTANT","GU5",10
3.45732,2715,1,,0,0,68,"United Kingdom","08/06/2009",3,0,0,1,2,51.8901,1.07563,10,"retired","RETIRED","CO7",10
8.42377,2716,1,,0,0,54,"United Kingdom","08/06/2009",5,0,0,0,2,51.8126,-3.01202,17,"unknown","CHRONICALLY ILL","NP7",1
0.134979,2717,1,,0,0,71,"United Kingdom","08/06/2009",4,0,0,1,1,50.8341,-0.060301,10,"retired","RETIRED","BN2",1
18.8842,2718,1,,1,0,23,"United Kingdom","08/06/2009",0,0,0,1,1,54.5902,-1.02464,10,"retired","RETIRED FARMER","TS",16
28.5026,2719,1,,0,0,73,"United Kingdom","08/06/2009",3,0,0,1,2,51.1022,1.21599,10,"retired","RETIRED","CT18",43
25.6392,2720,1,,0,0,60,"United Kingdom","08/06/2009",2,0,0,0,1,52.2852,-1.53257,8,"public","PREACHER","CV31",54
38.9935,2721,1,,0,0,63,"United Kingdom","08/06/2009",3,0,0,0,2,51.5694,0.439556,8,"public","RELIGIOUS SISTER","SS15",18
41.3947,2722,1,,0,0,38,"United Kingdom","08/06/2009",2,0,0,0,4,52.5215,-0.248966,2,"health","NURSERY NURSE","PE7",116
20.7644,2723,1,,0,0,72,"United Kingdom","08/06/2009",6,0,0,0,1,57.1282,-2.12879,10,"retired","RETIRED","AB10",5
18.9726,2724,1,,0,0,66,"United Kingdom","08/06/2009",6,0,0,0,2,55.9109,-4.40365,10,"retired","PENSIONER / HOUSEWIFE","G81",18
40.5122,2725,1,,0,0,69,"United Kingdom","08/06/2009",6,0,0,0,1,53.841,-2.19594,10,"retired","RETIRED","BB99",60
0.397329,2726,1,,0,0,50,"United Kingdom","08/06/2009",3,0,0,1,1,51.5721,-0.00076,1,"entertain","FILM ACTOR","E11",1
17.4654,2727,1,,1,0,88,"United Kingdom","08/06/2009",5,0,0,1,2,50.8887,-3.37085,10,"retired","RETIRED","EX19",43
0.43109,2728,1,,1,0,65,"United Kingdom","08/06/2009",0,0,0,1,2,53.3589,-2.1565,10,"retired","RETIRED","SK7",4
37.1249,2729,1,,0,0,74,"United Kingdom","08/06/2009",6,0,0,1,2,55.7921,-4.10636,10,"retired","RETIRED","G72",45
9.73594,2730,1,,1,0,20,"United Kingdom","08/06/2009",2,0,0,0,3,52.4598,0.047625,12,"service","SALES ASSISTANT/MOTHER","PE16",17
26.0955,2731,1,,0,0,63,"United Kingdom","08/06/2009",0,0,0,0,2,53.3339,-2.23053,10,"retired","RETIRED","SK9",59
1.90487,2732,1,,1,0,84,"United Kingdom","08/06/2009",4,0,0,0,1,51.436,-0.179724,10,"retired","RETIRED","SW17",3
1.6145,2733,1,,0,0,25,"United Kingdom","08/06/2009",3,0,0,-1,1,51.536,-0.053199,14,"teaching","SCHOOL","E9",1
4.85956,2734,1,,1,0,76,"United Kingdom","08/06/2009",6,0,0,0,2,55.9524,-4.9217,3,"home","HOUSEWIFE","PA23",4
29.163,2735,1,,1,0,75,"United Kingdom","08/06/2009",5,0,0,0,2,51.9065,-2.05242,10,"retired","RETIRED NURSE","GL52",74
36.5418,2736,1,,0,0,31,"United Kingdom","08/06/2009",5,0,0,0,4,52.0746,-2.74089,3,"home","HOUSEWIFE","HR4",20
0.206381,2737,1,,0,0,55,"United Kingdom","08/06/2009",0,0,0,1,1,54.8206,-1.62386,16,"unemployed","UNEMPLOYED","DH7",1
4.98272,2738,1,,0,0,66,"United Kingdom","08/06/2009",6,0,0,1,2,58.2293,-6.38939,6,"office","RECEPTIONIST","HS2",1
16.4186,2739,1,,0,0,44,"United Kingdom","08/06/2009",3,0,0,0,4,NaN,NaN,3,"home","HOUSEWIFE","-",76
11.3881,2740,1,,1,0,72,"United Kingdom","08/06/2009",1,0,0,0,1,53.4615,-1.43439,10,"retired","RETIRED","S61",2
13.2161,2741,1,,1,0,34,"United Kingdom","08/06/2009",0,0,0,0,3,54.4479,-1.15664,14,"teaching","TEACHER","TS9",4
5.43355,2742,1,,1,0,79,"United Kingdom","08/06/2009",1,0,0,1,2,NaN,NaN,10,"retired","RETIRED","-",8
8.3754,2743,1,,1,0,45,"United Kingdom","08/06/2009",0,0,0,0,3,53.4208,-2.53442,6,"office","MANAGER","WA3",3
11.0814,2744,1,,0,0,63,"United Kingdom","08/06/2009",3,0,0,1,2,51.5721,-0.00076,14,"teaching","HEADMASTER","E11",20
18.1235,2745,1,,0,0,79,"United Kingdom","08/06/2009",4,0,0,0,5,NaN,NaN,2,"health","AUXILIARY NURSE","-",24
0.207824,2746,1,,0,0,63,"United Kingdom","08/06/2009",2,0,0,1,1,52.5187,-1.85375,17,"unknown","-","B23",4
2.24568,2747,1,,1,0,74,"United Kingdom","08/06/2009",2,0,0,0,1,51.9404,-1.54591,10,"retired","RETIRED HOSPITAL ADMIN","OX7",18
40.3414,2748,1,,0,0,61,"United Kingdom","08/06/2009",1,0,0,0,3,52.8365,-1.54966,2,"health","CARE ASSISTANT","DE65",46
35.4204,2749,1,,0,0,79,"United Kingdom","08/06/2009",4,0,0,0,2,50.8077,0.272047,10,"retired","HOUSEWIFE - RETIRED","BN22",19
5.47322,2750,1,,0,0,83,"United Kingdom","08/06/2009",5,0,0,0,1,51.8638,-2.24962,10,"retired","RETIRED","GL1",2
2.54976,2751,1,,0,0,57,"United Kingdom","08/06/2009",0,0,0,0,1,52.4815,-1.9588,10,"retired","RETIRED","B17",9
25.1609,2752,1,,0,0,66,"United Kingdom","08/06/2009",6,0,0,1,4,54.2084,-3.26591,3,"home","CARING FOR DISABLED WIFE","LA18",46
3.28039,2753,1,,0,0,40,"United Kingdom","08/06/2009",1,0,0,0,4,53.1525,-0.212844,3,"home","HOUSEWIFE","LN10",17
0.0164664,2754,1,,0,0,96,"United Kingdom","08/06/2009",5,0,0,0,1,NaN,NaN,10,"retired","RETIRED","-",1
10.5173,2755,1,,0,0,64,"United Kingdom","08/06/2009",1,0,0,0,2,52.7557,-1.23245,10,"retired","RETIRED","LE11",10
0.222751,2756,1,,0,0,30,"United Kingdom","08/06/2009",3,0,0,0,4,51.5077,-0.09607,13,"student","STUDENTE","SE1",5
16.0505,2757,1,,0,0,63,"United Kingdom","08/06/2009",4,0,0,1,2,50.8816,-1.87848,12,"service","RESIDENTIAL HOME BURSAR","BH31",34
8.1079,2758,1,,0,0,69,"United Kingdom","08/06/2009",3,0,0,0,2,51.4315,0.095668,10,"retired","RETIRED","DA15",14
7.85469,2759,1,,0,0,46,"United Kingdom","08/06/2009",4,0,0,1,2,50.7961,0.276418,16,"unemployed","UNEMPLOYED","BN22",5
8.70327,2760,1,,0,0,61,"United Kingdom","08/06/2009",3,0,0,0,3,51.4377,0.134105,2,"health","CARER","DA5",10
16.932,2761,1,,0,0,65,"United Kingdom","08/06/2009",6,0,0,0,1,50.6402,-4.36801,10,"retired","RETIRED NURSE","PL15",9
7.93777,2762,1,,0,0,69,"United Kingdom","08/06/2009",5,0,0,0,2,51.6396,-2.1618,10,"retired","RETIRED","GL8",9
0.00399941,2763,1,,0,0,82,"United Kingdom","08/06/2009",0,0,0,0,2,52.9091,-1.04748,10,"retired","RETIRED HOUSEWIFE","NG12",1
45.1052,2764,1,,0,0,60,"United Kingdom","08/06/2009",5,0,0,0,1,50.3642,-4.1615,2,"health","HOSPITAL CARE MANAGER","PL1",84
9.07293,2765,1,,0,0,75,"United Kingdom","08/06/2009",4,0,0,0,1,51.471,-0.640815,10,"retired","RETIRED JOURNALIST","SL4",6
24.5297,2766,1,,0,0,63,"United Kingdom","08/06/2009",3,0,0,1,2,51.7847,0.153935,10,"retired","RETIRED","CM17",18
2.57164,2767,1,,0,0,39,"United Kingdom","08/06/2009",6,0,0,1,2,NaN,NaN,2,"health","DOCTOR","-",1
0.954285,2768,1,,0,0,-1,"United Kingdom","08/06/2009",2,0,0,-1,2,52.6569,-2.01631,17,"unknown","-","WS",14
17.4138,2769,1,,0,0,-1,"United Kingdom","08/06/2009",3,0,0,-1,-1,NaN,NaN,17,"unknown","-","-",4
27.6631,2770,1,,0,0,-1,"United Kingdom","08/06/2009",0,0,0,1,1,53.3967,-2.96632,4,"labour","FACTORY WORKER","L8",31
4.33866,2771,1,,0,0,47,"United Kingdom","08/06/2009",0,0,0,0,4,54.3788,-2.07927,17,"unknown","-","DL11",10
0.571961,2772,1,,0,0,67,"United Kingdom","08/06/2009",5,0,0,1,1,51.4499,-2.48833,10,"retired","RETIRED","BS30",1
39.3505,2773,1,,0,0,57,"United Kingdom","08/06/2009",2,0,0,0,2,52.2181,-0.07001,10,"retired","RETIRED","CB23",32
36.7234,2774,1,,0,0,82,"United Kingdom","08/06/2009",0,0,0,1,1,NaN,NaN,10,"retired","RETIRED","-",31
39.5095,2775,1,,0,0,69,"United Kingdom","08/06/2009",3,0,0,0,3,51.3707,0.518849,10,"retired","RETIRED","ME4",30
10.2045,2776,1,,0,0,82,"United Kingdom","08/06/2009",6,0,0,0,1,55.9617,-3.30099,10,"retired","RETIRED","EH4",84
18.4915,2777,1,,0,0,32,"United Kingdom","08/06/2009",3,0,0,1,2,51.5029,-0.103999,6,"office","FINANCE","SE1",36
10.9181,2778,1,,0,0,82,"United Kingdom","08/06/2009",5,0,0,0,2,51.0176,-3.83182,10,"retired","RETIRED","EX36",16
31.2038,2779,1,,0,0,36,"United Kingdom","08/06/2009",4,0,0,0,3,50.9652,-1.38101,14,"teaching","PRE-SCHOOL ASSISTANT","SO50",9
40.0061,2780,1,,0,0,24,"United Kingdom","08/06/2009",5,0,0,0,2,51.5888,-1.75515,2,"health","NHS NURSERY NURSE","SN3",74
8.28339,2781,1,,0,0,80,"United Kingdom","08/06/2009",4,0,0,1,1,51.4513,-0.39859,12,"service","CHECKOUT OPERATOR","TW14",6
11.7538,2782,1,,0,0,45,"United Kingdom","08/06/2009",0,0,0,0,5,54.8878,-1.72634,6,"office","CIVIL SERVANT","DH9",17
4.66224,2783,1,,0,0,67,"United Kingdom","08/06/2009",0,0,0,0,2,51.7972,-0.709247,3,"home","HOUSEWIFE AND CARER","HP22",14
30.9594,2784,1,,0,0,80,"United Kingdom","08/06/2009",0,0,0,0,1,54.3197,-4.38242,10,"retired","RETIRED","IM8",27
37.7446,2785,1,,0,0,66,"United Kingdom","08/06/2009",6,0,0,1,2,56.1242,-3.30446,6,"office","CIVIL SERVANT","KY5",16
29.7597,2786,1,,0,0,59,"United Kingdom","08/06/2009",5,0,0,1,1,50.4578,-4.51907,8,"public","LOCAL AUTHORITY","PL14",14
8.68881,2787,1,,0,0,65,"United Kingdom","08/06/2009",4,0,0,1,1,51.5282,-0.601627,10,"retired","RETIRED","SL2",15
33.6105,2788,1,,0,0,58,"United Kingdom","08/06/2009",3,0,0,0,2,51.8901,1.07563,17,"unknown","-","CO7",39
0.611271,2789,1,,0,0,38,"United Kingdom","08/06/2009",0,0,0,0,4,53.3654,-2.18033,9,"research","FINANCIAL RESEARCH/HOUSEWIFE","SK8",11
10.2176,2790,1,,0,0,82,"United Kingdom","08/06/2009",1,0,0,1,2,52.3429,-1.57944,10,"retired","RETIRED","CV8",8
34.0856,2791,1,,0,0,88,"United Kingdom","08/06/2009",5,0,0,0,1,50.5449,-3.49606,10,"retired","RETIRED","TQ14",21
20.4179,2792,1,,1,0,33,"United Kingdom","08/06/2009",1,0,0,1,1,52.7805,-1.55269,16,"unemployed","UNEMPLOYED CARPET FITTER","DE11",30
3.33443,2793,1,,0,0,75,"United Kingdom","08/06/2009",2,0,0,1,2,52.5196,-2.14107,10,"retired","RETIRED","DY3",18
1.4513,2794,1,,0,0,78,"United Kingdom","08/06/2009",4,0,0,1,1,51.2964,-0.329419,10,"retired","RETIRED","KT22",4
3.96577,2795,1,,0,0,63,"United Kingdom","08/06/2009",0,0,0,0,1,53.438,-2.74766,10,"retired","RETIRED","WA9",7
7.00521,2796,1,,0,0,53,"United Kingdom","08/06/2009",2,0,0,0,2,52.5847,1.70259,10,"retired","RETIRED","NR31",5
15.1341,2797,1,,0,0,64,"United Kingdom","08/06/2009",1,0,0,1,1,53.751,-1.65544,10,"retired","RETIRED","BD11",14
0.622559,2798,1,,0,0,69,"United Kingdom","08/06/2009",1,0,0,1,2,52.3341,-1.17746,10,"retired","RETIRED","CV23",3
18.6229,2799,1,,0,0,66,"United Kingdom","08/06/2009",5,0,0,1,2,51.797,-3.21469,10,"retired","RETIRED","NP23",18
46.5606,2800,1,,0,0,63,"United Kingdom","08/06/2009",5,0,0,1,1,50.6272,-3.4478,10,"retired","RETIRED","EX6",289
25.6377,2801,1,,0,0,49,"United Kingdom","09/07/2009",2,0,0,0,3,52.4602,-1.8224,17,"unknown","-","B25",24
16.4489,2802,1,,0,0,40,"United Kingdom","09/07/2009",0,0,0,0,2,54.7697,-1.71068,6,"office","SELF EMPLOYED MARKETING CONSULTANT","DH7",15
1.73912,2803,1,,0,0,52,"United Kingdom","09/07/2009",0,0,0,0,2,53.5483,-3.05976,2,"health","CARER","L37",4
4.62744,2804,1,,0,0,78,"United Kingdom","09/07/2009",0,0,0,1,2,53.2912,-3.4639,10,"retired","RETIRED","LL18",6
2.81425,2805,1,,0,0,68,"United Kingdom","09/07/2009",0,0,0,1,2,53.3116,-3.47238,10,"retired","RETIRED","LL18",1
2.90383,2806,1,,0,0,61,"United Kingdom","09/07/2009",0,0,0,0,2,53.2689,-3.79406,10,"retired","RETIRED","LL28",10
34.5977,2807,1,,1,0,61,"United Kingdom","09/07/2009",6,0,0,1,2,54.987,-3.25682,2,"health","DOCTOR","DG12",11
13.1391,2808,1,,0,0,42,"United Kingdom","09/07/2009",6,0,0,0,1,55.9239,-3.27247,2,"health","STAFF NURSE","EH11",13
12.68,2809,1,,0,0,73,"United Kingdom","09/07/2009",6,0,0,1,2,53.5917,-2.66426,10,"retired","RETIRED","WN6",8
27.148,2810,1,,0,0,32,"United Kingdom","09/07/2009",6,0,0,0,3,55.4503,-4.61437,2,"health","STAFF NURSE","KA7",15
27.591,2811,1,,0,0,31,"United Kingdom","09/07/2009",6,0,0,0,3,55.9218,-4.40709,3,"home","HOMEMAKER","G81",9
0.79175,2812,1,,0,0,57,"United Kingdom","09/07/2009",6,0,0,0,1,55.9534,-4.77616,10,"retired","RETIRED","PA16",2
36.8225,2813,1,,0,0,56,"United Kingdom","09/07/2009",6,0,0,0,2,53.5427,-2.08919,4,"labour","PCB ASSEMBLER","OL4",35
14.2355,2814,1,,0,0,69,"United Kingdom","09/07/2009",6,0,0,1,2,53.7416,-2.39288,10,"retired","RETIRED","BB5",24
10.867,2815,1,,0,0,59,"United Kingdom","09/07/2009",6,0,0,0,2,55.9351,-3.20894,10,"retired","RETIRED","EH10",5
11.0735,2816,1,,0,0,21,"United Kingdom","09/07/2009",6,0,0,0,2,57.1491,-2.09788,13,"student","STUDENT","AB10",169
15.8308,2817,1,,0,0,54,"United Kingdom","09/07/2009",6,0,0,0,4,57.1925,-2.11362,2,"health","MEDICAL DOCTOR","AB22",12
24.1062,2818,1,,0,0,71,"United Kingdom","09/07/2009",6,0,0,1,2,57.1538,-2.17411,10,"retired","RETIRED","AB16",5
11.2267,2819,1,,0,0,33,"United Kingdom","09/07/2009",3,0,0,0,3,51.8844,0.909956,12,"service","HOME CARE ASSISTANT","CO1",13
41.5027,2820,1,,0,0,30,"United Kingdom","09/07/2009",3,0,0,0,1,51.5893,-0.020676,6,"office","POLICY MANAGER","E17",35
14.6064,2821,1,,0,0,43,"United Kingdom","09/07/2009",3,0,0,0,1,51.5318,0.010787,6,"office","SOLICITOR","E15",8
31.7755,2822,1,,0,0,42,"United Kingdom","09/07/2009",2,0,0,1,6,51.7028,-0.915194,8,"public","MINISTER OF RELIGION","OX39",20
21.5764,2823,1,,0,0,59,"United Kingdom","09/07/2009",2,0,0,0,1,52.975,-2.20039,10,"retired","RETIRED NURSING SISTER","ST4",42
24.822,2824,1,,0,0,59,"United Kingdom","09/07/2009",2,0,0,0,3,52.9952,-2.1896,12,"service","DANCE TEACHER","ST4",32
3.2831,2825,1,,0,0,78,"United Kingdom","09/07/2009",2,0,0,1,1,52.3717,-1.75763,10,"retired","RETIRED","B93",9
8.63157,2826,1,,0,0,66,"United Kingdom","09/07/2009",2,0,0,0,1,NaN,NaN,10,"retired","RETIRED","-",4
7.97648,2827,1,,1,0,59,"United Kingdom","09/07/2009",2,0,0,0,1,52.5876,-0.50512,9,"research","LAB TECHNICIAN","PE8",7
0.813893,2828,1,,0,0,40,"United Kingdom","09/07/2009",2,0,0,1,1,52.1169,-0.442669,16,"unemployed","UNEMPLOYED ANALYTICAL CHEMIST","MK42",4
18.3745,2829,1,,0,0,62,"United Kingdom","09/07/2009",1,0,0,0,2,52.2515,-0.869426,10,"retired","RETIRED","NN3",10
4.62963,2830,1,,1,0,58,"United Kingdom","09/07/2009",1,0,0,0,1,53.362,-1.51194,10,"retired","RETIRED","S11",7
21.2443,2831,1,,0,0,40,"United Kingdom","09/07/2009",1,0,0,0,1,53.3944,-1.53802,6,"office","MANAGER","S6",25
20.4347,2832,1,,0,0,19,"United Kingdom","09/07/2009",1,0,0,0,2,52.2625,-1.52641,6,"office","ASSISTANT","CV31",9
12.6206,2833,1,,0,0,81,"United Kingdom","09/07/2009",1,0,0,0,1,53.7945,-1.54659,3,"home","HOUSEWIFE","LS15",14
29.9187,2834,1,,1,0,-1,"United Kingdom","09/07/2009",1,0,0,-1,-1,NaN,NaN,17,"unknown","-","-",12
18.0401,2835,1,,0,0,49,"United Kingdom","09/07/2009",1,0,0,0,4,52.6279,-1.14197,6,"office","SECRETARY","LE2",61
16.4429,2836,1,,0,0,41,"United Kingdom","09/07/2009",1,0,0,0,4,53.8303,-1.3426,6,"office","EDITORIAL ASSISTANT","LS25",9
8.21253,2837,1,,0,0,54,"United Kingdom","09/07/2009",1,0,0,0,2,52.269,-0.752697,6,"office","OFFICE ADMIN","NN6",10
0.469191,2838,1,,0,0,76,"United Kingdom","09/07/2009",0,0,0,1,1,53.5061,-2.36293,10,"retired","RETIRED ARCHITECT","M28",5
9.27383,2839,1,,0,0,52,"United Kingdom","09/07/2009",5,0,0,0,3,50.4069,-5.06181,14,"teaching","TEACHER","TR",9
13.7633,2840,1,,0,0,55,"United Kingdom","09/07/2009",5,0,0,0,2,51.142,-2.69938,14,"teaching","TEACHING ASSISTANT","BA6",14
17.1898,2841,1,,0,0,32,"United Kingdom","09/07/2009",5,0,0,1,1,51.5228,-3.20351,13,"student","MATURE STUDENT","CF14",5
0.725001,2842,1,,0,0,87,"United Kingdom","09/07/2009",5,0,0,0,1,51.6549,-1.58863,12,"service","HOUSE CLEANING","SN7",2
34.4052,2843,1,,0,0,17,"United Kingdom","09/07/2009",5,0,0,0,4,50.7475,-2.00672,13,"student","STUDENT","BH17",144
14.8802,2844,1,,0,0,66,"United Kingdom","09/07/2009",5,0,0,0,2,50.3505,-4.07957,10,"retired","RETIRED","PL9",5
40.0564,2845,1,,0,0,-1,"United Kingdom","09/07/2009",5,0,0,-1,-1,NaN,NaN,17,"unknown","-","-",15
16.2828,2846,1,,0,0,49,"United Kingdom","09/07/2009",5,0,0,0,1,50.3907,-3.90783,8,"public","RESETTLEMENT OFFICER","PL21",5
6.49621,2847,1,,0,0,58,"United Kingdom","09/07/2009",5,0,0,0,2,51.4588,-1.00622,8,"public","ACTIVITIES CO-ORDINATOR","RG36",10
32.5997,2848,1,,0,0,89,"United Kingdom","09/07/2009",5,0,0,0,1,51.5972,-3.33242,10,"retired","RETIRED","CF37",92
4.83325,2849,1,,0,0,-1,"United Kingdom","09/07/2009",4,0,0,-1,-1,NaN,NaN,17,"unknown","-","-",10
43.6481,2850,1,,0,0,54,"United Kingdom","09/07/2009",4,0,0,0,1,50.6648,-1.19204,3,"home","HOUSEWIFE","PO36",20
44.868,2851,1,,0,0,70,"United Kingdom","09/07/2009",4,0,0,1,3,50.8958,-1.03803,10,"retired","RETIRED","PO8",52
14.6824,2852,1,,0,0,43,"United Kingdom","09/07/2009",4,0,0,1,1,51.5417,-0.314288,6,"office","IT ENGINEER","UB6",48
15.4248,2853,1,,0,0,60,"United Kingdom","09/07/2009",4,0,0,0,1,51.5262,-0.313956,10,"retired","RETIRED","W5",7
22.4978,2854,1,,0,0,30,"United Kingdom","09/07/2009",3,0,0,0,1,51.5818,-0.120638,9,"research","SOCIAL POLICY RESEARCH","N8",19
10.7072,2855,1,,0,0,55,"United Kingdom","09/07/2009",3,0,0,0,2,51.4364,0.173394,12,"service","COOK","DA5",16
4.06466,2856,1,,0,0,87,"United Kingdom","09/07/2009",3,0,0,1,2,51.8008,-0.727919,10,"retired","RETIRED","HP22",5
16.7919,2857,1,,0,0,22,"United Kingdom","09/07/2009",3,0,0,0,5,51.5169,-0.028399,14,"teaching","TEACHER","E14",44
34.9603,2858,1,,0,0,29,"United Kingdom","09/07/2009",3,0,0,0,1,51.1205,1.29002,8,"public","POLICE OFFICER","CT17",46
18.2912,2859,1,,0,0,26,"United Kingdom","09/07/2009",1,0,0,0,2,53.4154,-1.36158,17,"unknown","DOMESTIC","S60",11
33.5941,2860,1,,0,0,47,"United Kingdom","09/07/2009",2,0,0,0,3,51.5974,-1.12346,8,"public","MUSEUM COLLECTIONS MANAGER","OX10",25
11.7833,2861,1,,0,0,57,"United Kingdom","09/07/2009",0,0,0,0,2,53.4189,-2.10519,3,"home","HOUSEWIFE","SK6",39
39.8114,2862,1,,0,0,30,"United Kingdom","09/07/2009",0,0,0,0,1,53.4769,-2.27459,17,"unknown","HERITAGE","M5",51
27.2466,2863,1,,0,0,33,"United Kingdom","09/07/2009",6,0,0,0,3,55.8101,-4.26786,14,"teaching","TEACHER","G44",25
5.41842,2864,1,,0,0,88,"United Kingdom","09/07/2009",1,0,0,0,1,52.3732,-1.25104,3,"home","HOUSEWIFE","CV21",5
32.7363,2865,1,,0,0,40,"United Kingdom","09/07/2009",0,0,0,0,4,53.4197,-2.23831,2,"health","SPEECH & LANGUAGE THERAPIST","M20",36
27.8175,2866,1,,0,0,48,"United Kingdom","09/07/2009",2,0,0,0,3,52.5164,-2.05439,12,"service","SHOP ASSISTANT","DY4",32
26.2977,2867,1,,0,0,73,"United Kingdom","09/07/2009",1,0,0,0,2,53.757,-1.52565,10,"retired","RETIRED","LS10",127
20.2311,2868,1,,0,0,68,"United Kingdom","09/07/2009",0,0,0,0,2,54.9546,-1.63877,10,"retired","RETIRED DISABLED HOUSEWIFE","NE11",4
11.1875,2869,1,,0,0,36,"United Kingdom","09/07/2009",6,0,0,0,4,57.057,-2.48372,3,"home","HOUSEWIFE/MUM","AB31",9
8.36573,2870,1,,0,0,88,"United Kingdom","09/07/2009",1,0,0,1,1,53.0199,-1.35414,10,"retired","RETIRED","DE75",2
11.5167,2871,1,,0,0,28,"United Kingdom","09/07/2009",1,0,0,0,4,52.9109,-1.52362,3,"home","HOUSEWIFE","DE3",4
27.1229,2872,1,,0,0,43,"United Kingdom","09/07/2009",4,0,0,0,4,51.5224,-0.727257,17,"unknown","CONSULTANT","SL6",19
14.6223,2873,1,,0,0,28,"United Kingdom","09/07/2009",4,0,0,0,2,51.5418,-0.18956,2,"health","PHYSIOTHERAPIST","NW6",36
33.8522,2874,1,,0,0,51,"United Kingdom","09/07/2009",2,0,0,1,1,51.5974,-1.12345,9,"research","SCIENTIST","OX10",50
24.7448,2875,1,,0,0,58,"United Kingdom","09/07/2009",0,0,0,0,4,52.9574,-1.08816,2,"health","NURSE","NG44",20
40.9554,2876,1,,1,0,49,"United Kingdom","09/07/2009",5,0,0,1,3,51.589,-1.75442,8,"public","GOVERNMENT SERVICE","SN3",17
17.6777,2877,1,,0,0,25,"United Kingdom","09/07/2009",1,0,0,0,2,52.5986,-1.07946,13,"student","POSTGRADUATE STUDENT","LE2",11
32.0768,2878,1,,0,0,52,"United Kingdom","09/07/2009",2,0,0,0,2,52.9723,-2.67624,6,"office","SOLICITOR","SY13",19
37.251,2879,1,,0,0,59,"United Kingdom","09/07/2009",4,0,0,1,2,51.3124,-0.595476,14,"teaching","TEACHER","GU21",67
8.62722,2880,1,,0,0,58,"United Kingdom","09/07/2009",4,0,0,0,1,51.3515,-0.014267,6,"office","BOOK-KEEPER","CR0",6
0.801269,2881,1,,0,0,54,"United Kingdom","09/07/2009",4,0,0,0,1,50.8708,-1.85995,10,"retired","RETIRED","BH31",4
28.6925,2882,1,,0,0,45,"United Kingdom","09/07/2009",5,0,0,0,4,50.1498,-5.06497,3,"home","HOUSEWIFE","TR11",14
14.6543,2883,1,,0,0,62,"United Kingdom","09/07/2009",3,0,0,0,2,NaN,NaN,10,"retired","PENSIONER","-",14
19.4936,2884,1,,0,0,73,"United Kingdom","09/07/2009",0,0,0,0,2,53.2689,-3.79406,17,"unknown","-","LL28",32
39.8427,2885,1,,0,0,44,"United Kingdom","09/07/2009",2,0,0,0,4,52.4958,-2.16767,2,"health","PUBLIC HEALTH CONSULTANT","DY6",55
2.12499,2886,1,,0,0,70,"United Kingdom","09/07/2009",1,0,0,1,2,53.6717,-1.77258,10,"retired","RETIRED","HD2",4
16.573,2887,1,,0,0,51,"United Kingdom","09/07/2009",1,0,0,0,3,52.1277,-0.98387,8,"public","YOUTH WORK MANAGER","NN12",23
5.45461,2888,1,,0,0,61,"United Kingdom","09/07/2009",1,0,0,0,1,53.8403,-1.59729,10,"retired","RETIRED","LS16",7
16.2207,2889,1,,0,0,55,"United Kingdom","09/07/2009",6,0,0,0,2,53.5987,-2.37935,9,"research","LECTURER","BL2",37
7.07896,2890,1,,0,0,51,"United Kingdom","09/07/2009",2,0,0,0,1,53.012,-1.97036,16,"unemployed","UNEMPLOYED","ST10",2
6.69156,2891,1,,0,0,63,"United Kingdom","09/07/2009",5,0,0,1,2,50.3469,-4.2173,8,"public","CUSTOMS OFFICER","PL10",51
23.2181,2892,1,,0,0,21,"United Kingdom","09/07/2009",1,0,0,0,4,52.7533,-1.36393,6,"office","MARKETING ASSISTANT","LE67",34
3.50624,2893,1,,0,0,25,"United Kingdom","09/07/2009",5,0,0,0,3,51.492,-3.16539,5,"mechanic","CIVIL ENGINEERING","CF24",13
7.85368,2894,1,,0,0,58,"United Kingdom","09/07/2009",1,0,0,0,2,NaN,NaN,16,"unemployed","NONE","-",3
1.18812,2895,1,,0,0,60,"United Kingdom","09/07/2009",1,0,0,1,2,52.3429,-1.57944,10,"retired","RETIRED","CV8",2
31.2464,2896,1,,0,0,28,"United Kingdom","09/07/2009",3,0,0,0,4,51.1419,0.857716,3,"home","HOUSEWIFE/MUM","TN23",11
39.6185,2897,1,,0,0,40,"United Kingdom","09/07/2009",4,0,0,0,4,51.4504,-0.18598,3,"home","WITH MY CHILDREN AT HOME","SW18",110
40.2705,2898,1,,0,0,72,"United Kingdom","09/07/2009",5,0,0,1,2,50.7145,-3.05271,10,"retired","RETIRED","EX12",50
17.3699,2899,1,,0,0,35,"United Kingdom","09/07/2009",6,0,0,1,1,53.7974,-2.24727,14,"teaching","TEACHER","BB12",3
6.78437,2900,1,,0,0,91,"United Kingdom","09/07/2009",0,0,0,0,1,53.0585,-2.98951,10,"retired","RETIRED BUT NATIONAL TRUST VOLUNTEER","LL12",6
19.5038,2901,1,,0,0,58,"United Kingdom","09/07/2009",4,0,0,0,2,51.4547,-0.402557,3,"home","HOUSEWIFE","TW14",13
36.78,2902,1,,0,0,55,"United Kingdom","09/07/2009",2,0,0,1,1,52.2178,0.164093,12,"service","SHOP ASSISTANT","CB5",160
42.6618,2903,1,,0,0,50,"United Kingdom","09/07/2009",1,0,0,0,2,53.5752,-1.47047,14,"teaching","CLASSROOM ASSISTANT","S71",255
28.0458,2904,1,,0,0,75,"United Kingdom","09/07/2009",3,0,0,0,2,51.3379,0.178285,10,"retired","RETIRED","TN14",12
28.2789,2905,1,,0,0,32,"United Kingdom","09/07/2009",1,0,0,0,3,52.1844,-1.60551,2,"health","DOCTOR","CV35",21
41.0941,2906,1,,0,0,63,"United Kingdom","09/07/2009",4,0,0,1,2,51.5265,-0.439061,17,"unknown","CARETAKER","UB10",38
12.1045,2907,1,,0,0,68,"United Kingdom","09/07/2009",6,0,0,1,2,53.6355,-2.13807,10,"retired","RETIRED","OL12",3
18.1991,2908,1,,0,0,29,"United Kingdom","09/07/2009",1,0,0,0,2,53.8295,-1.34301,2,"health","OCCUPATIONAL THERAPIST","LS25",27
10.6246,2909,1,,0,0,78,"United Kingdom","09/07/2009",5,0,0,1,2,51.2034,-2.19824,10,"retired","RETIRED","BA12",11
19.4424,2910,1,,0,0,52,"United Kingdom","09/07/2009",1,0,0,0,2,53.3243,-1.48766,6,"office","BOOK-KEEPER","S8",8
23.7391,2911,1,,0,0,78,"United Kingdom","09/07/2009",4,0,0,1,2,51.3185,-0.208148,10,"retired","RETIRED","SM7",174
32.6783,2912,1,,0,0,59,"United Kingdom","09/07/2009",2,0,0,0,2,52.7684,-2.37805,9,"research","LECTURER","TF10",15
19.6858,2913,1,,0,0,53,"United Kingdom","09/07/2009",3,0,0,0,6,51.6272,-0.166842,3,"home","HOUSEWIFE","N20",11
22.3372,2914,1,,0,0,53,"United Kingdom","09/07/2009",4,0,0,0,4,51.5643,-0.376388,14,"teaching","TEACHER","HA2",51
15.7318,2915,1,,0,0,56,"United Kingdom","09/07/2009",4,0,0,0,6,50.9289,-1.39397,3,"home","HOUSEWIFE","SO17",19
10.6979,2916,1,,0,0,45,"United Kingdom","09/07/2009",6,0,0,1,4,53.7752,-2.72045,6,"office","PROJECT MANAGER","PR2",4
4.87718,2917,1,,0,0,64,"United Kingdom","09/07/2009",3,0,0,0,2,51.3779,1.38074,10,"retired","RETIRED","CT9",7
1.20342,2918,1,,0,0,81,"United Kingdom","09/07/2009",5,0,0,0,1,51.9184,-2.04567,10,"retired","RETIRED","GL52",2
35.5057,2919,1,,0,0,36,"United Kingdom","09/07/2009",6,0,0,1,1,53.6156,-2.60141,8,"public","LOCAL GOVERNMENT","PR6",10
9.18911,2920,1,,0,0,63,"United Kingdom","09/07/2009",4,0,0,0,1,51.0053,-2.1933,3,"home","PROFESSIONAL LIVE-IN CARER","SP7",16
7.52814,2921,1,,0,0,43,"United Kingdom","09/07/2009",4,0,0,0,1,51.4342,-0.392421,2,"health","CARE SUPPORT WORKER","TW13",10
0.758614,2922,1,,0,0,65,"United Kingdom","09/07/2009",6,0,0,0,3,56.4743,-2.88211,3,"home","HOUSEWIFE","DD5",2
16.7866,2923,1,,0,0,33,"United Kingdom","09/07/2009",0,0,0,0,2,52.9139,-1.14881,6,"office","PROJECT MANAGER","NG2",26
17.0862,2924,1,,0,0,48,"United Kingdom","09/07/2009",5,0,0,1,3,51.37,-2.54737,4,"labour","CARPENTER","BS39",18
23.8668,2925,1,,0,0,29,"United Kingdom","09/07/2009",5,0,0,0,2,51.2036,-2.19772,6,"office","CIVIL SERVANT","BA12",24
1.67838,2926,1,,0,0,72,"United Kingdom","09/07/2009",1,0,0,0,1,51.8865,-0.57717,10,"retired","RETIRED","LU6",2
15.6566,2927,1,,0,0,33,"United Kingdom","09/07/2009",0,0,0,0,1,54.9548,-1.78195,2,"health","COMMUNITY NURSE","NE40",10
2.77615,2928,1,,0,0,70,"United Kingdom","09/07/2009",0,0,0,0,1,52.927,-1.27969,17,"unknown","ALLOTMENT HOLDER","NG9",12
5.13023,2929,1,,0,0,69,"United Kingdom","09/07/2009",3,0,0,1,2,51.7213,0.128565,10,"retired","RETIRED","CM16",11
2.35472,2930,1,,0,0,64,"United Kingdom","09/07/2009",0,0,0,0,2,53.0606,-2.44781,10,"retired","RETIRED TEACHER","CW2",5
23.0885,2931,1,,1,0,86,"United Kingdom","09/07/2009",3,0,0,0,1,51.6177,0.299403,10,"retired","RETIRED","CM14",11
10.1824,2932,1,,0,0,28,"United Kingdom","09/07/2009",5,0,0,0,2,51.3999,-1.33092,6,"office","ACCOUNTANT","RG14",11
26.0215,2933,1,,0,0,39,"United Kingdom","09/07/2009",3,0,0,0,2,51.8119,1.03528,12,"service","DOG TRAINER","CO7",5
6.85042,2934,1,,0,0,52,"United Kingdom","09/07/2009",4,0,0,0,1,51.2337,-0.782842,17,"unknown","-","GU9",19
34.3231,2935,1,,0,0,70,"United Kingdom","09/07/2009",4,0,0,0,2,51.4341,-0.222364,10,"retired","RETIRED","SW19",8
29.0959,2936,1,,0,0,21,"United Kingdom","09/07/2009",5,0,0,1,6,51.4924,-3.17613,13,"student","STUDENT","CF24",10
21.6622,2937,1,,0,0,50,"United Kingdom","09/07/2009",5,0,0,0,5,51.4369,-2.58302,3,"home","HOUSEWIFE","BS3",5
2.71889,2938,1,,0,0,56,"United Kingdom","09/07/2009",4,0,0,0,2,51.1855,-0.526354,3,"home","HOUSEWIFE","GU5",2
38.932,2939,1,,0,0,78,"United Kingdom","09/07/2009",0,0,0,1,2,54.3201,-4.37732,10,"retired","RETIRED","IM8",31
18.1331,2940,1,,0,0,37,"United Kingdom","09/07/2009",5,0,0,1,3,NaN,NaN,6,"office","TELECOMMUNICATIONS","-",38
18.1709,2941,1,,0,0,66,"United Kingdom","09/07/2009",1,0,0,0,2,53.3385,-1.52028,10,"retired","RETIRED/VOLUNTARY WORKER","S11",70
12.7454,2942,1,,0,0,59,"United Kingdom","09/07/2009",1,0,0,0,4,52.2389,-0.800305,3,"home","HOUSEWIFE/CARER","NN7",19
22.8591,2943,1,,0,0,58,"United Kingdom","09/07/2009",5,0,0,0,2,50.1261,-5.26853,14,"teaching","TEACHER","TR13",13
15.6889,2944,1,,0,0,82,"United Kingdom","09/07/2009",5,0,0,0,2,51.3073,-0.910689,10,"retired","RETIRED","RG27",38
9.95015,2945,1,,0,0,32,"United Kingdom","09/07/2009",5,0,0,0,2,51.791,-3.88249,12,"service","MORTGAGE ADVISOR","SA18",6
18.6562,2946,1,,0,0,72,"United Kingdom","09/07/2009",6,0,0,1,2,57.4616,-4.21544,10,"retired","RETIRED","IV2",7
39.815,2947,1,,0,0,57,"United Kingdom","09/07/2009",3,0,0,0,2,51.9152,0.853376,14,"teaching","TEACHER","CO6",66
24.9553,2948,1,,0,0,20,"United Kingdom","09/07/2009",0,0,0,0,3,52.9594,-1.24257,3,"home","FULL TIME MUM","NG8",19
9.73494,2949,1,,0,0,28,"United Kingdom","09/07/2009",5,0,0,1,1,51.0051,-3.08415,2,"health","MEDICINE","TA1",18
6.68208,2950,1,,0,0,44,"United Kingdom","09/07/2009",5,0,0,0,3,51.9463,-2.04049,2,"health","DOCTOR","GL52",3
4.69323,2951,1,,0,0,-1,"United Kingdom","09/07/2009",6,0,0,-1,-1,NaN,NaN,17,"unknown","-","-",1
14.2788,2952,1,,0,0,82,"United Kingdom","09/07/2009",1,0,0,1,2,53.3831,-1.46454,10,"retired","RETIRED","S10",39
34.1152,2953,1,,0,0,40,"United Kingdom","09/07/2009",6,0,0,0,2,53.6349,-3.00319,14,"teaching","TEACHER","PR8",20
19.418,2954,1,,0,0,61,"United Kingdom","09/07/2009",5,0,0,0,2,50.0832,-5.31228,8,"public","SUPERINTENDENT REGISTRAR","TR13",40
10.112,2955,1,,0,0,71,"United Kingdom","09/07/2009",1,0,0,1,1,53.5754,-1.47115,10,"retired","RETIRED","S71",7
9.7509,2956,1,,0,0,37,"United Kingdom","09/07/2009",2,0,0,0,2,52.6951,-2.73905,3,"home","MUM","SY3",9
16.9824,2957,1,,0,0,47,"United Kingdom","09/07/2009",2,0,0,0,4,53.0942,-2.29798,14,"teaching","TEACHER","ST7",195
0.368101,2958,1,,0,0,45,"United Kingdom","09/07/2009",3,0,0,0,1,55.3781,-3.43597,3,"home","HOUSEWIFE","-",10
33.5952,2959,1,,0,0,62,"United Kingdom","09/07/2009",5,0,0,0,2,50.5422,-4.86174,10,"retired","RETIRED","PL27",7
35.5047,2960,1,,0,0,49,"United Kingdom","09/07/2009",6,0,0,0,4,54.0417,-2.89591,14,"teaching","CLEANER/SCHOOL TRAVEL ASSISTANT","LA3",162
45.4001,2961,1,,0,0,50,"United Kingdom","09/07/2009",3,0,0,0,5,51.1291,1.30033,4,"labour","PACKER","CT17",39
1.50678,2962,1,,0,0,61,"United Kingdom","09/07/2009",5,0,0,0,2,50.1167,-5.53351,1,"entertain","ARTIST","TR18",8
38.4042,2963,1,,0,0,55,"United Kingdom","09/07/2009",6,0,0,0,3,55.463,-4.36176,8,"public","VERY SHELTERED HOUSING MANAGER","KA18",47
16.8218,2964,1,,0,0,54,"United Kingdom","09/07/2009",5,0,0,0,3,51.3644,-1.96778,2,"health","PHYSIOTHERAPIST","SN10",24
10.3976,2965,1,,0,0,52,"United Kingdom","09/07/2009",6,0,0,0,2,55.8891,-4.28989,14,"teaching","CLASSROOM ASSISTANT","G20",5
4.56909,2966,1,,0,0,61,"United Kingdom","09/07/2009",5,0,0,0,2,50.6821,-3.46099,14,"teaching","HEAD TEACHER","EX3",9
4.18774,2967,1,,0,0,60,"United Kingdom","09/07/2009",0,0,0,1,1,53.39,-2.95361,6,"office","BUSINESSMAN","L8",11
17.5169,2968,1,,0,0,72,"United Kingdom","-",0,0,0,0,1,54.972,-1.56528,10,"retired","RETIRED/VOLUNTEER","NE6",12
10.8238,2969,1,,0,0,35,"United Kingdom","-",1,0,0,1,1,53.7891,-1.52174,16,"unemployed","ON BENEFITS","LS9",12
18.6955,2970,1,,0,0,41,"United Kingdom","-",1,0,0,0,4,53.8151,-1.61478,14,"teaching","LEARNING MANAGER","LS13",85
35.9744,2971,1,,0,0,16,"United Kingdom","-",1,0,0,0,4,53.5728,-1.7722,13,"student","FULL TIME EDUCATION","HD9",433
30.909,2972,1,,0,0,41,"United Kingdom","-",5,0,0,1,5,52.1498,0.139065,12,"service","VETERINARIAN","CB25",11
30.9498,2973,1,,0,0,36,"United Kingdom","-",5,0,0,0,2,51.4479,-0.949303,17,"unknown","CONSULTANT","RG1",12
26.0433,2974,1,,0,0,32,"United Kingdom","-",5,0,0,0,4,51.566,-1.73834,3,"home","HOMEMAKER","SN3",6
36.096,2975,1,,0,0,41,"United Kingdom","-",5,0,0,0,3,50.7036,-3.55904,2,"health","STAFF NURSE","EX2",76
8.96619,2976,1,,0,0,54,"United Kingdom","-",6,0,0,0,2,53.7858,-2.2581,3,"home","HOUSEWIFE","BB11",63
20.1173,2977,1,,0,0,30,"United Kingdom","-",2,0,0,1,1,52.5328,-1.92235,4,"labour","FACTORY WORKER","B42",18
38.2817,2978,1,,0,0,17,"United Kingdom","-",4,0,0,0,5,51.3857,-0.117091,13,"student","STUDENT","CR0",20
12.6684,2979,1,,0,0,58,"United Kingdom","-",1,0,0,0,2,53.764,-1.83933,3,"home","HOUSEWIFE","BD13",23
24.6196,2980,1,,0,0,65,"United Kingdom","-",5,0,0,1,2,52.1268,-2.74631,10,"retired","RETIRED","HR4",7
25.1391,2981,1,,0,0,29,"United Kingdom","-",1,0,0,1,1,53.0621,-0.813835,17,"unknown","CONSULTANT","NG24",105
4.99915,2982,1,,0,0,74,"United Kingdom","-",0,0,0,1,1,53.2697,-3.79392,10,"retired","RETIRED","LL28",3
16.4441,2983,1,,0,0,82,"United Kingdom","-",2,0,0,0,1,52.0648,1.2459,10,"retired","RETIRED HOUSEWIFE","IP5",10
2.42615,2984,1,,0,0,88,"United Kingdom","-",6,0,0,0,1,55.5463,-4.6537,10,"retired","RETIRED","KA10",6
29.0502,2985,1,,0,0,34,"United Kingdom","-",0,0,0,0,2,54.5307,-1.57991,2,"health","PHYSIOTHERAPIST","DL3",62
0.445018,2986,1,,0,0,82,"United Kingdom","-",1,0,0,0,1,52.9771,-0.721965,10,"retired","RETIRED PRIMARY HEAD TEACHER","NG32",2
35.6357,2987,1,,0,0,40,"United Kingdom","-",1,0,0,0,5,52.9079,-1.45257,6,"office","CIVIL SERVANT","DE24",183
11.6835,2988,1,,0,0,45,"United Kingdom","-",0,0,0,0,5,55.528,-1.90316,3,"home","HOUSEWIFE","NE66",11
39.5405,2989,1,,0,0,35,"United Kingdom","-",5,0,0,0,5,51.3073,-0.910689,17,"unknown","-","RG27",78
41.6804,2990,1,,0,0,66,"United Kingdom","-",2,0,0,1,2,51.5004,-0.01264,8,"public","PUBLIC SERVICE","E14",35
1.06723,2991,1,,0,0,66,"United Kingdom","-",0,0,0,0,1,53.2739,-2.93929,10,"retired","RETIRED","CH66",5
29.884,2992,1,,0,0,65,"United Kingdom","-",5,0,0,0,2,52.1138,-2.07933,10,"retired","RETIRED","WR10",283
42.8546,2993,1,,0,0,23,"United Kingdom","-",0,0,0,0,2,54.6167,-1.56172,13,"student","STUDENT NURSE","DL5",156
37.3535,2994,1,,0,0,48,"United Kingdom","-",3,0,0,0,1,51.7036,0.47136,5,"mechanic","ENGINEER","CM2",42
13.2554,2995,1,,0,0,36,"United Kingdom","-",4,0,0,0,4,51.375,-0.238893,1,"entertain","ACTOR","KT4",14
34.4174,2996,1,,0,0,14,"United Kingdom","-",3,0,0,0,6,51.1031,1.00763,11,"schoolchild","STUDENT","TN25",50
1.53915,2997,1,,0,0,76,"United Kingdom","-",5,0,0,1,2,51.385,-2.36132,10,"retired","RETIRED","BA1",2
15.0077,2998,1,,0,0,41,"United Kingdom","-",4,0,0,1,4,51.4952,-0.231749,2,"health","HOSPITAL DOCTOR","W6",14
33.1008,2999,1,,0,0,40,"United Kingdom","-",2,0,0,1,4,51.8941,-1.13563,17,"unknown","-","OX26",15
36.1782,3000,1,,0,0,65,"United Kingdom","-",6,0,0,0,1,55.9421,-4.80552,10,"retired","RETIRED TEACHER","PA16",86
7.2297,3001,1,,0,0,62,"United Kingdom","-",2,0,0,1,2,52.5611,1.38503,10,"retired","RETIRED","NR14",9
0.128951,3002,1,,0,0,57,"United Kingdom","-",5,0,0,0,1,51.2052,-2.66246,14,"teaching","TEACHER","BA5",4
12.3613,3003,1,,0,0,53,"United Kingdom","-",4,0,0,0,1,55.3781,-3.43597,2,"health","DOCTOR","-",15
7.01946,3004,1,,0,0,41,"United Kingdom","-",0,0,0,0,1,53.4978,-2.30556,2,"health","DOCTOR","M6",35
9.7154,3005,1,,0,0,63,"United Kingdom","-",5,0,0,1,2,51.2124,-2.44173,8,"public","VICAR","BA4",13
3.16295,3006,1,,0,0,81,"United Kingdom","-",5,0,0,0,2,51.4389,-3.17441,10,"retired","RETIRED","CF64",5
39.8136,3007,1,,0,0,56,"United Kingdom","-",0,0,0,0,5,53.5406,-2.18677,3,"home","HOMEMAKER","M24",31
2.41677,3008,1,,0,0,68,"United Kingdom","-",4,0,0,0,1,51.3219,-0.616677,10,"retired","RETIRED","GU21",4
0.111537,3009,1,,1,0,64,"United Kingdom","-",4,0,0,1,2,51.2742,-0.84006,10,"retired","RETIRED","GU52",3
3.57242,3010,1,,0,0,53,"United Kingdom","-",2,0,0,1,2,52.0262,-0.695112,5,"mechanic","ENGINEER","MK7",9
33.9952,3011,1,,0,0,-1,"United Kingdom","-",1,0,0,-1,-1,55.3781,-3.43597,17,"unknown","-","-",29
0.116698,3012,1,,0,0,68,"United Kingdom","-",4,0,0,1,2,50.8314,-0.781334,10,"retired","RETIRED","PO19",4
9.84169,3013,1,,0,0,18,"United Kingdom","-",6,0,0,0,3,53.8337,-2.18574,13,"student","STUDENT","BB9",24
8.91427,3014,1,,0,0,72,"United Kingdom","-",1,0,0,1,1,52.4164,-1.56047,10,"retired","RETIRED","CV5",2
20.9111,3015,1,,0,0,55,"United Kingdom","-",6,0,0,0,3,53.7882,-3.05305,2,"health","NURSE","FY4",59
1.6019,3016,1,,0,0,41,"United Kingdom","-",4,0,0,0,4,51.0973,-0.202824,14,"teaching","EARLY YEARS MANAGER","RH11",14
26.0554,3017,1,,0,0,51,"United Kingdom","-",4,0,0,0,4,51.4779,-0.121282,17,"unknown","JOURNALIST","SW8",810
6.48535,3018,1,,0,0,49,"United Kingdom","-",1,0,0,0,2,53.418,-1.50944,2,"health","SONOGRAPHER","S6",7
26.6327,3019,1,,0,0,51,"United Kingdom","-",4,0,0,1,4,50.9819,-1.37746,6,"office","MANAGER","SO53",21
25.6085,3020,1,,0,0,75,"United Kingdom","-",5,0,0,1,2,51.3153,-2.20837,10,"retired","RETIRED","BA14",67
43.6139,3021,1,,0,0,35,"United Kingdom","-",5,0,0,0,7,50.7629,-1.93243,3,"home","HOUSEWIFE","BH11",137
11.8812,3022,1,,0,0,51,"United Kingdom","-",5,0,0,1,3,51.4131,-2.73937,6,"office","IT WORKER","BS48",13
1.31883,3023,1,,0,0,60,"United Kingdom","-",1,0,0,1,1,53.8295,-1.34301,12,"service","ROOFING CONSULTANT","LS25",8
30.5192,3024,1,,0,0,66,"United Kingdom","-",2,0,0,0,2,53.0055,-2.1914,10,"retired","RETIRED","ST4",99
19.2147,3025,1,,0,0,29,"United Kingdom","-",3,0,0,0,3,51.696,0.885093,14,"teaching","TEACHER","CM0",9
12.98,3026,1,,0,0,72,"United Kingdom","-",6,0,0,0,2,51.4338,-2.60845,10,"retired","RETIRED","BS3",31
2.72031,3027,1,,0,0,54,"United Kingdom","-",3,0,0,1,2,51.4769,0.064284,6,"office","IT SUPPORT","SE18",6
2.39917,3028,1,,0,0,42,"United Kingdom","-",0,0,0,0,3,53.1888,-2.19824,6,"office","ADMINISTRATOR","CW12",2
17.7513,3029,1,,0,0,46,"United Kingdom","-",1,0,0,1,3,53.9989,-1.52692,3,"home","HOUSEWIFE","HG1",9
19.5992,3030,1,,0,0,64,"United Kingdom","-",5,0,0,1,3,51.4932,-2.64962,10,"retired","RETIRED","BS9",3
32.5393,3031,1,,0,0,33,"United Kingdom","-",4,0,0,1,3,51.3741,-0.236799,9,"research","CLINICAL SCIENTIST","KT4",11
36.9422,3032,1,,0,0,67,"United Kingdom","-",5,0,0,0,2,50.3256,-3.77411,10,"retired","RETIRED","TQ",83
17.8993,3033,1,,0,0,70,"United Kingdom","-",2,0,0,0,1,52.3961,-1.94457,10,"retired","RETIRED","B38",7
31.887,3034,1,,0,0,74,"United Kingdom","-",5,0,0,0,2,51.3545,-2.6323,10,"retired","RETIRED","BS40",31
20.3001,3035,1,,0,0,38,"United Kingdom","-",4,0,0,0,1,50.824,-0.103195,13,"student","STUDENT","BN2",18
2.48187,3036,1,,0,0,26,"United Kingdom","-",0,0,0,1,2,53.3738,-2.93924,2,"health","DOCTOR","L17",18
16.8973,3037,1,,0,0,47,"United Kingdom","-",4,0,0,0,1,50.5314,-2.45031,12,"service","COASTGUARD OFFICER","DT5",5
26.4833,3038,1,,0,0,27,"United Kingdom","-",5,0,0,0,2,51.4636,-2.59327,6,"office","ACCOUNTANT","BS6",7
22.8995,3039,1,,0,0,28,"United Kingdom","-",3,0,0,0,2,51.5485,-0.04763,6,"office","SOLICITOR","E9",23
18.2954,3040,1,,0,0,54,"United Kingdom","13/01/2010",0,0,0,0,4,53.4352,-3.06612,14,"teaching","TEACHER - SECONDARY","CH45",43
7.76996,3041,1,,0,0,57,"United Kingdom","13/01/2010",6,0,0,0,2,54.345,-1.47256,14,"teaching","TEACHER","DL7",8
4.07586,3042,1,,0,0,85,"United Kingdom","13/01/2010",4,0,0,1,1,51.4373,-0.201091,10,"retired","RETIRED","SW19",1
18.9716,3043,1,,0,0,58,"United Kingdom","13/01/2010",6,0,0,0,4,56.4799,-3.01938,2,"health","SURGEON","DD2",121
26.2367,3044,1,,0,0,24,"United Kingdom","13/01/2010",2,0,0,0,1,52.4786,-1.9086,13,"student","STUDENT","B17",27
29.3667,3045,1,,0,0,37,"United Kingdom","13/01/2010",2,0,0,0,2,52.4857,-1.97326,2,"health","HEALTHCARE PROFESSIONAL","B67",27
12.988,3046,1,,0,0,30,"United Kingdom","13/01/2010",5,0,0,1,1,50.7274,-3.54884,8,"public","LOCAL GOVERNMENT OFFICER","EX4",21
12.9102,3047,1,,0,0,56,"United Kingdom","13/01/2010",6,0,0,0,2,55.7672,-2.01494,14,"teaching","TEACHER","TD15",14
23.4354,3048,1,,1,0,79,"United Kingdom","13/01/2010",6,0,0,0,1,55.864,-2.12135,10,"retired","PENSIONER","TD14",7
27.0017,3049,1,,0,0,31,"United Kingdom","13/01/2010",2,0,0,0,2,51.8211,-1.28777,2,"health","NURSERY NURSE","OX5",73
8.76816,3050,1,,0,0,64,"United Kingdom","13/01/2010",0,0,0,0,4,53.4248,-2.86725,10,"retired","RETIRED","L14",2
2.81122,3051,1,,0,0,62,"United Kingdom","13/01/2010",2,0,0,1,2,51.6669,-1.29962,10,"retired","RETIRED","OX14",12
8.24513,3052,1,,0,0,76,"United Kingdom","13/01/2010",6,0,0,0,1,56.3914,-4.11024,10,"retired","RETIRED","PH6",20
21.2937,3053,1,,0,0,34,"United Kingdom","13/01/2010",5,0,0,0,4,50.5284,-3.58144,3,"home","MOTHER AND WIFE","TQ12",10
0.549253,3054,1,,0,0,76,"United Kingdom","13/01/2010",5,0,0,0,1,51.2861,-2.28073,10,"retired","RETIRED","BA2",1
0.541079,3055,1,,0,0,86,"United Kingdom","13/01/2010",3,0,0,0,1,51.7319,0.449602,10,"retired","RETIRED","CM1",1
27.9144,3056,1,,0,0,45,"United Kingdom","13/01/2010",2,0,0,0,5,52.2498,0.713093,6,"office","ACCOUNTS OFFICER","IP33",8
13.0928,3057,1,,0,0,29,"United Kingdom","13/01/2010",1,0,0,0,1,52.8132,-1.64261,14,"teaching","TEACHER","DE14",9
35.891,3058,1,,0,0,35,"United Kingdom","13/01/2010",4,0,0,0,5,51.4281,-0.12714,3,"home","FULL TIME MUM","SW16",25
0.379843,3059,1,,0,0,78,"United Kingdom","13/01/2010",0,0,0,1,1,53.4532,-2.15046,10,"retired","RETIRED ANALYTICAL CHEMIST","M34",4
19.491,3060,1,,0,0,41,"United Kingdom","13/01/2010",0,0,0,0,5,53.8436,-0.437456,14,"teaching","TEACHING ASSISTANT","HU17",106
31.6585,3061,1,,0,0,63,"United Kingdom","13/01/2010",2,0,0,0,1,55.3781,-3.43597,10,"retired","RETIRED","-",103
7.05678,3062,1,,0,0,72,"United Kingdom","13/01/2010",3,0,0,0,2,51.7572,-0.505184,10,"retired","RETIRED TEACHER","HP1",2
3.39546,3063,1,,0,0,64,"United Kingdom","13/01/2010",0,0,0,0,1,53.2771,-2.54805,10,"retired","RETIRED TEACHER","CW8",4
42.4868,3064,1,,0,0,44,"United Kingdom","13/01/2010",1,0,0,0,6,52.0328,-1.14694,8,"public","EDUCATIONAL PSYCHOLOGIST","NN13",23
35.5805,3065,1,,0,0,38,"United Kingdom","13/01/2010",2,0,0,0,5,51.7562,-1.25949,3,"home","MOTHER","OX13",8
13.5019,3066,1,,0,0,31,"United Kingdom","13/01/2010",4,0,0,0,1,51.4848,-0.19692,14,"teaching","TEACHER","SW",4
27.8519,3067,1,,0,0,-1,"United Kingdom","13/01/2010",6,0,0,-1,-1,55.3781,-3.43597,17,"unknown","-","-",212
12.9445,3068,1,,0,0,36,"United Kingdom","13/01/2010",5,0,0,0,4,50.7155,-3.54013,3,"home","HOUSEWIFE","EX2",15
39.8923,3069,1,,0,0,31,"United Kingdom","13/01/2010",4,0,0,0,3,51.481,-0.26442,6,"office","MARKETING","W4",11
10.4066,3070,1,,0,0,54,"United Kingdom","13/01/2010",6,0,0,0,1,57.2638,-3.63885,6,"office","RECEPTIONIST","PH25",11
40.04,3071,1,,0,0,68,"United Kingdom","13/01/2010",4,0,0,1,2,51.5413,-0.732564,10,"retired","RETIRED","SL6",16
19.6157,3072,1,,0,0,39,"United Kingdom","13/01/2010",5,0,0,1,3,51.7996,-4.73,12,"service","SURVEYOR","SA67",10
27.0267,3073,1,,0,0,55,"United Kingdom","21/01/2010",6,0,0,1,1,51.4995,-0.17145,17,"unknown","-","SW7",20
35.6395,3074,1,,0,0,77,"United Kingdom","21/01/2010",5,0,0,1,1,52.5868,-1.88046,10,"retired","RETIRED MANAGER","B74",31
35.8055,3075,1,,0,0,71,"United Kingdom","21/01/2010",6,0,0,1,3,51.2666,-3.01206,10,"retired","PENSIONER","TA8",9
44.6014,3076,1,,0,0,21,"United Kingdom","21/01/2010",4,0,0,1,3,56.1081,-3.95077,13,"student","STUDENT","FK8",128
31.5263,3077,1,,0,0,41,"United Kingdom","21/01/2010",6,0,0,0,7,53.3192,-1.25683,3,"home","HOMEMAKER","S26",51
5.52636,3078,1,,0,0,74,"United Kingdom","21/01/2010",6,0,0,1,2,54.2888,-1.59235,10,"retired","RETIRED","DL8",62
13.2785,3079,1,,0,0,65,"United Kingdom","21/01/2010",6,0,0,0,2,51.4371,-2.84355,10,"retired","HOUSEWIFE/RETIRED","BS21",9
33.694,3080,1,,1,0,18,"United Kingdom","21/01/2010",6,0,0,0,6,55.3781,-3.43597,13,"student","STUDENT","-",16
5.64578,3081,1,,0,0,74,"United Kingdom","21/01/2010",5,0,0,1,1,52.9164,1.33306,10,"retired","RETIRED","NR27",2
18.4744,3082,1,,1,0,79,"United Kingdom","22/01/2010",6,0,0,1,2,54.9459,-1.39921,10,"retired","RETIRED","SR6",6
36.8209,3083,1,,0,0,41,"United Kingdom","22/01/2010",3,0,0,0,5,51.2385,-2.99367,12,"service","KITCHEN MANAGER","TA8",21
0.0405736,3084,1,,0,0,80,"United Kingdom","22/01/2010",6,0,0,0,1,53.6479,-3.0063,10,"retired","RETIRED HEALTH VISITOR","PR8",1
16.7326,3085,1,,1,0,74,"United Kingdom","22/01/2010",3,0,0,0,7,53.7875,-3.02701,10,"retired","RETIRED","FY41",28
0.10718,3086,1,,0,0,76,"United Kingdom","22/01/2010",5,0,0,0,1,53.3173,-3.82478,10,"retired","RETIRED","LL",1
1.01486,3087,1,,0,0,88,"United Kingdom","22/01/2010",5,0,0,0,1,51.0534,-1.79702,10,"retired","RETIRED","SP2",1
25.3453,3088,1,,0,0,88,"United Kingdom","22/01/2010",3,0,0,1,1,51.3205,-2.23002,10,"retired","RETIRED JUDGE","BA14",58
40.0697,3089,1,,0,0,23,"United Kingdom","22/01/2010",6,0,0,1,3,53.6351,-1.82853,16,"unemployed","UNEMPLOYED","HD4",280
20.9622,3090,1,,0,0,59,"United Kingdom","22/01/2010",4,0,0,1,1,55.903,-4.30502,10,"retired","RETIRED","G20",5
12.9073,3091,1,,0,0,63,"United Kingdom","22/01/2010",3,0,0,0,2,51.3013,-0.730972,10,"retired","RETIRED","GU16",16
36.7158,3092,1,,0,0,39,"United Kingdom","22/01/2010",6,0,0,0,6,50.9517,-2.62223,3,"home","MUM","BA21",7
19.9358,3093,1,,0,0,70,"United Kingdom","22/01/2010",0,0,0,0,2,55.4245,-2.80829,10,"retired","RETIRED TEACHER","TD9",18
7.28486,3094,1,,0,0,45,"United Kingdom","22/01/2010",6,0,0,0,3,51.5402,-0.050026,12,"service","CATERER","E9",9
7.1674,3095,1,,0,0,75,"United Kingdom","22/01/2010",3,0,0,1,2,56.4722,-3.00947,10,"retired","RETIRED","DD2",7
38.9092,3096,1,,0,0,65,"United Kingdom","22/01/2010",2,0,0,1,2,50.4096,-4.22578,10,"retired","RETIRED","PL12",22
18.6565,3097,1,,0,0,40,"United Kingdom","22/01/2010",6,0,0,0,5,55.3781,-3.43597,2,"health","RADIOGRAPHER","-",8
20.6762,3098,1,,0,0,75,"United Kingdom","22/01/2010",0,0,0,0,1,51.4131,-2.74118,10,"retired","RETIRED","BS48",85
11.3913,3099,1,,1,0,50,"United Kingdom","22/01/2010",6,0,0,1,2,51.7414,-1.05692,16,"unemployed","UNEMPLOYED","OX9",7
38.4411,3100,1,,0,0,57,"United Kingdom","22/01/2010",6,0,0,1,1,53.294,-3.46824,16,"unemployed","UNEMPLOYED","LL18",24
9.76997,3101,1,,1,0,49,"United Kingdom","22/01/2010",6,0,0,0,1,51.3833,-0.177019,2,"health","MEDICAL SECRETARY","SM5",1
0.0288829,3102,1,,0,0,79,"United Kingdom","22/01/2010",6,0,0,0,1,52.638,-1.14044,10,"retired","RETIRED","LE1",1
0.797587,3103,1,,0,0,42,"United Kingdom","22/01/2010",6,0,0,0,1,52.9519,-1.12399,17,"unknown","DESIGNER","NG2",2
7.12199,3104,1,,0,0,77,"United Kingdom","22/01/2010",6,0,0,1,1,53.0521,-2.30895,10,"retired","RETIRED","ST7",1
13.2274,3105,1,,0,0,39,"United Kingdom","22/01/2010",5,0,0,0,3,54.5539,-1.18094,2,"health","NURSE","TS3",2
23.0119,3106,1,,0,0,47,"United Kingdom","22/01/2010",6,0,0,1,4,52.7094,-2.4574,12,"service","PUBLICAN","TF2",153
2.8942,3107,1,,0,0,76,"United Kingdom","22/01/2010",5,0,0,0,2,53.7052,-0.864565,10,"retired","RETIRED","DN14",2
0.015999,3108,1,,0,0,71,"United Kingdom","22/01/2010",5,0,0,1,1,51.3813,1.43161,10,"retired","RETIRED","CT10",1
2.64141,3109,1,,0,0,82,"United Kingdom","22/01/2010",6,0,0,0,1,54.5184,-1.29304,10,"retired","RETIRED","TS17",1
0.0498146,3110,1,,0,0,53,"United Kingdom","22/01/2010",6,0,0,0,1,51.4592,-2.62105,1,"entertain","MUSICIAN","BS8",6
0.15485,3111,1,,0,0,51,"United Kingdom","22/01/2010",5,0,0,0,1,52.215,-0.919489,5,"mechanic","ENGINEER","NN4",4
3.85001,3112,1,,0,0,72,"United Kingdom","22/01/2010",5,0,0,1,2,56.134,-3.1833,10,"retired","RETIRED","KY25",6
1.0248,3113,1,,0,0,80,"United Kingdom","22/01/2010",6,0,0,0,1,55.3781,-3.43597,10,"retired","RETIRED","-",6
20.4747,3114,1,,0,0,52,"United Kingdom","22/01/2010",6,0,0,0,2,51.4824,-3.24817,6,"office","CIVIL SERVANT","CF5",5
10.2128,3115,1,,0,0,81,"United Kingdom","22/01/2010",4,0,0,1,1,53.7972,-3.03505,10,"retired","RETIRED","FY4",2
44.5123,3116,1,,0,0,42,"United Kingdom","22/01/2010",5,0,0,0,4,52.4597,-1.95528,6,"office","DIRECTOR","B17",317
15.1214,3117,1,,0,0,56,"United Kingdom","22/01/2010",5,0,0,0,2,55.011,-1.44722,2,"health","STAFF NURSE","NE30",15
33.4148,3118,1,,0,0,6,"United Kingdom","22/01/2010",6,0,0,0,4,52.3486,-1.96008,11,"schoolchild","SCHOOLCHILD","B48",53
39.3887,3119,1,,0,0,14,"United Kingdom","22/01/2010",5,0,0,0,4,52.0641,-0.794229,11,"schoolchild","STUDENT","MK13",26
11.2273,3120,1,,1,0,52,"United Kingdom","22/01/2010",5,0,0,0,5,51.656,-0.211073,2,"health","CHARTERED PHYSIOTHERAPIST","EN5",17
8.46069,3121,1,,0,0,71,"United Kingdom","22/01/2010",6,0,0,0,1,52.1546,1.36626,10,"retired","RETIRED","IP13",7
19.7854,3122,1,,0,0,68,"United Kingdom","22/01/2010",5,0,0,0,2,53.2991,-2.37981,10,"retired","RETIRED","WA16",13
8.12784,3123,1,,0,0,25,"United Kingdom","22/01/2010",5,0,0,1,3,52.4479,-1.85354,17,"unknown","-","B11",4
0.424011,3124,1,,0,0,74,"United Kingdom","22/01/2010",5,0,0,0,2,54.6404,-3.55519,10,"retired","RETIRED","CA14",3
17.05,3125,1,,0,0,51,"United Kingdom","22/01/2010",5,0,0,0,3,55.7832,-4.29202,2,"health","HEALTH VISITOR","G76",8
11.3087,3126,1,,0,0,85,"United Kingdom","22/01/2010",6,0,0,1,2,52.2181,-0.07001,10,"retired","RETIRED","CB23",39
1.97487,3127,1,,0,0,86,"United Kingdom","22/01/2010",5,0,0,1,2,50.9455,-1.40518,10,"retired","RETIRED","SO16",5
10.3199,3128,1,,0,0,59,"United Kingdom","22/01/2010",3,0,0,1,1,50.7372,-3.06809,6,"office","IT STRATEGIST","EX24",11
21.5891,3129,1,,0,0,76,"United Kingdom","22/01/2010",4,0,0,1,2,50.892,-4.03072,10,"retired","RETIRED","EX19",18
39.4758,3130,1,,0,0,4,"United Kingdom","22/01/2010",5,0,0,0,4,52.4466,-1.88745,7,"preschool","SCHOOLGIRL","B13",12
38.258,3131,1,,0,0,48,"United Kingdom","22/01/2010",5,0,0,0,5,52.9556,-1.082,6,"office","SOLICITOR","NG3",120
36.5733,3132,1,,0,0,60,"United Kingdom","22/01/2010",5,0,0,1,3,53.0226,-1.29097,5,"mechanic","ENGINEER","NG16",15
18.7263,3133,1,,0,0,70,"United Kingdom","22/01/2010",5,0,0,1,2,51.3786,1.32034,10,"retired","RETIRED","CT7",14
33.01,3134,1,,0,0,52,"United Kingdom","22/01/2010",6,0,0,0,2,52.6798,-1.81732,2,"health","MEDICAL SECRETARY","WS14",9
16.5495,3135,1,,0,0,70,"United Kingdom","22/01/2010",5,0,0,0,2,53.2967,-1.47441,10,"retired","RETIRED","S18",6
1.43157,3136,1,,0,0,55,"United Kingdom","22/01/2010",5,0,0,0,1,51.595,-0.0809,16,"unemployed","UNEMPLOYED","N17",1
11.6688,3137,1,,0,0,30,"United Kingdom","22/01/2010",5,0,0,0,2,57.6397,-3.29968,6,"office","SOLICITOR","IV30",4
0.589607,3138,1,,0,0,86,"United Kingdom","22/01/2010",5,0,0,1,1,51.5485,0.650995,10,"retired","RETIRED","SS9",1
42.5735,3139,1,,0,0,46,"United Kingdom","22/01/2010",6,0,0,1,4,51.8724,0.161956,12,"service","CHARTERED SURVEYOR","CM23",36
3.02805,3140,1,,0,0,57,"United Kingdom","22/01/2010",6,0,0,1,5,51.3261,-0.529446,6,"office","OFFICE MANAGER","GU22",15
0.0840069,3141,1,,0,0,88,"United Kingdom","22/01/2010",6,0,0,0,1,51.6789,-1.26431,10,"retired","RETIRED","OX14",1
0.149774,3142,1,,0,0,56,"United Kingdom","22/01/2010",5,0,0,1,1,55.3578,-4.69082,12,"service","LICENSEE OF SNOOKER CLUB","KA19",1
6.50268,3143,1,,0,0,49,"United Kingdom","22/01/2010",6,0,0,1,1,53.4282,-2.95805,5,"mechanic","CAR MECHANIC","L42",9
14.0527,3144,1,,1,0,79,"United Kingdom","22/01/2010",5,0,0,1,2,53.8646,-3.04459,10,"retired","RETIRED","FY5",12
5.21109,3145,1,,0,0,49,"United Kingdom","22/01/2010",6,0,0,0,1,52.3761,-1.75307,12,"service","PHARMACIST","B93",2
6.73349,3146,1,,0,0,-1,"United Kingdom","22/01/2010",5,0,0,-1,-1,55.3781,-3.43597,17,"unknown","-","-",13
33.3157,3147,1,,0,0,45,"United Kingdom","22/01/2010",4,0,0,0,6,51.3958,-2.1642,12,"service","RETAIL MANAGER","SN12",94
0.00423626,3148,1,,1,0,81,"United Kingdom","22/01/2010",3,0,0,1,1,53.6183,-2.60224,10,"retired","RETIRED","PR6",1
25.45,3149,1,,1,0,61,"United Kingdom","22/01/2010",3,0,0,0,2,55.959,-3.30171,12,"service","COACH/TRAINER/SALES","EH4",38
13.844,3150,1,,0,0,49,"United Kingdom","22/01/2010",5,0,0,1,2,51.6784,-0.314176,12,"service","SHOPKEEPER","WD7",101
15.4783,3151,1,,0,0,64,"United Kingdom","22/01/2010",6,0,0,0,2,54.8213,-1.74145,10,"retired","RETIRED","DH7",5
24.1041,3152,1,,0,0,49,"United Kingdom","22/01/2010",5,0,0,0,6,51.8768,0.572065,14,"teaching","MUSIC TEACHER","CM7",8
16.9564,3153,1,,0,0,65,"United Kingdom","22/01/2010",6,0,0,0,1,52.3868,-0.691992,10,"retired","RETIRED","NN15",490
0.455478,3154,1,,0,0,55,"United Kingdom","22/01/2010",6,0,0,0,1,51.4466,-0.328229,6,"office","EXECUTIVE ASSISTANT","TW1",3
24.3839,3155,1,,0,0,46,"United Kingdom","22/01/2010",6,0,0,0,5,52.325,-0.069629,6,"office","ACCOUNTS SUPERVISOR","PE27",8
1.33362,3156,1,,0,0,85,"United Kingdom","22/01/2010",5,0,0,0,1,53.7776,-1.78484,10,"retired","RETIRED","BD7",5
10.7755,3157,1,,0,0,73,"United Kingdom","22/01/2010",5,0,0,1,2,55.3781,-3.43597,10,"retired","RETIRED","-",18
17.6189,3158,1,,0,0,57,"United Kingdom","22/01/2010",5,0,0,1,2,53.6326,-3.01934,12,"service","HERBALIST","PR8",6
39.7467,3159,1,,0,0,7,"United Kingdom","22/01/2010",6,0,0,0,4,50.6875,-3.23762,17,"unknown","-","EX10",84
5.62143,3160,1,,0,0,66,"United Kingdom","22/01/2010",6,0,0,1,2,51.4681,-0.079633,10,"retired","RETIRED","SE5",2
21.5038,3161,1,,0,0,64,"United Kingdom","22/01/2010",5,0,0,-1,2,55.5108,-4.28799,6,"office","MARKET RESEARCH INTERVIEWER","KA5",30
7.75739,3162,1,,0,0,37,"United Kingdom","22/01/2010",5,0,0,0,3,53.401,-2.88504,2,"health","MAMMOGRAPHER","L16",4
39.9875,3163,1,,0,0,65,"United Kingdom","22/01/2010",5,0,0,1,2,55.4227,-5.60264,10,"retired","RETIRED","PA28",15
9.77725,3164,1,,0,0,65,"United Kingdom","22/01/2010",4,0,0,1,2,51.1094,-2.45878,10,"retired","RETIRED","BA10",9
42.7177,3165,1,,0,0,52,"United Kingdom","22/01/2010",6,0,0,0,2,51.359,-2.35965,17,"unknown","SELF EMPLOYED","BA2",21
56.0889,3166,1,,0,0,68,"United Kingdom","22/01/2010",5,0,0,1,1,52.4675,-2.12824,2,"health","HOSPITAL DOMESTIC","DY5",35
4.58082,3167,1,,0,0,28,"United Kingdom","22/01/2010",5,0,0,0,2,52.3465,-0.173405,6,"office","PROJECT WORKER","PE29",1
7.70959,3168,1,,0,0,69,"United Kingdom","22/01/2010",5,0,0,0,2,52.9557,-0.042582,10,"retired","RETIRED","PE21",10
1.09193,3169,1,,1,0,48,"United Kingdom","22/01/2010",6,0,0,0,4,51.4777,-0.949365,6,"office","HR MANAGER","RG4",7
30.0178,3170,1,,0,0,29,"United Kingdom","22/01/2010",5,0,0,0,3,51.12,0.55625,2,"health","NURSE","TN17",34
5.32757,3171,1,,0,0,55,"United Kingdom","22/01/2010",5,0,0,1,2,50.9938,-1.46991,16,"unemployed","UNEMPLOYED","SO51",1
1.03266,3172,1,,1,0,78,"United Kingdom","22/01/2010",6,0,0,0,1,50.7936,-0.669301,17,"unknown","-","PO22",3
5.75034,3173,1,,0,0,58,"United Kingdom","22/01/2010",6,0,0,0,2,52.1257,-1.39975,14,"teaching","EDUCATION","OX17",5
30.0222,3174,1,,0,0,40,"United Kingdom","22/01/2010",6,0,0,1,5,50.759,-1.53884,17,"unknown","FISHERIES OFFICER","SO41",155
0.855246,3175,1,,0,0,89,"United Kingdom","22/01/2010",6,0,0,0,2,50.7204,-1.88092,10,"retired","RETIRED","BH2",1
6.47207,3176,1,,0,0,74,"United Kingdom","22/01/2010",5,0,0,0,2,52.4303,1.09814,10,"retired","RETIRED","IP22",5
26.8255,3177,1,,0,0,37,"United Kingdom","22/01/2010",5,0,0,0,4,52.1862,0.996062,2,"health","DENTAL SURGEON","IP14",9
8.39177,3178,1,,0,0,77,"United Kingdom","22/01/2010",4,0,0,1,1,50.5289,-3.60795,17,"unknown","-","TQ12",8
10.9763,3179,1,,0,0,56,"United Kingdom","22/01/2010",6,0,0,0,4,NaN,NaN,12,"service","TRAINER/TUTOR","-",4
16.8795,3180,1,,0,0,34,"United Kingdom","22/01/2010",5,0,0,0,2,51.57,-0.297345,6,"office","INFORMATION MANAGER","HA9",32
7.9654,3181,1,,0,0,-1,"United Kingdom","22/01/2010",6,0,0,-1,-1,NaN,NaN,17,"unknown","-","-",5
0.118763,3182,1,,0,0,67,"United Kingdom","22/01/2010",5,0,0,1,1,NaN,NaN,10,"retired","RETIRED","-",2
39.8405,3183,1,,0,0,53,"United Kingdom","22/01/2010",5,0,0,1,4,52.0956,1.32182,8,"public","SOCIAL CARE WORKER","IP12",13
37.0895,3184,1,,0,0,48,"United Kingdom","22/01/2010",6,0,0,0,4,53.4173,-2.35411,2,"health","DOCTOR","M33",6
7.25736,3185,1,,0,0,64,"United Kingdom","22/01/2010",5,0,0,0,3,51.449,-0.014496,12,"service","CURTAIN MAKER","SE6",7
34.7295,3186,1,,0,0,5,"United Kingdom","22/01/2010",3,0,0,1,4,51.3538,-2.94887,11,"schoolchild","SCHOOLBOY","BS22",10
7.83296,3187,1,,0,0,50,"United Kingdom","22/01/2010",2,0,0,0,3,NaN,NaN,17,"unknown","-","-",6
21.5149,3188,1,,0,0,67,"United Kingdom","22/01/2010",6,0,0,0,2,52.5216,1.50859,10,"retired","RETIRED-WORKING PART TIME","NR14",25
16.7864,3189,1,,0,0,79,"United Kingdom","22/01/2010",5,0,0,1,2,NaN,NaN,10,"retired","RETIRED","-",5
42.3581,3190,1,,0,0,56,"United Kingdom","22/01/2010",6,0,0,0,2,51.9752,-0.766465,4,"labour","WAREHOUSE","MK17",245
0.235157,3191,1,,0,0,36,"United Kingdom","22/01/2010",6,0,0,0,1,51.5859,-1.79877,6,"office","CIVIL SERVANT","SN25",1
38.829,3192,1,,0,0,62,"United Kingdom","22/01/2010",5,0,0,0,2,51.5246,-0.342903,10,"retired","RETIRED","W7",16
6.2196,3193,1,,0,0,62,"United Kingdom","22/01/2010",5,0,0,0,2,52.0623,-0.744768,10,"retired","RETIRED","MK15",1
20.4406,3194,1,,1,0,59,"United Kingdom","22/01/2010",5,0,0,1,3,53.4093,-2.35155,6,"office","ARCHITECT","M33",14
17.8276,3195,1,,0,0,32,"United Kingdom","22/01/2010",5,0,0,0,4,53.4083,-2.3515,6,"office","LOGISTIC ASSISTANT","E9",7
15.3785,3196,1,,0,0,42,"United Kingdom","22/01/2010",5,0,0,0,1,51.524,-0.19821,17,"unknown","-","W9",9
29.1644,3197,1,,0,0,58,"United Kingdom","22/01/2010",6,0,0,0,2,52.9252,-2.99684,14,"teaching","TEACHING ASSISTANT","SY11",9
35.3049,3198,1,,0,0,30,"United Kingdom","22/01/2010",6,0,0,0,2,51.637,-0.391763,12,"service","BEAUTICIAN","WD19",38
14.0857,3199,1,,0,0,45,"United Kingdom","22/01/2010",5,0,0,0,3,52.5732,1.72953,6,"office","ACCOUNTS SUPERVISOR","NR31",11
30.7232,3200,1,,0,0,62,"United Kingdom","22/01/2010",6,0,0,1,2,52.4463,1.56287,8,"public","LOCAL GOVERNMENT","NR34",6
2.67123,3201,1,,0,0,60,"United Kingdom","22/01/2010",6,0,0,1,1,53.3901,-1.5039,16,"unemployed","UNEMPLOYED","S10",35
7.16015,3202,1,,0,0,87,"United Kingdom","22/01/2010",6,0,0,0,1,51.9174,0.229243,10,"retired","RETIRED","CM22",6
14.2219,3203,1,,1,0,61,"United Kingdom","22/01/2010",5,0,0,0,1,53.7566,-1.48697,8,"public","MOBILE SCHOOL CROSSING PATROL","LS26",43
6.69131,3204,1,,1,0,53,"United Kingdom","22/01/2010",5,0,0,0,3,51.715,-0.602336,12,"service","DOG CLIPPER","HP5",6
0.0187312,3205,1,,0,0,71,"United Kingdom","22/01/2010",5,0,0,1,1,50.7729,0.10141,10,"retired","RETIRED","BN25",1
12.9695,3206,1,,0,0,62,"United Kingdom","22/01/2010",6,0,0,0,3,52.0237,-0.787796,10,"retired","RETIRED","MK5",58
21.6191,3207,1,,0,0,-1,"United Kingdom","22/01/2010",5,0,0,-1,-1,NaN,NaN,17,"unknown","-","-",15
0.0107007,3208,1,,0,0,71,"United Kingdom","22/01/2010",6,0,0,0,1,51.2776,-0.435424,10,"retired","RETIRED","KT24",1
7.27712,3209,1,,0,0,36,"United Kingdom","22/01/2010",5,0,0,1,2,55.9379,-3.12473,5,"mechanic","PROFESSIONAL ENGINEER","EH15",3
10.892,3210,1,,0,0,36,"United Kingdom","22/01/2010",5,0,0,0,2,55.935,-3.11811,12,"service","ENVIRONMENTAL CONSULTANT","EH15",8
15.4769,3211,1,,1,0,60,"United Kingdom","22/01/2010",5,0,0,1,2,52.2447,0.11126,12,"service","SALES ASSISTANT","CB24",15
19.9499,3212,1,,1,0,66,"United Kingdom","22/01/2010",6,0,0,1,2,53.3544,-1.25293,10,"retired","RETIRED","S26",11
2.86045,3213,1,,0,0,52,"United Kingdom","22/01/2010",6,0,0,0,4,53.3798,-2.34343,6,"office","OFFICE MANAGER","WA15",14
0.119898,3214,1,,0,0,67,"United Kingdom","22/01/2010",6,0,0,1,2,52.7167,-1.77224,10,"retired","RETIRED","WS13",1
13.8931,3215,1,,0,0,30,"United Kingdom","22/01/2010",6,0,0,0,3,53.3736,-1.45131,8,"public","SOCIAL WORKER","S2",10
1.17128,3216,1,,0,0,77,"United Kingdom","22/01/2010",6,0,0,0,1,50.7213,-1.95361,10,"retired","RETIRED","BH14",1
2.1291,3217,1,,0,0,55,"United Kingdom","22/01/2010",6,0,0,0,2,50.9487,-2.63948,6,"office","PERSONAL ASSISTANT","BA21",4
8.85558,3218,1,,0,0,64,"United Kingdom","22/01/2010",5,0,0,0,2,53.7555,-0.435832,17,"unknown","LINGUIST","HU10",3
1.1547,3219,1,,0,0,54,"United Kingdom","22/01/2010",6,0,0,0,2,52.4715,-2.15728,6,"office","ADMINISTRATOR","DY8",3
33.0648,3220,1,,0,0,54,"United Kingdom","22/01/2010",6,0,0,0,1,53.763,-0.280572,12,"service","CRECHE WORKER","HU9",9
4.60295,3221,1,,0,0,-1,"United Kingdom","22/01/2010",6,0,0,-1,-1,NaN,NaN,17,"unknown","-","-",2
0.210532,3222,1,,0,0,85,"United Kingdom","22/01/2010",5,0,0,0,1,51.3745,0.73169,10,"retired","RETIRED","ME9",4
10.1182,3223,1,,0,0,48,"United Kingdom","22/01/2010",5,0,0,1,4,51.1961,-0.303947,17,"unknown","PETROLEUM ENGINEER","RH5",6
20.397,3224,1,,1,0,57,"United Kingdom","22/01/2010",6,0,0,0,1,50.8136,-0.375424,10,"retired","RETIRED","BN11",9
1.58484,3225,1,,0,0,55,"United Kingdom","22/01/2010",6,0,0,0,3,52.2886,-0.713416,2,"health","DOCTOR'S RECEPTIONIST","NN8",21
0.686101,3226,1,,0,0,70,"United Kingdom","22/01/2010",3,0,0,0,1,53.7952,-2.72112,10,"retired","RETIRED","PR2",13
0.384551,3227,1,,0,0,82,"United Kingdom","22/01/2010",5,0,0,1,2,NaN,NaN,10,"retired","RETIRED","-",1
2.65151,3228,1,,0,0,57,"United Kingdom","22/01/2010",5,0,0,0,2,53.1106,-2.25124,10,"retired","RETIRED","ST7",5
14.7147,3229,1,,0,0,12,"United Kingdom","22/01/2010",6,0,0,1,5,52.3243,-0.951098,11,"schoolchild","SCHOOLBOY","NN6",4
19.9991,3230,1,,0,0,22,"United Kingdom","22/01/2010",5,0,0,0,2,51.5339,-0.17874,2,"health","ANATOMIST","NW8",23
17.906,3231,1,,0,0,68,"United Kingdom","22/01/2010",6,0,0,0,2,52.6163,-1.12074,3,"home","HOUSEWIFE","LE2",61
2.47132,3232,1,,0,0,64,"United Kingdom","22/01/2010",5,0,0,1,2,53.9119,-2.77279,10,"retired","RETIRED","PR3",2
29.2283,3233,1,,0,0,38,"United Kingdom","22/01/2010",6,0,0,0,1,54.9707,-1.57715,2,"health","SHIATSU PRACTITIONER","NE6",8
13.1996,3234,1,,0,0,39,"United Kingdom","22/01/2010",5,0,0,0,2,52.5997,-1.11778,14,"teaching","TEACHER","LE2",20
5.5325,3235,1,,0,0,66,"United Kingdom","22/01/2010",5,0,0,0,1,50.8893,0.322431,10,"retired","RETIRED","BN27",1
6.89307,3236,1,,0,0,79,"United Kingdom","22/01/2010",6,0,0,0,2,52.5107,-0.833024,10,"retired","RETIRED","LE16",3
16.3642,3237,1,,0,0,60,"United Kingdom","22/01/2010",5,0,0,0,2,52.2554,-0.919571,10,"retired","RETIRED","NN5",8
25.1914,3238,1,,0,0,37,"United Kingdom","22/01/2010",5,0,0,0,2,52.5031,-2.04981,3,"home","HOUSEWIFE","B69",7
19.8847,3239,1,,0,0,56,"United Kingdom","22/01/2010",5,0,0,1,4,51.5089,-0.335509,6,"office","PRODUCTION MANAGER","W7",18
0.0368221,3240,1,,0,0,73,"United Kingdom","22/01/2010",5,0,0,0,1,51.5089,-0.33615,10,"retired","RETIRED","SW15",4
3.02619,3241,1,,0,0,52,"United Kingdom","22/01/2010",6,0,0,1,2,51.5978,-0.149761,9,"research","RESEARCHER","N10",4
17.7675,3242,1,,0,0,13,"United Kingdom","22/01/2010",6,0,0,0,4,50.8496,-1.18098,11,"schoolchild","SCHOOLGIRL","PO16",6
39.7456,3243,1,,0,0,45,"United Kingdom","22/01/2010",6,0,0,1,2,51.4295,-0.490044,5,"mechanic","AIRCRAFT ENGINEER","TW18",16
0.190615,3244,1,,0,0,96,"United Kingdom","22/01/2010",6,0,0,0,1,50.9742,-1.35026,10,"retired","RETIRED","SO50",2
9.13099,3245,1,,0,0,66,"United Kingdom","22/01/2010",5,0,0,0,1,51.1806,-0.318534,10,"retired","RETIRED","RH5",6
22.1251,3246,1,,0,0,73,"United Kingdom","22/01/2010",6,0,0,0,2,51.6178,-2.95968,10,"retired","SEMI-RETIRED FARMER","NP18",37
1.10379,3247,1,,0,0,63,"United Kingdom","22/01/2010",6,0,0,0,2,50.8392,-0.281609,10,"retired","RETIRED","BN43",2
13.8551,3248,1,,0,0,49,"United Kingdom","22/01/2010",6,0,0,0,2,53.3383,-3.0066,14,"teaching","PIANO TEACHER","CH63",50
1.20868,3249,1,,0,0,63,"United Kingdom","22/01/2010",5,0,0,0,3,NaN,NaN,12,"service","COUPLE COUNSELLOR","-",5
23.8444,3250,1,,0,0,76,"United Kingdom","26/01/2010",6,0,0,0,2,52.4908,-2.999,10,"retired","RETIRED","SY9",17
25.982,3251,1,,0,0,41,"United Kingdom","26/01/2010",6,0,0,0,4,51.09,-0.348049,3,"home","HOUSEWIFE/TEACHER","RH12",237
9.28308,3252,1,,0,0,67,"United Kingdom","26/01/2010",6,0,0,0,2,51.5683,-0.456127,10,"retired","RETIRED","UB10",15
25.4306,3253,1,,0,0,70,"United Kingdom","26/01/2010",6,0,0,0,2,51.4294,0.383435,10,"retired","RETIRED","DA12",95
13.4389,3254,1,,0,0,72,"United Kingdom","26/01/2010",6,0,0,1,2,51.2523,0.527174,10,"retired","RETIRED","ME15",14
3.68684,3255,1,,0,0,65,"United Kingdom","26/01/2010",5,0,0,0,2,52.5698,-1.80752,2,"health","NURSE","B75",4
14.6413,3256,1,,0,0,62,"United Kingdom","26/01/2010",6,0,0,1,2,52.9053,-0.842244,10,"retired","RETIRED","NG13",7
9.33604,3257,1,,0,0,-1,"United Kingdom","26/01/2010",6,0,0,1,2,NaN,NaN,10,"retired","RETIRED","-",3
30.5283,3258,1,,0,0,60,"United Kingdom","26/01/2010",0,0,0,0,2,50.9052,-3.33202,10,"retired","RETIRED","EX15",12
0.0213659,3259,1,,0,0,46,"United Kingdom","26/01/2010",6,0,0,0,2,50.9062,-1.02471,3,"home","HOUSEWIFE","PO8",1
36.9986,3260,1,,0,0,48,"United Kingdom","26/01/2010",0,0,0,0,5,50.7308,-3.60595,2,"health","OCCUPATIONAL THERAPIST","EX4",15
12.1203,3261,1,,0,0,64,"United Kingdom","26/01/2010",6,0,0,1,2,50.7944,-1.12153,10,"retired","RETIRED","PO12",6
4.06638,3262,1,,0,0,76,"United Kingdom","26/01/2010",2,0,0,1,2,53.6955,-2.6314,10,"retired","RETIRED PENSION ADVISER","PR6",6
10.7351,3263,1,,0,0,29,"United Kingdom","26/01/2010",6,0,0,0,3,50.8474,-1.104,8,"public","ROYAL NAVY OFFICER","PO6",9
44.6052,3264,1,,0,0,35,"United Kingdom","26/01/2010",5,0,0,0,4,50.7847,-1.08816,8,"public","ROYAL NAVY OFFICER","PO5",39
38.9401,3265,1,,0,0,45,"United Kingdom","26/01/2010",5,0,0,0,4,53.8412,-2.20785,6,"office","MANAGER","BB9",38
8.77159,3266,1,,0,0,52,"United Kingdom","26/01/2010",5,0,0,0,2,50.7864,-0.71587,17,"unknown","DRIVER","PO21",3
6.40017,3267,1,,0,0,64,"United Kingdom","26/01/2010",6,0,0,1,2,50.2468,-5.26736,10,"retired","RETIRED TEACHER","TR16",6
5.83178,3268,1,,0,0,62,"United Kingdom","26/01/2010",6,0,0,0,2,50.346,-3.68108,10,"retired","RETIRED","TQ9",4
43.3569,3269,1,,0,0,41,"United Kingdom","26/01/2010",3,0,0,0,4,51.4797,-0.18038,3,"home","HOUSEWIFE","SW10",23
15.2434,3270,1,,0,0,37,"United Kingdom","26/01/2010",6,0,0,0,1,51.4005,-0.632187,15,"transport","CABIN CREW","SL5",15
41.5798,3271,1,,0,0,58,"United Kingdom","26/01/2010",6,0,0,0,3,51.5694,-3.99106,10,"retired","RETIRED TEACHER","SA3",12
10.966,3272,1,,0,0,67,"United Kingdom","26/01/2010",5,0,0,1,2,53.7436,-1.69161,12,"service","ENGINEERS MERCHANT","BD19",15
5.72646,3273,1,,0,0,71,"United Kingdom","26/01/2010",6,0,0,1,2,51.088,-0.600423,10,"retired","RETIRED","GU8",6
7.58529,3274,1,,1,0,46,"United Kingdom","26/01/2010",6,0,0,1,1,51.401,-0.374011,6,"office","LAW","KT",1
7.9736,3275,1,,0,0,52,"United Kingdom","26/01/2010",6,0,0,1,2,51.5957,0.608119,17,"unknown","SAFETY OFFICER","SS6",4
3.11009,3276,1,,0,0,76,"United Kingdom","26/01/2010",5,0,0,0,2,53.585,-1.53797,10,"retired","RETIRED","S75",3
19.627,3277,1,,1,0,49,"United Kingdom","26/01/2010",5,0,0,0,2,56.1263,-3.13491,12,"service","CATERING SUPERVISOR","KY1",161
9.72802,3278,1,,0,0,81,"United Kingdom","26/01/2010",4,0,0,1,2,55.9231,-3.16997,10,"retired","RETIRED","EH16",6
26.2531,3279,1,,0,0,70,"United Kingdom","26/01/2010",4,0,0,0,2,51.5862,-1.81357,10,"retired","RETIRED TEACHER","SN25",47
36.2064,3280,1,,0,0,18,"United Kingdom","26/01/2010",0,0,0,0,3,51.2408,-2.54153,13,"student","STUDENT","BA3",81
19.706,3281,1,,1,0,67,"United Kingdom","26/01/2010",6,0,0,0,2,51.1229,-3.03054,10,"retired","RETIRED","TA6",27
1.5845,3282,1,,0,0,71,"United Kingdom","26/01/2010",0,0,0,1,2,51.2609,-2.18273,10,"retired","RETIRED","BA13",7
8.69574,3283,1,,0,0,62,"United Kingdom","26/01/2010",6,0,0,0,2,51.1535,-2.88966,3,"home","HOUSEWIFE","TA7",1
0.915795,3284,1,,1,0,85,"United Kingdom","26/01/2010",6,0,0,1,1,51.437,-2.60684,10,"retired","RETIRED","BS3",1
27.8198,3285,1,,1,0,55,"United Kingdom","26/01/2010",6,0,0,0,2,52.9148,-1.31877,10,"retired","RETIRED","DE72",7
33.6866,3286,1,,0,0,72,"United Kingdom","26/01/2010",6,0,0,0,1,54.2969,-1.34271,10,"retired","RETIRED","YO7",45
11.0317,3287,1,,0,0,53,"United Kingdom","26/01/2010",6,0,0,1,2,51.5436,-0.10666,6,"office","ACCOUNTANT","N1",9
0.124708,3288,1,,0,0,-1,"United Kingdom","26/01/2010",5,0,0,-1,2,NaN,NaN,17,"unknown","-","-",1
22.8813,3289,1,,0,0,41,"United Kingdom","26/01/2010",5,0,0,0,4,53.3295,-1.52381,3,"home","HOUSEWIFE","S17",20
0.285372,3290,1,,0,0,67,"United Kingdom","26/01/2010",6,0,0,1,2,53.7179,-1.63653,10,"retired","RETIRED","WF17",5
9.44699,3291,1,,0,0,62,"United Kingdom","26/01/2010",5,0,0,1,2,56.0982,-3.36615,10,"retired","RETIRED","KY40",5
2.44984,3292,1,,0,0,63,"United Kingdom","26/01/2010",6,0,0,0,1,53.3646,-1.20676,10,"retired","RETIRED","S25",4
27.8847,3293,1,,1,0,79,"United Kingdom","26/01/2010",6,0,0,0,1,53.3448,-1.3717,10,"retired","PENSIONER","S12",55
8.15732,3294,1,,0,0,65,"United Kingdom","26/01/2010",5,0,0,1,3,51.5381,-0.12178,6,"office","FINANCIAL CONTROLLER","N1",3
1.94433,3295,1,,0,0,79,"United Kingdom","26/01/2010",6,0,0,1,2,53.4218,-1.06705,10,"retired","RETIRED","DN11",1
33.3839,3296,1,,0,0,62,"United Kingdom","26/01/2010",6,0,0,0,2,50.809,-0.059182,10,"retired","RETIRED TEACHER","BN2",15
3.02041,3297,1,,0,0,51,"United Kingdom","26/01/2010",6,0,0,0,2,51.3808,-0.223566,12,"service","SALES","KT4",6
15.8756,3298,1,,0,0,65,"United Kingdom","26/01/2010",6,0,0,1,2,51.4091,-1.25414,17,"unknown","SELF EMPLOYED","RG18",6
0.519336,3299,1,,0,0,36,"United Kingdom","26/01/2010",3,0,0,0,4,56.0356,-2.82972,2,"health","NURSE","EH31",5
23.522,3300,1,,0,0,63,"United Kingdom","26/01/2010",6,0,0,0,2,53.1093,-2.17796,10,"retired","RETIRED","ST8",157
7.97506,3301,1,,0,0,24,"United Kingdom","26/01/2010",6,0,0,0,3,53.26,-1.38446,6,"office","TEAM MANAGER","S43",7
38.4003,3302,1,,0,0,-1,"United Kingdom","26/01/2010",5,0,0,-1,-1,NaN,NaN,17,"unknown","-","-",19
17.0876,3303,1,,0,0,64,"United Kingdom","26/01/2010",4,0,0,0,1,51.9788,-2.43971,3,"home","HOUSEWIFE","GL18",16
29.4758,3304,1,,0,0,65,"United Kingdom","26/01/2010",5,0,0,0,2,53.3407,-1.3348,3,"home","HOUSEWIFE","S20",8
4.19724,3305,1,,0,0,42,"United Kingdom","26/01/2010",6,0,0,0,1,51.4927,-0.268238,14,"teaching","TEACHER","W4",19
17.308,3306,1,,0,0,58,"United Kingdom","26/01/2010",6,0,0,0,2,51.3216,-0.117598,14,"teaching","TEACHER","CR8",14
11.7141,3307,1,,0,0,-1,"United Kingdom","26/01/2010",6,0,0,-1,-1,NaN,NaN,17,"unknown","-","-",10
2.17776,3308,1,,0,0,76,"United Kingdom","26/01/2010",6,0,0,0,1,51.8841,-0.450249,10,"retired","RETIRED","LU1",10
14.7046,3309,1,,0,0,72,"United Kingdom","26/01/2010",5,0,0,1,2,52.5813,-1.90068,10,"retired","RETIRED","B74",9
14.2994,3310,1,,0,0,51,"United Kingdom","26/01/2010",6,0,0,1,4,52.4039,-4.03988,17,"unknown","PHOTOGRAPHER","SY23",9
36.7851,3311,1,,0,0,75,"United Kingdom","26/01/2010",6,0,0,1,1,52.3792,-2.4899,10,"retired","PENSIONER","DY14",15
10.9339,3312,1,,0,0,48,"United Kingdom","26/01/2010",5,0,0,1,3,52.3388,-3.95829,9,"research","SCIENTIST","SY23",11
9.90255,3313,1,,1,0,73,"United Kingdom","26/01/2010",6,0,0,0,2,53.5581,-3.07964,10,"retired","RETIRED","L37",6
9.51561,3314,1,,0,0,40,"United Kingdom","26/01/2010",5,0,0,0,3,54.8733,-1.84908,9,"research","UNIVERSITY LECTURER","DH8",8
4.83506,3315,1,,0,0,53,"United Kingdom","26/01/2010",6,0,0,1,1,51.3123,-0.123467,12,"service","PROPERTY DEVELOPMENT","CR5",3
3.99075,3316,1,,0,0,41,"United Kingdom","26/01/2010",5,0,0,0,2,52.4272,-1.94158,2,"health","PHYSIOTHERAPIST","B30",13
36.5416,3317,1,,0,0,-1,"United Kingdom","26/01/2010",6,0,0,-1,-1,53.5607,-2.44858,17,"unknown","-","BL3",21
16.2983,3318,1,,0,0,35,"United Kingdom","26/01/2010",5,0,0,0,4,51.4157,-0.185926,6,"office","DIRECTOR","SW19",4
13.2792,3319,1,,0,0,57,"United Kingdom","26/01/2010",0,0,0,0,1,50.7491,-2.28527,12,"service","HOME CARE ASSISTANT","DT2",6
1.77214,3320,1,,1,0,63,"United Kingdom","26/01/2010",5,0,0,0,2,50.9374,-1.42273,12,"service","HOME HELP","SO16",4
8.86624,3321,1,,0,0,63,"United Kingdom","26/01/2010",5,0,0,1,3,53.83,-1.79574,5,"mechanic","ENGINEER","BD18",10
0.219409,3322,1,,0,0,61,"United Kingdom","26/01/2010",6,0,0,1,2,51.9236,-3.92513,4,"labour","FARMER","SA19",1
3.33277,3323,1,,0,0,58,"United Kingdom","26/01/2010",5,0,0,0,1,52.9832,-1.49002,10,"retired","RETIRED","DE56",1
35.9595,3324,1,,0,0,-1,"United Kingdom","26/01/2010",5,0,0,-1,-1,NaN,NaN,17,"unknown","-","-",12
2.84056,3325,1,,0,0,62,"United Kingdom","26/01/2010",6,0,0,0,1,51.4174,-0.138366,12,"service","LONDON BLUE BADGE TOURIST GUIDE","SW16",11
3.38795,3326,1,,0,0,70,"United Kingdom","26/01/2010",6,0,0,0,2,53.2133,-1.67512,3,"home","HOUSEKEEPING","DE45",1
0.0981203,3327,1,,0,0,76,"United Kingdom","26/01/2010",6,0,0,0,1,51.083,-1.69843,10,"retired","RETIRED","SP5",1
29.2665,3328,1,,0,0,72,"United Kingdom","26/01/2010",6,0,0,1,2,51.4513,-2.50816,10,"retired","RETIRED","BS15",344
22.7618,3329,1,,0,0,70,"United Kingdom","26/01/2010",5,0,0,1,2,50.9233,-1.51026,10,"retired","SEMI-RETIRED BUILDING CONSULTANT","SO40",13
11.1064,3330,1,,0,0,55,"United Kingdom","26/01/2010",6,0,0,0,3,52.4857,1.7179,2,"health","MIDWIFE","NR32",9
36.9269,3331,1,,0,0,65,"United Kingdom","26/01/2010",6,0,0,0,1,52.449,1.44062,10,"retired","RETIRED","NR35",16
7.18215,3332,1,,0,0,32,"United Kingdom","26/01/2010",5,0,0,0,2,53.1003,-1.12038,13,"student","MATURE STUDENT","NG21",8
17.345,3333,1,,0,0,54,"United Kingdom","26/01/2010",5,0,0,0,3,57.1882,-2.11596,12,"service","CLEANER","AB22",11
12.4844,3334,1,,0,0,56,"United Kingdom","26/01/2010",6,0,0,0,1,50.7529,-1.55771,10,"retired","RETIRED - VOLUNTEER WORK","SO41",7
12.8277,3335,1,,0,0,53,"United Kingdom","26/01/2010",6,0,0,0,4,54.6839,-1.22652,2,"health","DOCTOR","TS26",2
32.7023,3336,1,,0,0,26,"United Kingdom","26/01/2010",5,0,0,0,2,51.8153,-0.186636,6,"office","SECRETARY","AL7",41
13.5848,3337,1,,0,0,73,"United Kingdom","26/01/2010",0,0,0,0,2,55.1326,-3.34835,10,"retired","RETIRED","DG11",35
31.209,3338,1,,0,0,63,"United Kingdom","26/01/2010",6,0,0,0,2,52.9841,-2.09728,10,"retired","RETIRED","ST3",29
4.98974,3339,1,,0,0,46,"United Kingdom","26/01/2010",5,0,0,1,1,51.6452,-0.259311,2,"health","DOCTOR","WD6",22
3.65332,3340,1,,0,0,70,"United Kingdom","26/01/2010",5,0,0,1,2,51.0548,-1.34126,10,"retired","RETIRED","SO22",8
15.661,3341,1,,0,0,76,"United Kingdom","26/01/2010",6,0,0,1,1,53.255,-3.97544,10,"retired","RETIRED","LL33",30
11.8004,3342,1,,0,0,71,"United Kingdom","26/01/2010",6,0,0,0,2,55.3781,-3.43597,10,"retired","RETIRED","-",8
0.364788,3343,1,,0,0,82,"United Kingdom","26/01/2010",6,0,0,1,2,52.9735,-4.23929,10,"retired","RETIRED","LL51",3
4.52881,3344,1,,0,0,66,"United Kingdom","26/01/2010",6,0,0,1,2,54.4322,-1.21721,10,"retired","RETIRED","TS9",1
5.58825,3345,1,,0,0,26,"United Kingdom","26/01/2010",6,0,0,0,2,54.1316,-0.790008,14,"teaching","SECONDARY SCHOOL TEACHER","YO17",9
2.47864,3346,1,,0,0,49,"United Kingdom","26/01/2010",6,0,0,0,1,54.223,-1.34525,15,"transport","STEWARDESS","YO7",1
41.9991,3347,1,,0,0,75,"United Kingdom","26/01/2010",5,0,0,1,2,52.2873,-0.602951,10,"retired","RETIRED","NN10",20
11.7008,3348,1,,0,0,89,"United Kingdom","26/01/2010",5,0,0,0,1,51.7678,-0.013255,3,"home","HOUSEWIFE","EN11",6
0.0496448,3349,1,,0,0,55,"United Kingdom","26/01/2010",6,0,0,0,1,53.4338,-2.27495,8,"public","LOCAL GOVERNMENT MANAGER","M21",1
2.22448,3350,1,,0,0,77,"United Kingdom","26/01/2010",5,0,0,1,2,53.7583,-0.712711,10,"retired","RETIRED POLICE OFFICER","HU15",4
42.7348,3351,1,,0,0,62,"United Kingdom","26/01/2010",6,0,0,0,3,53.572,-2.34572,2,"health","SUPPORT CARER","M26",44
11.7619,3352,1,,0,0,79,"United Kingdom","26/01/2010",6,0,0,0,1,53.3704,-2.1651,10,"retired","RETIRED","SK7",17
10.2581,3353,1,,0,0,39,"United Kingdom","26/01/2010",6,0,0,0,5,50.5442,-2.43332,6,"office","CIVIL SERVANT","DT5",8
4.32771,3354,1,,0,0,60,"United Kingdom","26/01/2010",6,0,0,0,2,53.3713,-2.12187,6,"office","IT MANAGER","SK7",3
4.25733,3355,1,,1,0,74,"United Kingdom","26/01/2010",5,0,0,1,2,51.8733,0.91681,10,"retired","RETIRED","CO2",4
8.92566,3356,1,,0,0,78,"United Kingdom","26/01/2010",6,0,0,1,2,51.7816,0.911593,10,"retired","RETIRED","CO5",10
2.64113,3357,1,,0,0,71,"United Kingdom","26/01/2010",5,0,0,-1,2,51.737,0.50857,10,"retired","RETIRED","CM2",2
16.2763,3358,1,,1,0,60,"United Kingdom","26/01/2010",5,0,0,0,1,55.3781,-3.43597,8,"public","SOCIAL WORKER","-",11
42.7474,3359,1,,1,0,87,"United Kingdom","26/01/2010",6,0,0,1,2,50.7909,-3.19257,10,"retired","RETIRED","EX14",123
27.5063,3360,1,,0,0,31,"United Kingdom","26/01/2010",6,0,0,0,4,51.2815,-1.07737,3,"home","MOTHER/HOUSEWIFE","RG24",9
18.095,3361,1,,0,0,61,"United Kingdom","26/01/2010",6,0,0,0,2,51.385,-2.36132,6,"office","DIRECTOR","BA1",12
0.0803101,3362,1,,0,0,83,"United Kingdom","26/01/2010",6,0,0,1,1,52.9953,-3.9405,10,"retired","RETIRED","LL41",1
4.43418,3363,1,,0,0,54,"United Kingdom","26/01/2010",6,0,0,1,4,50.965,-2.46256,12,"service","SURVEYOR","DT9",3
3.06058,3364,1,,0,0,72,"United Kingdom","26/01/2010",5,0,0,1,2,51.3932,0.30407,10,"retired","RETIRED","DA3",4
44.1916,3365,1,,0,0,62,"United Kingdom","26/01/2010",6,0,0,1,3,52.4017,-1.60085,10,"retired","RETIRED","CV4",140
9.04061,3366,1,,0,0,62,"United Kingdom","26/01/2010",6,0,0,1,2,53.376,-1.50018,10,"retired","RETIRED","S10",2
27.201,3367,1,,0,0,9,"United Kingdom","26/01/2010",6,0,0,1,3,52.5045,-2.15944,11,"schoolchild","SCHOOLCHILD","DY6",8
21.1924,3368,1,,0,0,47,"United Kingdom","26/01/2010",6,0,0,0,2,53.26,-1.39743,3,"home","DISABLED","S43",14
30.1465,3369,1,,1,0,78,"United Kingdom","26/01/2010",6,0,0,1,2,51.6827,-4.1343,10,"retired","RETIRED","SA15",44
35.3019,3370,1,,0,0,29,"United Kingdom","26/01/2010",5,0,0,0,3,52.9095,-2.47934,3,"home","HOUSEWIFE","TF9",11
9.51281,3371,1,,0,0,70,"United Kingdom","26/01/2010",6,0,0,1,2,53.249,-2.63924,10,"retired","RETIRED","WA6",12
1.23473,3372,1,,0,0,-1,"United Kingdom","26/01/2010",5,0,0,0,1,53.1482,-1.2104,10,"retired","RETIRED","NG",1
20.2029,3373,1,,0,0,62,"United Kingdom","26/01/2010",6,0,0,0,2,51.0305,-3.07852,8,"public","LIBRARIAN","TA2",69
19.2006,3374,1,,0,0,39,"United Kingdom","26/01/2010",6,0,0,0,2,52.4684,-1.50829,6,"office","CREDIT CONTROLLER","CV12",14
5.77159,3375,1,,0,0,47,"United Kingdom","26/01/2010",5,0,0,0,1,52.7449,-3.88428,6,"office","CLERK/TYPIST","LL40",6
12.3234,3376,1,,0,0,57,"United Kingdom","26/01/2010",5,0,0,1,2,52.7246,-2.42019,17,"unknown","-","TF2",84
6.18838,3377,1,,1,0,49,"United Kingdom","26/01/2010",6,0,0,0,4,52.7246,-2.42019,17,"unknown","-","SW15",4
2.52606,3378,1,,0,0,65,"United Kingdom","26/01/2010",6,0,0,1,2,52.2847,1.02688,6,"office","DIRECTOR","IP14",7
31.3191,3379,1,,1,0,65,"United Kingdom","26/01/2010",5,0,0,1,2,52.3949,-0.717983,10,"retired","RETIRED","NN15",139
34.7711,3380,1,,0,0,63,"United Kingdom","26/01/2010",0,0,0,1,2,51.7247,-2.75738,10,"retired","RETIRED","NP16",10
16.3484,3381,1,,0,0,33,"United Kingdom","26/01/2010",5,0,0,0,3,53.3835,-2.48704,2,"health","OPTOMETRIST","WA13",11
10.484,3382,1,,0,0,73,"United Kingdom","26/01/2010",6,0,0,0,2,53.475,-2.36965,10,"retired","RETIRED","M30",119
2.51595,3383,1,,0,0,19,"United Kingdom","26/01/2010",5,0,0,0,2,53.5096,-2.53145,2,"health","CARER","WN7",3
3.86046,3384,1,,0,0,30,"United Kingdom","26/01/2010",6,0,0,1,2,52.9529,0.855605,14,"teaching","TEACHING ASSISTANT","NR23",3
1.63115,3385,1,,0,0,58,"United Kingdom","26/01/2010",6,0,0,1,2,52.6999,1.70318,6,"office","MANAGER","NR29",5
19.1867,3386,1,,0,0,84,"United Kingdom","26/01/2010",1,0,0,1,2,51.849,-2.22576,10,"retired","RETIRED","GL",19
8.19861,3387,1,,0,0,36,"United Kingdom","26/01/2010",6,0,0,0,1,51.4281,0.035286,8,"public","LIBRARIAN","SE9",2
18.9026,3388,1,,0,0,64,"United Kingdom","26/01/2010",5,0,0,1,2,52.4056,-1.53089,10,"retired","RETIRED","CV5",9
1.08708,3389,1,,0,0,38,"United Kingdom","26/01/2010",5,0,0,1,4,51.4792,0.180495,17,"unknown","PORN STAR","DA8",1
16.0072,3390,1,,0,0,73,"United Kingdom","26/01/2010",0,0,0,0,1,50.7199,-3.53164,10,"retired","RETIRED","EX1",8
1.52157,3391,1,,1,0,41,"United Kingdom","26/01/2010",0,0,0,0,2,54.0656,-2.80032,16,"unemployed","UNEMPLOYED","LA1",7
10.9696,3392,1,,0,0,59,"United Kingdom","26/01/2010",6,0,0,0,2,50.8366,-0.215285,10,"retired","RETIRED","BN41",2
27.6334,3393,1,,0,0,60,"United Kingdom","26/01/2010",5,0,0,1,2,54.0825,-0.8953,9,"research","SCIENTIST","YO60",28
5.05308,3394,1,,0,0,55,"United Kingdom","26/01/2010",6,0,0,0,4,50.9099,-1.40732,14,"teaching","WORK IN SCHOOL","SO15",1
16.4965,3395,1,,0,0,79,"United Kingdom","26/01/2010",6,0,0,0,1,51.4447,-2.49235,10,"retired","RETIRED","BS30",9
18.7085,3396,1,,0,0,61,"United Kingdom","26/01/2010",5,0,0,0,1,53.9995,-1.55653,10,"retired","RETIRED","HG3",25
13.6335,3397,1,,0,0,95,"United Kingdom","26/01/2010",5,0,0,0,1,53.6707,-2.95344,10,"retired","RETIRED","PR9",10
34.39,3398,1,,0,0,60,"United Kingdom","26/01/2010",6,0,0,0,2,51.8498,-0.176133,8,"public","MAGISTRATE","SG3",7
30.7815,3399,1,,0,0,61,"United Kingdom","26/01/2010",5,0,0,1,2,53.2891,-3.05479,2,"health","CARE HOME OWNER","CH64",11
42.7044,3400,1,,0,0,70,"United Kingdom","26/01/2010",5,0,0,0,2,52.902,-1.49804,17,"unknown","-","DE23",15
0.760721,3401,1,,0,0,72,"United Kingdom","26/01/2010",5,0,0,0,1,50.7315,-1.92292,10,"retired","RETIRED","BH12",3
11.9545,3402,1,,1,0,82,"United Kingdom","26/01/2010",5,0,0,0,2,50.9234,-1.46622,10,"retired","RETIRED CIVIL SERVANT","SO16",2
6.97767,3403,1,,0,0,71,"United Kingdom","26/01/2010",0,0,0,1,2,51.9847,-2.67788,15,"transport","VOLUNTEER DRIVER COMMUNITY TRANSPORT","HR2",9
37.2972,3404,1,,0,0,34,"United Kingdom","26/01/2010",5,0,0,0,5,53.7063,-2.63361,2,"health","MIDWIFE","PR5",29
16.1868,3405,1,,0,0,59,"United Kingdom","26/01/2010",5,0,0,0,2,51.2549,-0.00468,6,"office","ADMINISTRATOR","RH8",12
15.7707,3406,1,,0,0,60,"United Kingdom","26/01/2010",6,0,0,0,2,52.614,-1.68626,10,"retired","RETIRED","B77",11
28.2013,3407,1,,1,0,40,"United Kingdom","26/01/2010",6,0,0,0,2,53.8107,-1.63385,12,"service","BAR PERSON","LS13",31
22.1563,3408,1,,0,0,62,"United Kingdom","26/01/2010",5,0,0,0,2,54.4859,-1.13642,10,"retired","RETIRED","TS",5
43.71,3409,1,,0,0,44,"United Kingdom","26/01/2010",6,0,0,0,1,54.9762,-1.71637,12,"service","MOBILE HAIRDRESSER","NE15",116
30.7068,3410,1,,1,0,44,"United Kingdom","26/01/2010",5,0,0,0,4,52.2052,0.751509,6,"office","ACCOUNTS MANAGER","IP30",15
7.63631,3411,1,,0,0,67,"United Kingdom","26/01/2010",1,0,0,1,3,52.1575,0.00294,10,"retired","RETIRED","CB23",11
21.0464,3412,1,,0,0,55,"United Kingdom","26/01/2010",5,0,0,0,3,51.6456,-0.774024,2,"health","NURSE","HP13",9
33.1237,3413,1,,0,0,33,"United Kingdom","26/01/2010",6,0,0,0,2,54.2468,-1.47134,14,"teaching","TEACHER","YO7",10
22.9129,3414,1,,0,0,50,"United Kingdom","26/01/2010",5,0,0,0,4,53.9022,-0.164966,3,"home","HOUSEWIFE","HU18",6
5.26884,3415,1,,0,0,59,"United Kingdom","26/01/2010",6,0,0,0,4,51.909,-0.577111,1,"entertain","MUSICIAN","LU7",7
15.9849,3416,1,,0,0,26,"United Kingdom","26/01/2010",5,0,0,0,1,51.3867,1.37925,8,"public","SUPPORT OFFICER","CT9",38
7.75667,3417,1,,0,0,38,"United Kingdom","26/01/2010",5,0,0,1,4,51.3823,1.38576,6,"office","EDITOR","SW2",4
38.3641,3418,1,,0,0,38,"United Kingdom","26/01/2010",6,0,0,0,2,54.2455,-0.774487,12,"service","CLIMBING INSTRUCTOR","YO18",43
7.90532,3419,1,,0,0,65,"United Kingdom","26/01/2010",6,0,0,1,2,50.7568,-1.98393,10,"retired","RETIRED TEACHER","BH18",7
26.9799,3420,1,,0,0,56,"United Kingdom","26/01/2010",6,0,0,0,2,53.1003,-1.12038,17,"unknown","SELF EMPLOYED","NG21",6
28.7621,3421,1,,0,0,49,"United Kingdom","26/01/2010",6,0,0,0,3,50.9672,-2.77067,5,"mechanic","AIRCRAFT ELECTRICIAN","TA12",4
0.794691,3422,1,,0,0,83,"United Kingdom","26/01/2010",5,0,0,0,1,51.8016,1.13001,10,"retired","RETIRED","CO16",15
12.8355,3423,1,,0,0,45,"United Kingdom","26/01/2010",0,0,0,0,2,51.5014,-2.65463,12,"service","VETERINARY NURSE","BS11",23
1.11273,3424,1,,0,0,75,"United Kingdom","26/01/2010",0,0,0,0,1,51.3606,-2.89764,10,"retired","RETIRED","BS22",3
39.812,3425,1,,0,0,43,"United Kingdom","26/01/2010",5,0,0,0,2,53.2738,-2.54594,14,"teaching","TEACHER","CW8",13
15.7058,3426,1,,0,0,32,"United Kingdom","26/01/2010",6,0,0,0,2,52.2325,0.125094,3,"home","HOUSEWIFE","CB4",7
21.4249,3427,1,,0,0,67,"United Kingdom","26/01/2010",6,0,0,0,2,51.4464,-2.51173,10,"retired","RETIRED","BS",10
11.4465,3428,1,,0,0,66,"United Kingdom","26/01/2010",6,0,0,0,3,50.5965,-1.20049,10,"retired","RETIRED","PO38",3
38.2955,3429,1,,0,0,50,"United Kingdom","26/01/2010",6,0,0,0,3,52.3689,1.24094,14,"teaching","TEACHING ASSISTANT","IP21",13
2.02234,3430,1,,0,0,56,"United Kingdom","26/01/2010",5,0,0,0,2,51.313,-0.620979,2,"health","CARER","GU21",10
24.4783,3431,1,,0,0,24,"United Kingdom","26/01/2010",5,0,0,0,3,53.4546,-2.32628,6,"office","FINANCE UNDERWRITER","M32",36
1.12839,3432,1,,0,0,64,"United Kingdom","26/01/2010",6,0,0,1,2,50.9528,-4.08755,10,"retired","RETIRED","EX38",2
8.46282,3433,1,,0,0,78,"United Kingdom","26/01/2010",0,0,0,0,1,50.741,-3.47813,10,"retired","RETIRED","EX4",16
9.74134,3434,1,,0,0,50,"United Kingdom","26/01/2010",5,0,0,1,1,50.8483,-0.199526,1,"entertain","ARTIST","BN3",17
36.9487,3435,1,,0,0,12,"United Kingdom","26/01/2010",6,0,0,1,4,52.0106,0.239045,11,"schoolchild","SCHOOL PUPIL","CB11",9
36.2692,3436,1,,0,0,28,"United Kingdom","26/01/2010",6,0,0,1,2,51.5383,0.404294,6,"office","BUSINESS ANALYST","SS17",10
9.0568,3437,1,,0,0,70,"United Kingdom","26/01/2010",0,0,0,1,1,50.3494,-3.57072,17,"unknown","CONSULTANT","TQ6",8
15.9846,3438,1,,0,0,60,"United Kingdom","26/01/2010",0,0,0,0,2,56.3313,-3.83208,6,"office","ADMINISTRATIVE SECRETARY","PH5",36
10.2848,3439,1,,1,0,78,"United Kingdom","26/01/2010",6,0,0,1,2,52.8851,1.21889,10,"retired","RETIRED","NR11",4
4.64247,3440,1,,1,0,16,"United Kingdom","26/01/2010",5,0,0,0,4,55.7543,-3.35603,11,"schoolchild","SCHOOL PUPIL","EH46",4
30.2147,3441,1,,0,0,74,"United Kingdom","26/01/2010",6,0,0,0,2,51.236,-0.204919,10,"retired","RETIRED","RH2",95
15.8404,3442,1,,0,0,42,"United Kingdom","26/01/2010",6,0,0,0,2,53.6882,-1.32313,17,"unknown","FASHION DESIGNER","WF8",8
30.5516,3443,1,,1,0,80,"United Kingdom","26/01/2010",6,0,0,0,1,53.7258,-1.81328,10,"retired","RETIRED","HX3",24
35.6699,3444,1,,0,0,46,"United Kingdom","26/01/2010",4,0,0,1,3,51.6817,-4.91957,4,"labour","FARMER","SA71",10
10.3351,3445,1,,0,0,-1,"United Kingdom","26/01/2010",5,0,0,-1,-1,55.3781,-3.43597,17,"unknown","-","-",10
27.1008,3446,1,,0,0,79,"United Kingdom","26/01/2010",4,0,0,1,1,54.5408,-3.56366,10,"retired","RETIRED","CA28",11
22.1519,3447,1,,0,0,39,"United Kingdom","26/01/2010",6,0,0,0,2,53.5078,-1.43064,8,"public","ENVIRONMENTAL HEALTH OFFICER","S744",10
19.1261,3448,1,,0,0,42,"United Kingdom","26/01/2010",6,0,0,0,2,53.3863,-2.90608,9,"research","UNIVERSITY ADMINISTRATOR","L18",5
8.30982,3449,1,,0,0,62,"United Kingdom","26/01/2010",6,0,0,0,3,51.43,0.056417,10,"retired","RETIRED","SE9",5
21.2206,3450,1,,0,0,48,"United Kingdom","26/01/2010",6,0,0,0,2,54.5527,-1.26851,12,"service","CUSTOMER SERVICE","TS5",30
9.00395,3451,1,,0,0,55,"United Kingdom","26/01/2010",1,0,0,1,1,55.3781,-3.43597,17,"unknown","-","-",1
6.78875,3452,1,,0,0,69,"United Kingdom","26/01/2010",0,0,0,1,2,52.0385,-2.70133,10,"retired","RETIRED","HR2",12
17.046,3453,1,,0,0,79,"United Kingdom","26/01/2010",1,0,0,0,2,52.1032,-2.30348,10,"retired","RETIRED HOUSEWIFE","WR14",7
7.45989,3454,1,,0,0,32,"United Kingdom","26/01/2010",3,0,0,1,2,56.5461,-3.26643,17,"unknown","FOREST SURVEYOR","PH",1
7.46441,3455,1,,0,0,84,"United Kingdom","26/01/2010",0,0,0,1,1,57.1043,-2.23434,10,"retired","RETIRED","AB13",3
1.51254,3456,1,,0,0,32,"United Kingdom","26/01/2010",5,0,0,0,1,57.135,-2.11199,2,"health","OUTPATIENTS ASSISTANT","AB10",2
3.67681,3457,1,,0,0,82,"United Kingdom","26/01/2010",5,0,0,1,1,51.2776,0.20252,10,"retired","RETIRED","TN13",1
0.00784685,3458,1,,0,0,77,"United Kingdom","26/01/2010",6,0,0,1,1,52.9582,-2.10547,10,"retired","RETIRED","ST3",1
3.32158,3459,1,,1,0,63,"United Kingdom","26/01/2010",6,0,0,0,2,52.9831,-2.09236,10,"retired","RETIRED TEACHER","ST3",1
11.9318,3460,1,,0,0,50,"United Kingdom","26/01/2010",4,0,0,0,2,51.3209,-2.5443,14,"teaching","TEACHER","BS39",14
8.60444,3461,1,,0,0,76,"United Kingdom","26/01/2010",5,0,0,0,1,52.7148,-2.10383,10,"retired","RETIRED","ST19",1
23.3255,3462,1,,0,0,35,"United Kingdom","26/01/2010",5,0,0,0,2,52.2889,-1.58329,12,"service","SALES MANAGER","CV34",11
42.6753,3463,1,,0,0,27,"United Kingdom","26/01/2010",5,0,0,0,2,53.3383,-1.52355,14,"teaching","TEACHER","S11",248
29.7686,3464,1,,0,0,68,"United Kingdom","26/01/2010",1,0,0,0,2,52.107,-2.07275,10,"retired","RETIRED NURSE","WR10",41
3.09549,3465,1,,0,0,72,"United Kingdom","26/01/2010",6,0,0,0,1,53.4952,-2.05816,10,"retired","RETIRED TEACHER","SK15",21
36.755,3466,1,,0,0,9,"United Kingdom","26/01/2010",6,0,0,0,4,52.6973,-2.72718,17,"unknown","-","SY2",11
18.686,3467,1,,0,0,80,"United Kingdom","26/01/2010",0,0,0,0,2,51.0919,-4.05537,10,"retired","RETIRED","EX31",10
25.9898,3468,1,,0,0,66,"United Kingdom","26/01/2010",6,0,0,0,2,52.9973,-1.10559,10,"retired","RETIRED","NG5",5
1.25683,3469,1,,1,0,75,"United Kingdom","26/01/2010",0,0,0,0,1,55.8925,-3.50647,10,"retired","RETIRED","EH54",2
35.5863,3470,1,,1,0,-1,"United Kingdom","26/01/2010",6,0,0,-1,-1,55.3781,-3.43597,17,"unknown","-","-",16
22.773,3471,1,,0,0,52,"United Kingdom","26/01/2010",5,0,0,0,4,51.4947,-0.035,17,"unknown","VOLUNTARY SECTOR WORKER","SE16",20
22.4941,3472,1,,0,0,33,"United Kingdom","26/01/2010",5,0,0,0,3,51.4639,-0.048933,8,"public","POLICE OFFICER","SE15",4
17.8645,3473,1,,0,0,69,"United Kingdom","26/01/2010",5,0,0,1,1,54.9458,-1.54349,10,"retired","RETIRED","NE10",11
4.21204,3474,1,,0,0,61,"United Kingdom","26/01/2010",1,0,0,1,2,56.1906,-4.07413,10,"retired","RETIRED","FK16",1
5.35687,3475,1,,0,0,37,"United Kingdom","26/01/2010",5,0,0,0,1,56.4694,-2.97619,13,"student","PART-TIME STUDENT","DD3",3
1.7102,3476,1,,0,0,53,"United Kingdom","26/01/2010",5,0,0,1,1,53.2109,-3.07184,16,"unemployed","UNEMPLOYED","CH5",2
42.7215,3477,1,,0,0,36,"United Kingdom","26/01/2010",6,0,0,0,5,51.6576,-0.199874,2,"health","NURSE","EN5",10
5.16152,3478,1,,0,0,77,"United Kingdom","26/01/2010",5,0,0,1,2,52.7182,-1.34177,10,"retired","RETIRED","LE67",8
0.518645,3479,1,,1,0,70,"United Kingdom","26/01/2010",1,0,0,0,1,52.1015,-2.31972,10,"retired","RETIRED","WR14",3
5.94245,3480,1,,0,0,69,"United Kingdom","26/01/2010",6,0,0,0,1,53.6462,-2.08637,6,"office","ACCOUNTS","OL15",2
36.0847,3481,1,,0,0,40,"United Kingdom","26/01/2010",1,0,0,0,3,55.6836,-4.5046,2,"health","AUDIOLOGIST","KA3",27
39.4098,3482,1,,1,0,64,"United Kingdom","26/01/2010",2,0,0,0,2,53.5484,-1.17261,10,"retired","RETIRED","DN5",13
18.5713,3483,1,,0,0,61,"United Kingdom","26/01/2010",3,0,0,0,1,56.055,-3.29522,10,"retired","RETIRED","KY3",22
14.6219,3484,1,,0,0,54,"United Kingdom","26/01/2010",1,0,0,0,1,56.4735,-3.03804,3,"home","DISABLED","DD2",37
5.21737,3485,1,,1,0,63,"United Kingdom","26/01/2010",2,0,0,0,1,51.416,-3.29359,17,"unknown","-","CF62",3
24.5756,3486,1,,0,0,33,"United Kingdom","26/01/2010",6,0,0,0,3,53.1153,-2.17481,12,"service","VETERINARY","ST8",23
18.5006,3487,1,,0,0,58,"United Kingdom","26/01/2010",5,0,0,0,2,51.5239,0.0175,2,"health","NURSE","E13",7
5.08191,3488,1,,0,0,57,"United Kingdom","26/01/2010",6,0,0,1,3,52.8708,-1.07885,6,"office","OFFICE WORKER","NG12",4
31.0926,3489,1,,0,0,67,"United Kingdom","26/01/2010",6,0,0,1,3,51.5964,0.036579,3,"home","HOUSE HUSBAND/RETIRED","E18",30
11.0424,3490,1,,0,0,31,"United Kingdom","26/01/2010",5,0,0,0,2,51.5954,0.03428,6,"office","SOLICITOR","SE13",9
14.1914,3491,1,,1,0,29,"United Kingdom","26/01/2010",5,0,0,1,3,51.5522,0.092404,12,"service","SALES","IG1",11
33.8134,3492,1,,0,0,20,"United Kingdom","26/01/2010",5,0,0,1,8,55.3781,-3.43597,13,"student","STUDENT","-",57
0.0508389,3493,1,,0,0,85,"United Kingdom","26/01/2010",6,0,0,0,1,53.7152,-1.37639,10,"retired","RETIRED","WF10",1
25.3446,3494,1,,0,0,32,"United Kingdom","26/01/2010",5,0,0,0,2,54.3796,-2.90639,12,"service","RETAIL MANAGER","LA23",15
32.7955,3495,1,,0,0,74,"United Kingdom","26/01/2010",6,0,0,0,1,55.3781,-3.43597,10,"retired","RETIRED","-",97
4.50169,3496,1,,0,0,46,"United Kingdom","26/01/2010",5,0,0,0,2,53.3775,-3.03133,8,"public","FIRE SAFETY OFFICER","CH42",7
23.1606,3497,1,,1,0,53,"United Kingdom","26/01/2010",2,0,0,1,2,55.9644,-3.19263,5,"mechanic","CIVIL ENGINEER","EH7",10
26.0574,3498,1,,0,0,67,"United Kingdom","26/01/2010",6,0,0,0,3,53.5583,-3.07152,10,"retired","RETIRED","L37",15
36.6526,3499,1,,1,0,69,"United Kingdom","26/01/2010",5,0,0,1,2,53.0173,-2.77316,10,"retired","RETIRED","SY14",15
5.3071,3500,1,,0,0,77,"United Kingdom","26/01/2010",1,0,0,1,1,55.1763,-2.81698,10,"retired","RETIRED","TD9",3
4.72454,3501,1,,0,0,81,"United Kingdom","26/01/2010",5,0,0,0,2,51.7576,0.838607,10,"retired","RETIRED","CM9",3
38.504,3502,1,,0,0,37,"United Kingdom","26/01/2010",5,0,0,1,4,51.5844,-0.07553,1,"entertain","CAMERAMAN","N15",26
7.13335,3503,1,,0,0,60,"United Kingdom","26/01/2010",6,0,0,0,2,51.9514,-4.59108,8,"public","EDUCATIONAL CONSULTANT","SA35",2
15.7898,3504,1,,0,0,59,"United Kingdom","26/01/2010",6,0,0,0,1,51.9514,-4.59108,3,"home","HOUSEWIFE","WC2B",9
1.58875,3505,1,,0,0,52,"United Kingdom","26/01/2010",2,0,0,0,2,53.2454,-2.62025,3,"home","HOME","CW8",4
0.839844,3506,1,,0,0,78,"United Kingdom","26/01/2010",6,0,0,1,1,51.2734,-1.12627,10,"retired","RETIRED ENGINEER","RG23",1
0.779014,3507,1,,0,0,72,"United Kingdom","26/01/2010",6,0,0,0,1,52.445,-1.77106,10,"retired","RETIRED","B92",1
1.04291,3508,1,,0,0,33,"United Kingdom","26/01/2010",6,0,0,0,2,53.8743,-1.89109,9,"research","RESEARCHER","BD21",2
5.50617,3509,1,,0,0,63,"United Kingdom","26/01/2010",5,0,0,0,1,52.0331,-0.49544,10,"retired","RETIRED","MK45",5
4.42304,3510,1,,0,0,80,"United Kingdom","26/01/2010",5,0,0,0,1,53.9052,-3.03069,10,"retired","RETIRED","FY7",3
43.1239,3511,1,,0,0,40,"United Kingdom","26/01/2010",2,0,0,0,2,54.1627,-3.12057,14,"teaching","TEACHER","LA12",71
3.46433,3512,1,,0,0,74,"United Kingdom","26/01/2010",6,0,0,1,1,53.6763,-1.57669,10,"retired","RETIRED","WF5",1
32.7524,3513,1,,0,0,62,"United Kingdom","26/01/2010",2,0,0,0,3,55.8627,-4.02815,10,"retired","RETIRED TEACHER","ML5",20
6.28063,3514,1,,0,0,30,"United Kingdom","26/01/2010",5,0,0,0,2,52.2608,-0.842604,8,"public","POLICE OFFICER","NN4",10
14.8095,3515,1,,0,0,38,"United Kingdom","26/01/2010",5,0,0,1,2,53.5792,-1.06967,4,"labour","MACHINIST","DN3",23
16.8568,3516,1,,0,0,31,"United Kingdom","26/01/2010",2,0,0,1,2,51.5223,-2.4994,13,"student","POSTGRADUATE STUDENT","BS36",32
21.8365,3517,1,,0,0,61,"United Kingdom","26/01/2010",3,0,0,1,3,51.6432,-3.33383,10,"retired","RETIRED","CF45",15
36.4303,3518,1,,0,0,54,"United Kingdom","26/01/2010",6,0,0,1,2,54.8736,-1.4413,8,"public","VICAR","SR3",112
1.07745,3519,1,,0,0,67,"United Kingdom","26/01/2010",0,0,0,0,1,51.2385,-2.99367,10,"retired","RETIRED","TA8",1
38.0106,3520,1,,0,0,76,"United Kingdom","26/01/2010",6,0,0,0,1,52.75,-0.88924,10,"retired","RETIRED TEACHER","LE13",11
42.0023,3521,1,,0,0,30,"United Kingdom","26/01/2010",6,0,0,0,2,50.4653,-3.54569,8,"public","LOCAL GOVERNMENT","TQ2",14
1.34746,3522,1,,0,0,81,"United Kingdom","26/01/2010",5,0,0,1,2,52.3254,1.11183,10,"retired","RETIRED","IP23",1
29.6883,3523,1,,0,0,45,"United Kingdom","26/01/2010",5,0,0,1,4,52.0625,1.24031,6,"office","ACCOUNTANT","IP5",53
12.2826,3524,1,,0,0,87,"United Kingdom","26/01/2010",6,0,0,0,1,52.5931,-2.20621,10,"retired","RETIRED","WV6",4
18.0793,3525,1,,0,0,69,"United Kingdom","26/01/2010",5,0,0,1,2,55.8268,-4.46668,10,"retired","RETIRED","PA2",6
13.8509,3526,1,,0,0,60,"United Kingdom","26/01/2010",6,0,0,0,2,51.8051,-0.660892,10,"retired","RETIRED","HP23",5
23.4876,3527,1,,0,0,80,"United Kingdom","26/01/2010",6,0,0,1,2,51.8127,0.2098,10,"retired","RETIRED","CM22",9
10.1231,3528,1,,0,0,37,"United Kingdom","26/01/2010",5,0,0,0,1,53.5379,-2.65286,9,"research","LECTURER","WN5",6
2.9282,3529,1,,0,0,36,"United Kingdom","26/01/2010",6,0,0,0,1,53.5401,-1.53042,2,"health","NHS MANAGER","S75",1
26.2086,3530,1,,0,0,53,"United Kingdom","26/01/2010",6,0,0,0,2,54.9744,-1.76223,6,"office","SECRETARY","NE40",5
37.9181,3531,1,,0,0,77,"United Kingdom","26/01/2010",1,0,0,0,2,50.2379,-3.77427,10,"retired","RETIRED","TQ8",27
18.0717,3532,1,,0,0,27,"United Kingdom","26/01/2010",5,0,0,0,2,52.7678,-1.29899,2,"health","NHS PALS OFFICER","LE12",13
14.0581,3533,1,,0,0,48,"United Kingdom","26/01/2010",5,0,0,0,4,52.1839,-1.72324,9,"research","RESEARCH","CV37",4
2.04737,3534,1,,1,0,79,"United Kingdom","26/01/2010",6,0,0,1,1,52.3517,-1.26627,10,"retired","RETIRED","CV22",1
12.6938,3535,1,,1,0,66,"United Kingdom","26/01/2010",6,0,0,0,1,52.0723,1.18573,10,"retired","PENSIONER","IP4",42
2.56526,3536,1,,0,0,57,"United Kingdom","26/01/2010",6,0,0,0,1,55.3781,-3.43597,16,"unemployed","UNEMPLOYED","-",3
20.5766,3537,1,,0,0,68,"United Kingdom","26/01/2010",6,0,0,1,2,53.5336,-2.95455,10,"retired","RETIRED","L31",7
0.116768,3538,1,,1,0,84,"United Kingdom","26/01/2010",5,0,0,0,1,52.9094,-1.01628,3,"home","HOUSEWIFE","NG12",1
8.65922,3539,1,,0,0,73,"United Kingdom","26/01/2010",6,0,0,1,66,51.4995,-0.22226,8,"public","SHELTERED HOUSING MANAGER","W6",35
1.61764,3540,1,,0,0,74,"United Kingdom","26/01/2010",5,0,0,0,1,50.9184,-1.41915,10,"retired","RETIRED","SO15",1
40.8838,3541,1,,0,0,40,"United Kingdom","26/01/2010",5,0,0,0,4,53.4473,-2.27441,14,"teaching","DEPUTY HEAD TEACHER","M21",19
16.1259,3542,1,,0,0,26,"United Kingdom","26/01/2010",1,0,0,0,2,55.9548,-3.15947,2,"health","NUTRITIONIST","EH8",13
16.691,3543,1,,0,0,40,"United Kingdom","26/01/2010",5,0,0,0,4,55.77,-4.06136,2,"health","PUBLIC HEALTH NURSE","ML3",10
3.99103,3544,1,,0,0,61,"United Kingdom","26/01/2010",3,0,0,0,4,51.054,-4.17852,17,"unknown","LANDLORD","EX39",7
24.7619,3545,1,,0,0,57,"United Kingdom","26/01/2010",6,0,0,0,2,52.8057,-1.11284,17,"unknown","CONSULTANT","LE12",12
8.03571,3546,1,,0,0,49,"United Kingdom","26/01/2010",6,0,0,1,2,51.4804,-0.1686,6,"office","SOFTWARE ENGINEER","SW11",7
14.4057,3547,1,,0,0,68,"United Kingdom","26/01/2010",6,0,0,1,2,53.4085,-2.54883,10,"retired","RETIRED","WA2",9
11.7586,3548,1,,0,0,68,"United Kingdom","26/01/2010",5,0,0,1,1,51.5548,-0.476222,10,"retired","RETIRED","UB8",17
12.4922,3549,1,,0,0,71,"United Kingdom","26/01/2010",3,0,0,1,1,52.7111,-2.75991,10,"retired","RETIRED","SY3",3
25.8989,3550,1,,0,0,40,"United Kingdom","26/01/2010",5,0,0,0,2,53.2907,-3.06484,6,"office","ADMINISTRATOR","CH64",13
16.6939,3551,1,,0,0,57,"United Kingdom","26/01/2010",5,0,0,0,1,52.5817,-4.09505,6,"office","NATIONAL TRADE UNION OFFICER","LL36",8
18.1823,3552,1,,0,0,34,"United Kingdom","26/01/2010",6,0,0,1,2,52.8266,-2.29839,6,"office","IT DIRECTOR","ST20",4
9.94999,3553,1,,0,0,63,"United Kingdom","26/01/2010",1,0,0,1,2,56.3376,-2.79517,10,"retired","RETIRED","KY16",2
12.7707,3554,1,,0,0,66,"United Kingdom","26/01/2010",2,0,0,0,2,56.487,-2.81783,10,"retired","RETIRED","DD5",6
43.2267,3555,1,,0,0,17,"United Kingdom","26/01/2010",6,0,0,0,2,55.0362,-1.47648,13,"student","STUDENT","NE25",17
2.21044,3556,1,,1,0,45,"United Kingdom","26/01/2010",2,0,0,1,1,55.1076,-4.15773,16,"unemployed","INCOME SUPPORT","DG7",5
32.6691,3557,1,,0,0,56,"United Kingdom","26/01/2010",4,0,0,1,1,55.9584,-3.21471,6,"office","COMMERCIAL MANAGER","EH4",16
7.78426,3558,1,,0,0,59,"United Kingdom","26/01/2010",5,0,0,1,1,58.937,-2.74288,12,"service","SILVERSMITH","KW17",12
14.2434,3559,1,,0,0,60,"United Kingdom","26/01/2010",4,0,0,1,2,51.4127,-2.31855,6,"office","SOFTWARE ENGINEER","BA1",16
2.32814,3560,1,,0,0,78,"United Kingdom","26/01/2010",5,0,0,1,1,54.143,-2.53241,10,"retired","RETIRED ENGINEER","LA6",2
24.5456,3561,1,,0,0,40,"United Kingdom","26/01/2010",2,0,0,0,4,51.674,-1.92464,6,"office","ADMIN OFFICER","GL7",15
0.098882,3562,1,,0,0,82,"United Kingdom","26/01/2010",6,0,0,0,1,51.674,-1.92464,10,"retired","RETIRED","SE12",1
2.28251,3563,1,,0,0,57,"United Kingdom","26/01/2010",6,0,0,0,1,53.3149,-2.32696,10,"retired","RETIRED NURSE","WA16",3
12.3489,3564,1,,0,0,89,"United Kingdom","26/01/2010",5,0,0,0,2,50.7397,-1.94208,10,"retired","RETIRED","BH12",4
2.50913,3565,1,,0,0,57,"United Kingdom","26/01/2010",4,0,0,1,2,52.9068,-1.53192,6,"office","HUMAN RESOURCES","DE3",10
21.6486,3566,1,,0,0,57,"United Kingdom","26/01/2010",6,0,0,0,1,51.1211,-0.144315,17,"unknown","AGRICULTURAL CONSULTANT","RH10",9
0.0505695,3567,1,,0,0,51,"United Kingdom","26/01/2010",6,0,0,1,3,52.9939,-1.49172,6,"office","OFFICE MANAGER","DE56",2
36.5847,3568,1,,1,0,35,"United Kingdom","26/01/2010",6,0,0,0,4,51.4101,-3.55238,2,"health","CARER","CF61",20
3.83369,3569,1,,0,0,86,"United Kingdom","26/01/2010",6,0,0,1,1,53.8518,-1.62511,10,"retired","RETIRED","LS16",1
30.0242,3570,1,,0,0,62,"United Kingdom","26/01/2010",1,0,0,0,2,50.7129,-1.98014,10,"retired","RETIRED TEACHER","BH15",14
8.99815,3571,1,,0,0,31,"United Kingdom","26/01/2010",5,0,0,0,2,52.2817,-0.646586,2,"health","RDN","NN",19
10.5778,3572,1,,0,0,63,"United Kingdom","26/01/2010",1,0,0,0,2,57.1175,-2.19765,10,"retired","RETIRED","AB15",3
3.0337,3573,1,,1,0,64,"United Kingdom","26/01/2010",5,0,0,0,2,52.4864,-1.90529,10,"retired","RETIRED","B3",4
37.8603,3574,1,,0,0,55,"United Kingdom","26/01/2010",5,0,0,1,2,53.5663,-0.680244,6,"office","LEGAL MANAGER","DN17",14
40.5825,3575,1,,0,0,-1,"United Kingdom","26/01/2010",2,0,0,-1,-1,55.3781,-3.43597,17,"unknown","-","-",25
39.4544,3576,1,,0,0,30,"United Kingdom","26/01/2010",5,0,0,0,3,51.6642,-0.10537,8,"public","POLICE OFFICER","EN2",17
33.3463,3577,1,,0,0,37,"United Kingdom","26/01/2010",5,0,0,0,1,53.3729,-2.94086,2,"health","DOCTOR","L17",220
25.9968,3578,1,,0,0,74,"United Kingdom","26/01/2010",5,0,0,1,2,51.0844,1.17795,10,"retired","RETIRED","CT20",5
21.3544,3579,1,,0,0,46,"United Kingdom","26/01/2010",1,0,0,0,4,51.4439,-2.48555,3,"home","HOUSEWIFE","BS30",7
3.5679,3580,1,,0,0,29,"United Kingdom","26/01/2010",6,0,0,1,1,52.1961,-1.73963,17,"unknown","PRODUCER","CV37",1
11.7254,3581,1,,0,0,81,"United Kingdom","26/01/2010",6,0,0,1,2,55.3781,-3.43597,10,"retired","RETIRED","-",6
21.4393,3582,1,,0,0,69,"United Kingdom","26/01/2010",5,0,0,1,1,51.2472,1.02767,10,"retired","RETIRED","CT4",81
6.16687,3583,1,,1,0,63,"United Kingdom","26/01/2010",1,0,0,1,1,57.1608,-2.21116,10,"retired","RETIRED","AB15",6
14.5044,3584,1,,0,0,63,"United Kingdom","26/01/2010",6,0,0,0,2,50.7296,-1.59034,17,"unknown","-","SO41",6
29.0303,3585,1,,0,0,30,"United Kingdom","26/01/2010",5,0,0,0,2,51.4981,-0.16414,12,"service","PILATES TEACHER","SW",12
10.0685,3586,1,,0,0,27,"United Kingdom","26/01/2010",5,0,0,0,2,51.4914,-0.11273,6,"office","ADMIN","SE11",9
5.51707,3587,1,,0,0,89,"United Kingdom","26/01/2010",6,0,0,0,1,50.58,-3.4706,10,"retired","RETIRED","EX7",1
8.67107,3588,1,,0,0,60,"United Kingdom","26/01/2010",6,0,0,1,2,51.9201,-0.68995,6,"office","DIRECTOR","LU7",4
31.928,3589,1,,0,0,38,"United Kingdom","26/01/2010",5,0,0,0,2,52.5045,-2.15944,2,"health","PSYCHOLOGIST","DY6",8
14.7331,3590,1,,1,0,63,"United Kingdom","26/01/2010",6,0,0,0,2,51.5732,0.402907,10,"retired","RETIRED","SS15",3
12.8532,3591,1,,0,0,64,"United Kingdom","26/01/2010",5,0,0,0,2,53.3206,-2.67813,10,"retired","RETIRED","WA7",4
21.6074,3592,1,,0,0,27,"United Kingdom","26/01/2010",6,0,0,0,4,51.333,-0.271106,3,"home","FULL TIME MUM","KT19",5
8.29371,3593,1,,0,0,60,"United Kingdom","26/01/2010",5,0,0,1,1,51.2594,0.565509,14,"teaching","TEACHER","ME15",18
1.81469,3594,1,,0,0,57,"United Kingdom","26/01/2010",5,0,0,1,2,51.4848,0.037922,2,"health","GP","SE7",5
36.9505,3595,1,,0,0,35,"United Kingdom","26/01/2010",6,0,0,1,3,51.8459,-0.663856,6,"office","IT SUPPORT","LU7",30
1.55443,3596,1,,0,0,60,"United Kingdom","26/01/2010",6,0,0,0,2,51.9502,-3.39091,14,"teaching","TEACHER","LD",1
9.22069,3597,1,,1,0,80,"United Kingdom","26/01/2010",6,0,0,0,1,51.554,-3.02498,10,"retired","RETIRED","NP10",16
20.9407,3598,1,,0,0,-1,"United Kingdom","26/01/2010",5,0,0,-1,2,53.442,-2.36843,17,"unknown","-","M41",8
22.5675,3599,1,,0,0,68,"United Kingdom","26/01/2010",5,0,0,0,2,50.8292,-0.766578,10,"retired","RETIRED","PO19",71
0.682815,3600,1,,0,0,58,"United Kingdom","26/01/2010",6,0,0,0,1,53.4114,-2.32959,17,"unknown","-","M33",1
0.150881,3601,1,,0,0,-1,"United Kingdom","26/01/2010",4,0,0,-1,-1,NaN,NaN,17,"unknown","-","-",2
40.7286,3602,1,,0,0,36,"United Kingdom","26/01/2010",0,0,0,1,3,55.8578,-4.24251,6,"office","SOLICITOR","G12",65
10.8681,3603,1,,0,0,49,"United Kingdom","26/01/2010",0,0,0,0,3,NaN,NaN,4,"labour","FARMING","-",7
39.6615,3604,1,,0,0,34,"United Kingdom","26/01/2010",6,0,0,0,1,51.8137,-0.040862,6,"office","GRAPHIC DESIGNER","SG12",26
1.84048,3605,1,,0,0,70,"United Kingdom","26/01/2010",5,0,0,0,1,55.0471,-1.63764,10,"retired","RETIRED TEACHER","NE13",3
10.1226,3606,1,,1,0,77,"United Kingdom","26/01/2010",6,0,0,0,1,51.5549,-0.376301,3,"home","HOUSEWIFE","UB5",6
1.75796,3607,1,,0,0,-1,"United Kingdom","26/01/2010",5,0,0,1,1,55.8196,-4.27548,8,"public","SECURITY OFFICER","G43",1
6.236,3608,1,,1,0,66,"United Kingdom","26/01/2010",6,0,0,0,1,54.8221,-1.38129,10,"retired","RETIRED","SR7",2
19.566,3609,1,,0,0,28,"United Kingdom","26/01/2010",6,0,0,0,2,50.8055,-0.529371,8,"public","SUPPORT WORKER","BN17",7
7.54347,3610,1,,0,0,70,"United Kingdom","26/01/2010",5,0,0,0,2,52.8805,1.43067,10,"retired","RETIRED TEACHER","NR11",1
12.1028,3611,1,,0,0,58,"United Kingdom","26/01/2010",2,0,0,0,1,51.4821,-2.48841,10,"retired","RETIRED","BS16",44
22.4103,3612,1,,0,0,80,"United Kingdom","26/01/2010",6,0,0,0,1,50.7155,-2.00866,10,"retired","RETIRED","BH15",6
33.0942,3613,1,,1,0,52,"United Kingdom","26/01/2010",5,0,0,0,2,53.4301,-2.21889,14,"teaching","TEACHING ASSISTANT","M20",85
37.1636,3614,1,,0,0,64,"United Kingdom","26/01/2010",5,0,0,0,1,50.8505,-1.15366,10,"retired","RETIRED","PO16",61
0.797049,3615,1,,0,0,82,"United Kingdom","26/01/2010",6,0,0,0,1,52.6347,1.23611,10,"retired","RETIRED","NR5",1
11.5371,3616,1,,1,0,36,"United Kingdom","26/01/2010",6,0,0,1,2,50.4054,-4.82972,16,"unemployed","REDUNDANT","PL26",30
28.007,3617,1,,0,0,81,"United Kingdom","26/01/2010",3,0,0,0,1,50.762,-3.44113,10,"retired","RETIRED","EX5",7
18.2991,3618,1,,0,0,12,"United Kingdom","26/01/2010",6,0,0,1,4,51.8062,-0.775878,11,"schoolchild","STUDENT","HP21",11
34.8121,3619,1,,0,0,32,"United Kingdom","26/01/2010",2,0,0,0,3,50.2658,-4.91798,8,"public","PROBATION OFFICER","TR2",11
10.2969,3620,1,,0,0,41,"United Kingdom","26/01/2010",6,0,0,0,3,51.8768,-0.166888,14,"teaching","BASIC SKILLS TUTOR","SG2",2
26.8139,3621,1,,0,0,78,"United Kingdom","26/01/2010",4,0,0,0,1,55.8278,-4.28398,10,"retired","RETIRED SCHOOL TEACHER","G41",10
1.03878,3622,1,,0,0,66,"United Kingdom","26/01/2010",5,0,0,0,1,52.1983,0.15141,10,"retired","RETIRED SECRETARY","CB1",1
39.1336,3623,1,,0,0,62,"United Kingdom","26/01/2010",3,0,0,0,2,50.2042,-5.49198,10,"retired","RETIRED","TR26",52
17.4039,3624,1,,0,0,52,"United Kingdom","26/01/2010",5,0,0,0,4,53.073,-1.37304,14,"teaching","LEARNING MENTOR","DE55",7
5.19027,3625,1,,0,0,40,"United Kingdom","26/01/2010",6,0,0,1,2,52.6265,0.899563,1,"entertain","CAMERAMAN","IP25",1
35.3628,3626,1,,0,0,25,"United Kingdom","26/01/2010",2,0,0,0,2,51.5919,-3.22821,6,"office","ADMIN ASSISTANT","CF83",23
14.1875,3627,1,,0,0,56,"United Kingdom","26/01/2010",6,0,0,0,2,50.6994,-1.30726,8,"public","LOCAL GOVERNMENT","PO30",107
30.8965,3628,1,,0,0,29,"United Kingdom","26/01/2010",0,0,0,0,1,51.8209,0.643768,12,"service","DELIVERY DRIVER","CM8",34
16.9478,3629,1,,0,0,70,"United Kingdom","26/01/2010",5,0,0,1,2,53.3922,-2.57993,10,"retired","RETIRED","WA1",9
39.1993,3630,1,,0,0,39,"United Kingdom","26/01/2010",5,0,0,1,2,52.6403,1.30104,9,"research","SOCIOLOGIST","NR3",16
5.77402,3631,1,,0,0,36,"United Kingdom","26/01/2010",6,0,0,0,2,52.6404,1.30142,17,"unknown","PROFESSIONAL COACH","NW10",8
7.826,3632,1,,0,0,44,"United Kingdom","26/01/2010",5,0,0,0,1,53.8219,-1.82838,2,"health","GP","BD16",37
1.5118,3633,1,,0,0,54,"United Kingdom","26/01/2010",6,0,0,0,1,52.0378,-0.300487,6,"office","HEAD OF HUMAN RESOURCES","SG17",3
1.07652,3634,1,,0,0,66,"United Kingdom","26/01/2010",2,0,0,1,1,50.3952,-4.17037,10,"retired","RETIRED","PL2",12
41.6189,3635,1,,0,0,43,"United Kingdom","26/01/2010",5,0,0,0,3,50.9165,-1.50692,17,"unknown","-","SO40",86
8.80777,3636,1,,0,0,33,"United Kingdom","26/01/2010",6,0,0,0,2,51.4661,0.035371,6,"office","POLICY OFFICER","SE3",5
39.6271,3637,1,,0,0,62,"United Kingdom","26/01/2010",6,0,0,0,2,53.7131,-0.870097,10,"retired","RETIRED","DN14",15
16.038,3638,1,,0,0,41,"United Kingdom","26/01/2010",6,0,0,1,2,51.6065,0.10298,6,"office","PROJECT MANAGER","IG6",6
3.04131,3639,1,,0,0,63,"United Kingdom","26/01/2010",6,0,0,0,1,53.0473,-2.2585,10,"retired","RETIRED","ST5",3
7.50201,3640,1,,0,0,56,"United Kingdom","26/01/2010",5,0,0,0,2,53.0183,-1.73259,4,"labour","HORTICULTURAL ASSISTANT","DE6",11
6.9614,3641,1,,0,0,58,"United Kingdom","26/01/2010",5,0,0,1,1,51.1242,1.29065,8,"public","PASSPORT CHECKER","CT",3
25.0597,3642,1,,0,0,72,"United Kingdom","26/01/2010",5,0,0,1,2,54.8361,-1.46102,10,"retired","RETIRED","DH5",11
32.9303,3643,1,,1,0,45,"United Kingdom","26/01/2010",4,0,0,0,4,51.5534,-2.42226,2,"health","NURSE PRACTITIONER","BS37",148
9.03711,3644,1,,1,0,87,"United Kingdom","26/01/2010",1,0,0,1,2,51.6827,-4.13854,10,"retired","RETIRED","SA15",2
0.107582,3645,1,,0,0,44,"United Kingdom","26/01/2010",6,0,0,0,2,51.4161,-0.069894,6,"office","PROJECT MANAGER","SE20",1
20.5126,3646,1,,0,0,10,"United Kingdom","26/01/2010",5,0,0,1,4,51.3812,-0.299442,11,"schoolchild","SCHOOLBOY","KT6",19
26.7634,3647,1,,0,0,57,"United Kingdom","26/01/2010",6,0,0,0,2,53.576,-0.68082,10,"retired","SEMI-RETIRED TEACHER","DN17",13
44.7909,3648,1,,0,0,46,"United Kingdom","26/01/2010",5,0,0,0,4,51.4097,0.743529,3,"home","HOUSEWIFE","ME11",681
37.1986,3649,1,,0,0,62,"United Kingdom","26/01/2010",5,0,0,1,1,51.5732,-0.122212,10,"retired","RETIRED CIVIL SERVANT","N19",9
0.834716,3650,1,,0,0,67,"United Kingdom","26/01/2010",5,0,0,1,2,53.2454,-2.62025,10,"retired","RETIRED","CW8",3
1.33593,3651,1,,0,0,76,"United Kingdom","26/01/2010",6,0,0,0,1,51.632,0.004173,10,"retired","RETIRED","E4",1
20.9361,3652,1,,0,0,63,"United Kingdom","26/01/2010",6,0,0,0,2,51.5882,0.019268,10,"retired","RETIRED","E18",22
11.2245,3653,1,,0,0,33,"United Kingdom","26/01/2010",6,0,0,0,2,51.5892,0.01915,6,"office","HR MANAGER","W2",8
8.48871,3654,1,,0,0,70,"United Kingdom","26/01/2010",6,0,0,0,2,51.5185,-0.194247,10,"retired","RETIRED ADMIN","N1",3
13.5457,3655,1,,0,0,40,"United Kingdom","26/01/2010",5,0,0,1,2,53.9841,-1.53933,6,"office","MARKETING CONSULTANT","HG2",5
20.5438,3656,1,,0,0,87,"United Kingdom","26/01/2010",6,0,0,0,1,53.7739,-1.37078,10,"retired","RETIRED","LS25",8
39.0727,3657,1,,0,0,59,"United Kingdom","26/01/2010",5,0,0,1,2,53.8422,-0.411197,6,"office","FINANCE DIRECTOR","HU17",23
0.0116393,3658,1,,0,0,61,"United Kingdom","26/01/2010",5,0,0,0,1,56.1522,-3.79481,5,"mechanic","CONSULTING ENGINEER","FK12",1
6.53206,3659,1,,0,0,60,"United Kingdom","26/01/2010",6,0,0,1,3,51.748,0.489615,6,"office","SOFTWARE ENGINEER","CM1",2
12.7416,3660,1,,0,0,77,"United Kingdom","26/01/2010",5,0,0,0,2,51.8086,-0.328975,10,"retired","RETIRED","AL5",18
6.15747,3661,1,,0,0,56,"United Kingdom","26/01/2010",5,0,0,0,1,53.1511,-1.56768,3,"home","HOUSEWIFE","DE4",5
12.7743,3662,1,,0,0,29,"United Kingdom","26/01/2010",6,0,0,1,2,53.5452,-1.52664,12,"service","CATERING","S75",19
21.0689,3663,1,,1,0,21,"United Kingdom","26/01/2010",5,0,0,0,3,53.5359,-1.38221,13,"student","STUDENT NURSE","S73",9
19.7875,3664,1,,0,0,74,"United Kingdom","26/01/2010",6,0,0,1,2,52.2181,-0.07001,10,"retired","RETIRED CHARTERED ENGINEER","CB23",5
29.5556,3665,1,,0,0,62,"United Kingdom","26/01/2010",5,0,0,1,2,52.9457,-1.23121,10,"retired","RETIRED","NG8",11
14.6184,3666,1,,0,0,56,"United Kingdom","26/01/2010",5,0,0,1,2,50.9282,-1.00272,17,"unknown","AIR TRAFFIC SERVICES ASSISTANT","PO8",13
12.382,3667,1,,0,0,40,"United Kingdom","26/01/2010",5,0,0,1,2,51.4115,-0.225251,6,"office","IT SYSTEM ADMIN","SW20",3
11.6957,3668,1,,0,0,77,"United Kingdom","26/01/2010",5,0,0,0,2,52.9338,-1.22183,10,"retired","RETIRED","NG9",5
9.1201,3669,1,,0,0,54,"United Kingdom","26/01/2010",6,0,0,1,3,52.3568,-1.27792,5,"mechanic","ENGINEER","CV22",2
4.55828,3670,1,,0,0,67,"United Kingdom","26/01/2010",5,0,0,0,1,53.1382,-1.22441,10,"retired","RETIRED","NG19",5
16.7402,3671,1,,0,0,33,"United Kingdom","26/01/2010",5,0,0,1,3,51.5747,0.054921,2,"health","SURGEON/RESEARCHER","IG1",9
35.9543,3672,1,,0,0,44,"United Kingdom","26/01/2010",3,0,0,0,4,53.777,-3.05255,3,"home","HOUSEWIFE","FY8",65
18.8565,3673,1,,0,0,53,"United Kingdom","26/01/2010",5,0,0,0,1,52.619,1.29747,6,"office","SECRETARIAL","NR1",24
3.8258,3674,1,,0,0,48,"United Kingdom","26/01/2010",5,0,0,0,1,51.4672,-0.293018,17,"unknown","CEO","TW9",4
41.2538,3675,1,,0,0,65,"United Kingdom","26/01/2010",5,0,0,0,2,53.4532,-0.51924,10,"retired","RETIRED","DN21",16
3.10345,3676,1,,0,0,68,"United Kingdom","26/01/2010",5,0,0,1,2,53.8276,-1.82013,10,"retired","RETIRED","BD16",7
5.33789,3677,1,,0,0,89,"United Kingdom","26/01/2010",6,0,0,0,1,51.4025,-0.667734,10,"retired","RETIRED","SL5",2
45.9086,3678,1,,0,0,44,"United Kingdom","26/01/2010",5,0,0,0,4,52.7472,0.403417,12,"service","BANKING CLERK","PE30",34
41.9373,3679,1,,0,0,43,"United Kingdom","26/01/2010",6,0,0,0,4,51.2143,-0.800824,14,"teaching","TEACHING ASSISTANT","GU9",12
0.797299,3680,1,,1,0,59,"United Kingdom","26/01/2010",0,0,0,0,2,50.9335,-2.29916,6,"office","PART-TIME BOOK-KEEPING","DT10",2
42.3107,3681,1,,0,0,57,"United Kingdom","26/01/2010",6,0,0,0,1,51.3216,-2.97782,2,"health","CARE SUPPORT WORKER","BS23",73
7.48964,3682,1,,0,0,64,"United Kingdom","26/01/2010",4,0,0,1,2,54.5779,-2.48881,10,"retired","RETIRED","CA16",2
20.0448,3683,1,,0,0,58,"United Kingdom","26/01/2010",5,0,0,1,3,51.8034,0.619631,2,"health","GP","CM8",7
18.5979,3684,1,,0,0,47,"United Kingdom","26/01/2010",5,0,0,1,4,51.8682,0.965494,5,"mechanic","ENGINEER","CO7",7
4.44766,3685,1,,0,0,59,"United Kingdom","26/01/2010",6,0,0,1,2,NaN,NaN,6,"office","CHEMICAL ENGINEER","-",4
27.5409,3686,1,,0,0,61,"United Kingdom","26/01/2010",6,0,0,0,2,51.161,-0.969456,3,"home","HOUSEWIFE","GU34",8
2.29412,3687,1,,0,0,73,"United Kingdom","26/01/2010",5,0,0,1,1,53.534,-2.49129,10,"retired","RETIRED","M46",6
36.8703,3688,1,,0,0,44,"United Kingdom","26/01/2010",5,0,0,0,2,55.8137,-4.28194,3,"home","HOUSEWIFE","G43",10
7.60921,3689,1,,0,0,67,"United Kingdom","26/01/2010",6,0,0,0,2,53.5456,-2.05376,10,"retired","RETIRED","OL4",10
10.5993,3690,1,,0,0,34,"United Kingdom","26/01/2010",5,0,0,1,2,51.4145,-0.214318,6,"office","COMMERCIAL MANAGER","SW20",55
9.15577,3691,1,,0,0,37,"United Kingdom","26/01/2010",6,0,0,0,2,51.4193,-0.186712,2,"health","SPORTS THERAPIST","SW19",12
1.48598,3692,1,,0,0,80,"United Kingdom","26/01/2010",5,0,0,0,1,51.3279,-0.510884,10,"retired","RETIRED","GU22",1
12.0789,3693,1,,0,0,39,"United Kingdom","26/01/2010",6,0,0,0,4,53.9634,-0.984249,3,"home","HOUSEWIFE","YO19",6
17.6548,3694,1,,0,0,66,"United Kingdom","26/01/2010",6,0,0,1,3,51.2937,-0.755569,10,"retired","RETIRED","GU14",3
7.37068,3695,1,,0,0,33,"United Kingdom","26/01/2010",5,0,0,0,2,52.5338,1.08959,9,"research","SCIENTIST","NR18",9
9.71723,3696,1,,0,0,75,"United Kingdom","26/01/2010",5,0,0,1,3,NaN,NaN,10,"retired","RETIRED","-",6
20.3682,3697,1,,0,0,-1,"United Kingdom","26/01/2010",5,0,0,-1,-1,NaN,NaN,17,"unknown","-","-",4
36.495,3698,1,,0,0,54,"United Kingdom","26/01/2010",6,0,0,0,4,50.7229,-1.79472,2,"health","COMMUNITY NURSE","BH6",12
22.3949,3699,1,,0,0,31,"United Kingdom","26/01/2010",5,0,0,0,3,51.3988,0.29642,17,"unknown","TECHNOLOGY TECHNICIAN","DA3",18
0.15446,3700,1,,0,0,76,"United Kingdom","26/01/2010",6,0,0,1,2,51.0192,-4.20426,10,"retired","RETIRED","EX39",2
13.8592,3701,1,,0,0,77,"United Kingdom","26/01/2010",1,0,0,1,2,51.497,-3.16658,10,"retired","RETIRED","CF23",5
10.0883,3702,1,,0,0,63,"United Kingdom","26/01/2010",5,0,0,0,3,52.1594,-0.489946,10,"retired","RETIRED","MK41",6
4.46739,3703,1,,0,0,63,"United Kingdom","26/01/2010",6,0,0,0,2,51.8209,-0.36284,10,"retired","RETIRED","AL5",2
29.9717,3704,1,,0,0,76,"United Kingdom","26/01/2010",0,0,0,1,2,54.0692,-2.8525,10,"retired","RETIRED","LA4",112
5.89275,3705,1,,0,0,62,"United Kingdom","26/01/2010",5,0,0,0,2,53.3219,-1.99756,10,"retired","RETIRED","SK23",19
3.41643,3706,1,,0,0,47,"United Kingdom","26/01/2010",6,0,0,1,2,53.3469,-2.82382,6,"office","ADMIN OFFICER","L24",1
11.0232,3707,1,,0,0,66,"United Kingdom","26/01/2010",0,0,0,0,2,50.965,-2.46256,3,"home","HOUSEWIFE","DT9",7
33.4863,3708,1,,0,0,25,"United Kingdom","26/01/2010",6,0,0,1,2,53.5093,-2.31259,12,"service","TICKET SALES ADMINISTRATOR","M27",14
21.15,3709,1,,0,0,82,"United Kingdom","26/01/2010",5,0,0,0,1,54.4836,-1.74752,10,"retired","RETIRED","DL11",110
38.4835,3710,1,,0,0,48,"United Kingdom","26/01/2010",5,0,0,0,3,53.6258,-2.15842,6,"office","LEGAL SECRETARY","OL12",81
4.07074,3711,1,,0,0,88,"United Kingdom","26/01/2010",3,0,0,1,-1,53.5555,-2.6311,10,"retired","RETIRED","WN1",14
19.7492,3712,1,,0,0,31,"United Kingdom","26/01/2010",6,0,0,0,2,51.2463,-0.572156,17,"unknown","DESIGNER","GU1",12
4.05487,3713,1,,0,0,43,"United Kingdom","26/01/2010",6,0,0,0,1,51.5082,-0.278454,14,"teaching","PRIVATE TUTOR","W3",1
11.9696,3714,1,,0,0,79,"United Kingdom","26/01/2010",6,0,0,1,2,52.1286,1.41746,10,"retired","RETIRED","IP12",53
1.75069,3715,1,,0,0,15,"United Kingdom","26/01/2010",6,0,0,0,4,52.3944,-1.54288,11,"schoolchild","STUDENT","CV5",15
17.3024,3716,1,,0,0,27,"United Kingdom","26/01/2010",5,0,0,0,3,51.3603,-0.149954,2,"health","DOCTOR","SM6",26
18.1465,3717,1,,0,0,26,"United Kingdom","26/01/2010",6,0,0,0,3,53.5236,-2.42856,6,"office","RECRUITMENT CONSULTANT","M28",12
37.6869,3718,1,,0,0,70,"United Kingdom","26/01/2010",6,0,0,0,2,50.6313,-1.1713,10,"retired","RETIRED","PO37",22
35.0641,3719,1,,0,0,74,"United Kingdom","26/01/2010",6,0,0,1,2,52.1259,-0.99627,10,"retired","RETIRED","NN12",16
8.70646,3720,1,,1,0,57,"United Kingdom","26/01/2010",5,0,0,0,2,52.0319,-0.405614,10,"retired","RETIRED","MK45",3
0.458105,3721,1,,0,0,40,"United Kingdom","26/01/2010",1,0,0,0,2,51.7451,-2.25082,12,"service","CHILDMINDER","GL5",3
12.5077,3722,1,,0,0,12,"United Kingdom","26/01/2010",5,0,0,1,4,52.3276,1.67654,11,"schoolchild","SCHOOL PUPIL","IP18",15
11.7312,3723,1,,0,0,24,"United Kingdom","26/01/2010",5,0,0,0,1,51.6277,-0.721939,6,"office","TRAINEE ACCOUNTANT","HP13",27
2.17659,3724,1,,0,0,80,"United Kingdom","26/01/2010",6,0,0,1,2,53.6763,-2.92179,10,"retired","RETIRED","PR9",5
9.28132,3725,1,,0,0,59,"United Kingdom","26/01/2010",6,0,0,1,3,51.7076,-1.85557,6,"office","MANAGER","GL7",7
42.0637,3726,1,,0,0,30,"United Kingdom","26/01/2010",5,0,0,0,2,53.5749,-2.34019,14,"teaching","TEACHER","M26",56
6.94968,3727,1,,0,0,52,"United Kingdom","26/01/2010",6,0,0,0,4,53.2996,-2.70939,6,"office","DIRECTOR","WA6",8
18.426,3728,1,,0,0,62,"United Kingdom","26/01/2010",5,0,0,1,2,50.8581,0.572348,10,"retired","RETIRED ACCOUNTANT","TN34",10
21.2744,3729,1,,0,0,43,"United Kingdom","26/01/2010",6,0,0,0,3,51.2706,-0.804277,6,"office","MARKET RESEARCH","GU51",22
6.53788,3730,1,,0,0,63,"United Kingdom","26/01/2010",1,0,0,0,1,56.0787,-3.47798,10,"retired","RETIRED/WIDOW","KY12",3
2.11733,3731,1,,0,0,69,"United Kingdom","26/01/2010",0,0,0,0,1,51.8339,-2.25012,10,"retired","RETIRED","GL4",7
16.3728,3732,1,,0,0,68,"United Kingdom","26/01/2010",6,0,0,0,3,51.8333,-2.25047,10,"retired","RETIRED","SW1P",256
21.983,3733,1,,0,0,61,"United Kingdom","26/01/2010",5,0,0,1,3,52.8997,0.835555,4,"labour","WELDER","NR22",5
17.8167,3734,1,,0,0,28,"United Kingdom","26/01/2010",6,0,0,0,2,51.4727,-0.1249,14,"teaching","TEACHER","SW4",20
5.17443,3735,1,,0,0,59,"United Kingdom","26/01/2010",0,0,0,1,2,51.8023,-1.63502,9,"research","SCIENTIST","OX18",5
33.3788,3736,1,,0,0,57,"United Kingdom","26/01/2010",2,0,0,1,1,50.7016,-3.53288,8,"public","LOCAL GOVERNMENT OFFICER","EX2",38
18.2936,3737,1,,0,0,46,"United Kingdom","26/01/2010",0,0,0,0,2,50.7016,-3.53288,8,"public","TRADING STANDARDS OFFICER","WR1",106
19.7759,3738,1,,1,0,80,"United Kingdom","26/01/2010",5,0,0,1,1,52.219,-1.86243,10,"retired","RETIRED","B49",41
25.5281,3739,1,,0,0,84,"United Kingdom","26/01/2010",6,0,0,0,1,51.6027,-0.411945,10,"retired","RETIRED/HOUSEWIFE","HA6",70
3.64453,3740,1,,0,0,54,"United Kingdom","26/01/2010",2,0,0,0,2,50.6774,-3.83426,1,"entertain","ARTIST","TQ13",13
39.8037,3741,1,,0,0,43,"United Kingdom","26/01/2010",6,0,0,0,1,52.5251,-1.53346,16,"unemployed","UNEMPLOYED","CV10",10
25.3264,3742,1,,0,0,38,"United Kingdom","26/01/2010",5,0,0,0,2,53.2577,-1.4352,14,"teaching","TEACHER","S41",9
1.08176,3743,1,,0,0,80,"United Kingdom","26/01/2010",4,0,0,0,1,55.4409,-4.62514,10,"retired","RETIRED","KA7",6
5.23864,3744,1,,0,0,72,"United Kingdom","26/01/2010",6,0,0,0,2,52.0176,-2.84307,10,"retired","RETIRED","HR2",2
25.4567,3745,1,,0,0,81,"United Kingdom","26/01/2010",6,0,0,1,1,53.4626,-2.11311,10,"retired","RETIRED","M34",6
15.5528,3746,1,,0,0,45,"United Kingdom","26/01/2010",2,0,0,0,2,53.7671,-2.62222,6,"office","HR MANAGER","PR5",12
12.4242,3747,1,,0,0,61,"United Kingdom","26/01/2010",5,0,0,0,1,55.4602,-1.665,10,"retired","RETIRED BUSINESSWOMAN","NE66",20
13.9482,3748,1,,0,0,67,"United Kingdom","26/01/2010",5,0,0,0,1,55.7584,-4.85408,10,"retired","RETIRED","KA29",9
35.3771,3749,1,,0,0,76,"United Kingdom","26/01/2010",5,0,0,0,3,53.388,-2.25235,10,"retired","RETIRED","M22",31
37.0015,3750,1,,0,0,62,"United Kingdom","26/01/2010",6,0,0,1,2,54.8182,-1.73797,12,"service","SELF EMPLOYED SALES","DH70",22
40.878,3751,1,,0,0,43,"United Kingdom","26/01/2010",1,0,0,0,4,55.9647,-3.20229,3,"home","HOUSEWIFE","EH3",20
1.02851,3752,1,,0,0,73,"United Kingdom","26/01/2010",6,0,0,1,2,52.2251,1.18126,10,"retired","RETIRED","IP14",1
35.5278,3753,1,,0,0,77,"United Kingdom","26/01/2010",5,0,0,1,2,52.5935,-1.97444,10,"retired","RETIRED","WS4",28
7.10278,3754,1,,0,0,76,"United Kingdom","26/01/2010",6,0,0,0,1,52.5931,-1.9741,10,"retired","RETIRED","SW19",1
7.77804,3755,1,,0,0,62,"United Kingdom","26/01/2010",5,0,0,1,2,51.3131,0.188511,10,"retired","RETIRED","TN14",9
15.6133,3756,1,,0,0,44,"United Kingdom","26/01/2010",2,0,0,0,4,51.0381,-2.27862,3,"home","HOUSEWIFE","SP8",6
22.6143,3757,1,,0,0,65,"United Kingdom","26/01/2010",6,0,0,0,1,53.2133,-1.67512,10,"retired","RETIRED LECTURER","DE45",56
23.2536,3758,1,,0,0,72,"United Kingdom","26/01/2010",6,0,0,0,2,52.9994,-0.411853,10,"retired","RETIRED (ACTIVE IN COMMUNITY)","NG34",23
29.8101,3759,1,,0,0,21,"United Kingdom","26/01/2010",5,0,0,1,2,52.9994,-0.411853,1,"entertain","MUSICIAN","SW9",146
38.6629,3760,1,,0,0,58,"United Kingdom","26/01/2010",5,0,0,0,1,53.495,-2.2323,2,"health","PHYSIOTHERAPIST","M8",34
32.6527,3761,1,,0,0,49,"United Kingdom","26/01/2010",5,0,0,1,4,50.8317,-0.153633,8,"public","PUBLIC SERVICE MANAGER","BN3",11
36.8588,3762,1,,0,0,21,"United Kingdom","26/01/2010",6,0,0,0,2,51.4905,-0.17649,14,"teaching","TEACHER","SW7",10
18.9613,3763,1,,0,0,35,"United Kingdom","26/01/2010",5,0,0,0,2,53.4023,-2.9673,13,"student","STUDENT","L7",10
24.3024,3764,1,,0,0,63,"United Kingdom","26/01/2010",3,0,0,0,2,55.4456,-4.61224,10,"retired","RETIRED","KA7",9
8.25598,3765,1,,0,0,38,"United Kingdom","26/01/2010",5,0,0,0,2,53.838,-1.7729,6,"office","CIVIL SERVANT","BD17",13
8.10659,3766,1,,0,0,29,"United Kingdom","26/01/2010",6,0,0,0,2,53.5625,-2.37538,14,"teaching","TEACHER","BL3",3
27.4609,3767,1,,0,0,64,"United Kingdom","26/01/2010",5,0,0,1,1,51.4294,0.383435,10,"retired","RETIRED","DA12",203
33.6167,3768,1,,0,0,61,"United Kingdom","26/01/2010",5,0,0,0,4,52.7181,-2.72576,10,"retired","RETIRED","SY2",15
1.53575,3769,1,,0,0,77,"United Kingdom","26/01/2010",5,0,0,0,2,NaN,NaN,10,"retired","RETIRED","-",1
21.3216,3770,1,,0,0,28,"United Kingdom","26/01/2010",6,0,0,0,2,53.8758,-1.86978,14,"teaching","TEACHER","BD20",18
3.05774,3771,1,,0,0,64,"United Kingdom","26/01/2010",6,0,0,1,2,52.532,-2.0418,10,"retired","RETIRED","DY4",5
17.0507,3772,1,,0,0,50,"United Kingdom","26/01/2010",5,0,0,0,4,53.4243,-2.52578,3,"home","HOUSEWIFE","WA3",14
17.945,3773,1,,0,0,81,"United Kingdom","26/01/2010",6,0,0,1,2,51.4905,0.318057,10,"retired","RETIRED HEADTEACHER","RM16",65
3.22278,3774,1,,0,0,33,"United Kingdom","26/01/2010",6,0,0,0,2,51.5069,-2.59818,17,"unknown","PUBLIC AFFAIRS","BS10",1
32.8027,3775,1,,0,0,30,"United Kingdom","26/01/2010",5,0,0,0,3,55.1735,-1.57376,12,"service","DANCE TEACHER","NE63",137
3.48534,3776,1,,0,0,57,"United Kingdom","26/01/2010",6,0,0,1,2,52.1322,-0.21529,17,"unknown","DRIVER","SG19",3
1.66375,3777,1,,0,0,74,"United Kingdom","26/01/2010",5,0,0,0,2,55.0025,-1.65262,10,"retired","RETIRED","NE3",4
1.11088,3778,1,,0,0,26,"United Kingdom","26/01/2010",6,0,0,0,3,55.0031,-1.65283,1,"entertain","PERFORMER","NW5",26
11.9571,3779,1,,0,0,40,"United Kingdom","26/01/2010",5,0,0,0,3,57.7167,-3.2893,12,"service","FITNESS TRAINER","IV31",10
10.3976,3780,1,,0,0,63,"United Kingdom","26/01/2010",6,0,0,1,2,52.9164,-1.50714,10,"retired","RETIRED","DE22",3
35.9418,3781,1,,0,0,13,"United Kingdom","26/01/2010",5,0,0,0,3,51.5456,0.122221,11,"schoolchild","STUDENT","RM8",14
23.0569,3782,1,,0,0,46,"United Kingdom","26/01/2010",5,0,0,1,1,54.2247,-1.70487,17,"unknown","QUALITY MANAGER","HG4",10
42.6461,3783,1,,0,0,48,"United Kingdom","26/01/2010",6,0,0,0,3,52.3087,-3.31162,12,"service","CHILDMINDER","LD1",25
25.025,3784,1,,0,0,64,"United Kingdom","26/01/2010",5,0,0,1,2,50.7373,-1.73896,4,"labour","PAINTER/DECORATOR","BH23",8
15.8164,3785,1,,0,0,57,"United Kingdom","26/01/2010",5,0,0,0,2,52.1495,-0.473667,3,"home","CARER AT HOME","MK41",14
15.0801,3786,1,,0,0,39,"United Kingdom","26/01/2010",6,0,0,0,4,51.4251,-0.055999,16,"unemployed","UNEMPLOYED","SE26",18
2.0632,3787,1,,0,0,80,"United Kingdom","26/01/2010",0,0,0,0,1,51.7532,-0.440165,10,"retired","RETIRED","HP2",8
4.89057,3788,1,,0,0,73,"United Kingdom","26/01/2010",6,0,0,0,1,50.7228,-1.82726,10,"retired","RETIRED","BH5",54
0.409284,3789,1,,0,0,73,"United Kingdom","26/01/2010",5,0,0,0,1,55.7714,-2.00702,3,"home","HOUSEWIFE","TD15",3
16.3585,3790,1,,0,0,41,"United Kingdom","26/01/2010",5,0,0,1,4,52.0686,0.884315,14,"teaching","TEACHER","IP7",29
0.0609375,3791,1,,0,0,48,"United Kingdom","26/01/2010",6,0,0,1,1,52.9409,-1.44842,5,"mechanic","ENGINEER","DE21",1
0.319206,3792,1,,1,0,-1,"United Kingdom","26/01/2010",5,0,0,-1,-1,NaN,NaN,17,"unknown","-","-",6
28.4815,3793,1,,0,0,76,"United Kingdom","26/01/2010",6,0,0,0,1,53.5542,-3.07337,10,"retired","RETIRED","L37",108
11.4835,3794,1,,0,0,70,"United Kingdom","26/01/2010",6,0,0,1,2,51.6109,-3.96937,10,"retired","RETIRED","SA2",3
0.624864,3795,1,,0,0,41,"United Kingdom","26/01/2010",6,0,0,0,1,53.5164,-1.1316,16,"unemployed","UNEMPLOYED DUE TO DISABILITY","DN1",1
4.98027,3796,1,,0,0,56,"United Kingdom","26/01/2010",5,0,0,0,1,53.0521,-2.30895,6,"office","BUSINESS CONSULTANT","ST7",15
10.0181,3797,1,,0,0,66,"United Kingdom","26/01/2010",2,0,0,1,2,51.9932,-2.49942,10,"retired","RETIRED","HR8",11
40.8827,3798,1,,0,0,33,"United Kingdom","26/01/2010",5,0,0,0,1,51.468,-0.135089,12,"service","GARDEN CENTRE ASSISTANT","SW4",107
6.41381,3799,1,,0,0,42,"United Kingdom","26/01/2010",6,0,0,0,2,51.4489,-1.13024,9,"research","LECTURER","RG7",7
35.5151,3800,1,,0,0,67,"United Kingdom","26/01/2010",5,0,0,1,2,52.0048,-0.776027,10,"retired","RETIRED","MK4",55
22.6977,3801,1,,0,0,56,"United Kingdom","26/01/2010",6,0,0,1,4,53.4216,-3.05652,10,"retired","RETIRED","CH44",8
28.8114,3802,1,,0,0,2,"United Kingdom","26/01/2010",5,0,0,1,3,57.1233,-2.1012,7,"preschool","INFANT","AB12",9
25.504,3803,1,,0,0,30,"United Kingdom","26/01/2010",5,0,0,1,3,52.9328,-1.13134,14,"teaching","TEACHING","NG2",44
13.1564,3804,1,,0,0,83,"United Kingdom","26/01/2010",5,0,0,1,1,52.8181,-0.812878,12,"service","GARDENER","LE14",8
3.3093,3805,1,,0,0,40,"United Kingdom","26/01/2010",6,0,0,0,2,52.1981,-2.21984,8,"public","LOCAL GOVERNMENT OFFICER","WR1",11
40.4119,3806,1,,0,0,62,"United Kingdom","26/01/2010",5,0,0,1,2,53.4468,-2.06795,10,"retired","RETIRED","SK14",20
2.04188,3807,1,,0,0,44,"United Kingdom","26/01/2010",5,0,0,0,1,50.9099,-1.40732,2,"health","THERAPY RAADIOGRAPHER","SO15",6
38.5552,3808,1,,0,0,48,"United Kingdom","26/01/2010",3,0,0,0,3,50.1494,-5.08395,2,"health","CARE WORKER","TR11",13
14.8561,3809,1,,0,0,50,"United Kingdom","26/01/2010",5,0,0,0,2,51.3088,0.031827,6,"office","IT CONSULTANT","TN16",7
7.60949,3810,1,,0,0,45,"United Kingdom","26/01/2010",2,0,0,0,1,51.4592,-2.62105,6,"office","BUSINESS CONSULTANT","BS8",1
27.975,3811,1,,0,0,14,"United Kingdom","26/01/2010",5,0,0,0,3,53.3295,-1.47267,11,"schoolchild","STUDENT","S8",57
37.8537,3812,1,,0,0,66,"United Kingdom","26/01/2010",5,0,0,0,2,51.6791,0.293615,10,"retired","RETIRED","CM15",17
21.4294,3813,1,,0,0,45,"United Kingdom","26/01/2010",6,0,0,0,4,50.8407,-0.133741,6,"office","PART-TIME ADMIN","BN1",6
0.79196,3814,1,,0,0,60,"United Kingdom","26/01/2010",6,0,0,0,1,52.6209,1.26259,3,"home","HOUSEWIFE","NR4",1
0.547934,3815,1,,1,0,65,"United Kingdom","26/01/2010",6,0,0,0,1,51.591,-0.074735,10,"retired","RETIRED","N17",2
1.38021,3816,1,,0,0,71,"United Kingdom","26/01/2010",4,0,0,1,1,51.807,-2.50798,10,"retired","RETIRED","GL14",5
7.95995,3817,1,,0,0,65,"United Kingdom","26/01/2010",6,0,0,1,2,51.2322,-0.561934,10,"retired","RETIRED","GU1",3
26.6787,3818,1,,0,0,32,"United Kingdom","26/01/2010",6,0,0,0,2,51.6306,0.817315,2,"health","PARAMEDIC","CM0",35
20.4401,3819,1,,0,0,68,"United Kingdom","26/01/2010",6,0,0,1,2,50.7275,-2.01339,10,"retired","RETIRED","BH15",13
35.7003,3820,1,,0,0,69,"United Kingdom","26/01/2010",6,0,0,1,2,51.9262,0.875744,10,"retired","RETIRED","CO64",9
8.95863,3821,1,,0,0,43,"United Kingdom","26/01/2010",6,0,0,0,4,53.5347,-1.71693,12,"service","SHOP WORKER","S36",3
13.1598,3822,1,,0,0,63,"United Kingdom","26/01/2010",6,0,0,1,2,52.4627,1.56674,17,"unknown","-","NR34",7
14.5255,3823,1,,0,0,31,"United Kingdom","26/01/2010",6,0,0,0,2,52.099,0.668075,14,"teaching","PRIMARY TEACHER","CO10",13
6.22355,3824,1,,0,0,88,"United Kingdom","26/01/2010",5,0,0,0,1,51.151,0.220383,10,"retired","RETIRED SECRETARY/WIDOW","TN3",1
7.65605,3825,1,,0,0,28,"United Kingdom","26/01/2010",6,0,0,0,2,53.4023,-2.91175,2,"health","AUDIDOLOGIST","L15",3
4.09848,3826,1,,0,0,60,"United Kingdom","26/01/2010",5,0,0,0,2,52.1968,0.173232,6,"office","MANAGER","CB1",2
16.3059,3827,1,,0,0,38,"United Kingdom","26/01/2010",5,0,0,0,1,53.4604,-1.98038,5,"mechanic","ENGINEER","SK13",3
39.5422,3828,1,,0,0,50,"United Kingdom","26/01/2010",6,0,0,0,4,51.3918,0.03643,1,"entertain","MUSICIAN","BR2",311
36.6261,3829,1,,0,0,40,"United Kingdom","26/01/2010",6,0,0,0,5,51.44,-0.214394,3,"home","HOUSEWIFE/MOTHER","SW19",32
0.0483036,3830,1,,0,0,74,"United Kingdom","26/01/2010",5,0,0,1,2,NaN,NaN,2,"health","CARER","-",2
11.3918,3831,1,,0,0,41,"United Kingdom","26/01/2010",5,0,0,0,4,53.0812,-2.86582,8,"public","LOCAL GOVERNMENT OFFICER","CH3",8
13.8007,3832,1,,0,0,63,"United Kingdom","26/01/2010",4,0,0,0,2,50.7402,-2.74552,17,"unknown","-","DT6",9
25.0073,3833,1,,0,0,73,"United Kingdom","26/01/2010",5,0,0,1,2,NaN,NaN,6,"office","DIRECTOR","-",9
36.9465,3834,1,,0,0,23,"United Kingdom","26/01/2010",4,0,0,1,4,NaN,NaN,17,"unknown","DRIVER","-",9
14.7555,3835,1,,0,0,34,"United Kingdom","26/01/2010",3,0,0,1,1,55.9338,-3.26629,6,"office","SOFTWARE ENGINEER","EH11",34
5.21862,3836,1,,0,0,49,"United Kingdom","26/01/2010",5,0,0,0,4,51.5568,0.232817,2,"health","DENTAL NURSE","RM14",11
11.133,3837,1,,0,0,38,"United Kingdom","26/01/2010",0,0,0,0,4,50.861,-0.107358,12,"service","EXECUTIVE COACH","BN1",7
32.1642,3838,1,,0,0,29,"United Kingdom","26/01/2010",6,0,0,0,1,54.9845,-1.70905,8,"public","PUBLIC SERVANT","NE15",11
26.0512,3839,1,,0,0,57,"United Kingdom","26/01/2010",5,0,0,0,3,52.5432,-1.79081,3,"home","HOMEMAKER/JOB SEEKER","B76",16
22.9887,3840,1,,0,0,27,"United Kingdom","26/01/2010",5,0,0,0,2,51.7963,-0.082699,9,"research","SCIENTIST","SG14",10
4.76571,3841,1,,0,0,60,"United Kingdom","26/01/2010",5,0,0,1,1,52.3862,-1.60234,10,"retired","RETIRED","CV8",6
33.563,3842,1,,0,0,34,"United Kingdom","26/01/2010",2,0,0,0,4,53.7572,-2.71221,12,"service","CHILDMINDER","PR1",18
5.87707,3843,1,,0,0,29,"United Kingdom","26/01/2010",5,0,0,0,2,50.851,-0.137448,9,"research","RESEARCHER","BN1",4
31.861,3844,1,,0,0,63,"United Kingdom","26/01/2010",5,0,0,1,2,51.5923,0.080552,10,"retired","RETIRED","IG6",8
20.9188,3845,1,,0,0,66,"United Kingdom","26/01/2010",5,0,0,1,2,51.594,0.07842,10,"retired","RETIRED","N20",6
4.82963,3846,1,,0,0,82,"United Kingdom","26/01/2010",5,0,0,0,1,55.687,-4.85777,10,"retired","RETIRED","KA23",13
26.5054,3847,1,,0,0,36,"United Kingdom","26/01/2010",6,0,0,0,1,51.5698,-0.02007,6,"office","STATISTICIAN","E10",104
19.8785,3848,1,,0,0,83,"United Kingdom","26/01/2010",5,0,0,1,1,52.601,-0.233463,10,"retired","RETIRED WIDOWER","PE1",9
36.7343,3849,1,,0,0,77,"United Kingdom","26/01/2010",6,0,0,0,2,52.9164,1.33306,10,"retired","RETIRED","NR27",12
34.7232,3850,1,,0,0,-1,"United Kingdom","26/01/2010",6,0,0,1,3,51.2371,-0.570516,17,"unknown","MINUTER","GU1",24
20.0996,3851,1,,0,0,-1,"United Kingdom","26/01/2010",4,0,0,-1,-1,NaN,NaN,17,"unknown","-","-",37
35.7684,3852,1,,0,0,53,"United Kingdom","26/01/2010",6,0,0,1,1,50.749,-3.28423,6,"office","CIVIL SERVANT","EX",9
13.9188,3853,1,,0,0,21,"United Kingdom","26/01/2010",6,0,0,0,6,51.342,-2.24117,13,"student","STUDENT","BA15",9
23.9434,3854,1,,0,0,23,"United Kingdom","26/01/2010",5,0,0,1,2,53.7672,-0.382095,14,"teaching","TRAINEE TEACHER","HU5",9
9.72121,3855,1,,0,0,55,"United Kingdom","26/01/2010",6,0,0,0,2,52.9183,-1.2032,10,"retired","RETIRED","NG9",3
23.8317,3856,1,,0,0,79,"United Kingdom","26/01/2010",6,0,0,0,2,55.303,-1.71074,10,"retired","RETIRED","NE65",153
3.23562,3857,1,,1,0,72,"United Kingdom","26/01/2010",6,0,0,1,2,53.1634,-2.21,10,"retired","RETIRED","CW12",2
9.96071,3858,1,,0,0,78,"United Kingdom","26/01/2010",3,0,0,0,1,50.7447,-3.47152,10,"retired","RETIRED","EX4",12
14.6763,3859,1,,0,0,53,"United Kingdom","26/01/2010",5,0,0,0,3,51.1393,0.42914,14,"teaching","TEACHER","TN12",9
24.883,3860,1,,0,0,52,"United Kingdom","26/01/2010",6,0,0,0,5,51.7461,-0.36072,3,"home","HOUSEWIFE","AL3",5
4.40943,3861,1,,0,0,79,"United Kingdom","28/01/2010",5,0,0,1,1,NaN,NaN,10,"retired","RETIRED","-",6
8.0525,3862,1,,0,0,34,"United Kingdom","28/01/2010",1,0,0,1,2,52.4337,-1.51559,6,"office","RECRUITMENT","CV6",4
8.29449,3863,1,,0,0,42,"United Kingdom","28/01/2010",0,0,0,1,5,50.8534,-1.08123,12,"service","DELIVERY DRIVER","PO6",25
37.5287,3864,1,,0,0,32,"United Kingdom","25/02/2010",1,0,0,0,4,55.3781,-3.43597,17,"unknown","HOMECARE SUPERVISOR","-",53
4.8764,3865,1,,0,0,50,"United Kingdom","25/02/2010",4,0,0,0,2,51.7594,-2.2502,14,"teaching","TEACHER","GL6",4
8.34585,3866,1,,1,0,75,"United Kingdom","25/02/2010",5,0,0,0,1,51.5525,-0.300422,10,"retired","RETIRED NURSE","HA0",2
17.8842,3867,1,,0,0,63,"United Kingdom","25/02/2010",6,0,0,0,2,54.1297,-0.778876,10,"retired","RETIRED","YO17",108
6.714,3868,1,,0,0,65,"United Kingdom","25/02/2010",6,0,0,1,1,54.9786,-4.5084,10,"retired","RETIRED","DG8",2
3.9753,3869,1,,0,0,36,"United Kingdom","25/02/2010",6,0,0,1,2,51.5427,-0.1136,6,"office","TEAM MANAGER","N1",2
12.863,3870,1,,0,0,60,"United Kingdom","25/02/2010",5,0,0,0,1,50.8362,-0.775429,10,"retired","RETIRED","PO19",4
43.1297,3871,1,,0,0,48,"United Kingdom","25/02/2010",0,0,0,0,2,50.383,-4.11709,17,"unknown","H&S WORKER/SUPPORT","PL3",38
45.1912,3872,1,,0,0,77,"United Kingdom","25/02/2010",6,0,0,0,1,52.8907,-1.29625,10,"retired","RETIRED","NG10",109
26.666,3873,1,,0,0,49,"United Kingdom","25/02/2010",6,0,0,0,2,52.0795,1.11967,14,"teaching","TEACHER","IP1",12
12.7854,3874,1,,0,0,70,"United Kingdom","25/02/2010",5,0,0,0,2,51.7224,-0.196697,10,"retired","RETIRED SECRETARY","AL9",6
0.0836228,3875,1,,0,0,70,"United Kingdom","25/02/2010",1,0,0,0,1,53.636,-3.00802,10,"retired","RETIRED","PR8",3
34.5587,3876,1,,1,0,47,"United Kingdom","25/02/2010",5,0,0,0,1,53.3824,-3.0941,2,"health","CLINICAL SUPPORT WORKER","CH49",25
45.3023,3877,1,,0,0,20,"United Kingdom","25/02/2010",3,0,0,0,2,50.5932,-3.66975,8,"public","YOUTH WORKER","TQ13",50
8.21145,3878,1,,0,0,46,"United Kingdom","25/02/2010",6,0,0,0,2,52.9166,-3.0587,6,"office","RECEPTIONIST","SY10",8
40.6654,3879,1,,0,0,26,"United Kingdom","25/02/2010",4,0,0,0,2,57.1878,-2.12828,14,"teaching","PRIMARY TEACHER","AB22",132
40.215,3880,1,,0,0,45,"United Kingdom","25/02/2010",5,0,0,1,4,51.3101,-0.727331,2,"health","SURGEON","GU16",52
31.9157,3881,1,,0,0,-1,"United Kingdom","25/02/2010",5,0,0,1,1,52.2736,-1.59931,6,"office","IT TECHNICIAN","CV34",41
0.0361091,3882,1,,0,0,82,"United Kingdom","25/02/2010",0,0,0,1,2,55.755,-4.18559,10,"retired","RETIRED","G75",3
16.7349,3883,1,,0,0,69,"United Kingdom","25/02/2010",5,0,0,1,2,51.3801,-0.176679,10,"retired","RETIRED","SM5",9
2.47175,3884,1,,0,0,37,"United Kingdom","25/02/2010",6,0,0,0,1,50.3768,-4.11241,1,"entertain","THEATRE PRODUCER","PL4",13
18.1294,3885,1,,0,0,64,"United Kingdom","25/02/2010",5,0,0,0,2,53.8506,-2.27087,10,"retired","RETIRED BUILDING SOCIETY MANAGER","BB12",38
37.7261,3886,1,,0,0,39,"United Kingdom","25/02/2010",1,0,0,0,2,51.8012,-4.74423,6,"office","ADMIN ASSISTANT","SA67",20
38.1146,3887,1,,0,0,15,"United Kingdom","25/02/2010",5,0,0,0,4,53.204,-1.37266,11,"schoolchild","STUDENT","S42",242
20.0078,3888,1,,0,0,46,"United Kingdom","25/02/2010",5,0,0,0,3,55.9287,-2.66142,6,"office","ACCOUNTANT","EH41",13
30.9844,3889,1,,0,0,48,"United Kingdom","25/02/2010",5,0,0,0,5,51.4579,-0.300981,3,"home","HOUSEWIFE","TW10",8
35.9939,3890,1,,0,0,25,"United Kingdom","25/02/2010",6,0,0,0,2,51.4455,-0.0233,6,"office","ASSISTANT MANAGER","SE",10
18.2011,3891,1,,1,0,69,"United Kingdom","25/02/2010",5,0,0,1,4,53.2377,-1.43433,10,"retired","RETIRED","S40",50
9.52577,3892,1,,0,0,32,"United Kingdom","25/02/2010",5,0,0,0,1,53.6993,-2.24307,14,"teaching","PRIMARY TEACHER","BB4",8
15.3558,3893,1,,0,0,49,"United Kingdom","25/02/2010",5,0,0,0,2,54.2772,-3.21354,3,"home","DISABLED","LA20",5
33.2096,3894,1,,0,0,33,"United Kingdom","25/02/2010",5,0,0,1,1,51.7461,-0.30661,5,"mechanic","ENGINEER","AL12",21
19.173,3895,1,,0,0,29,"United Kingdom","25/02/2010",6,0,0,0,5,51.6156,-1.23226,3,"home","MOTHER","OX11",57
37.8162,3896,1,,0,0,8,"United Kingdom","25/02/2010",6,0,0,1,5,52.8196,1.38851,11,"schoolchild","SCHOOLBOY","NR28",137
25.2152,3897,1,,0,0,61,"United Kingdom","25/02/2010",6,0,0,1,2,52.9201,-4.2295,14,"teaching","COLLEGE MANAGER","LL52",5
5.89346,3898,1,,0,0,85,"United Kingdom","25/02/2010",3,0,0,0,1,50.2882,-3.77793,3,"home","HOUSEBOUND","TQ7",3
17.7562,3899,1,,0,0,68,"United Kingdom","25/02/2010",5,0,0,0,1,54.2731,-0.40431,10,"retired","RETIRED","YO11",16
19.1296,3900,1,,0,0,78,"United Kingdom","25/02/2010",5,0,0,0,2,53.6584,-1.79059,10,"retired","RETIRED","HD2",19
6.67751,3901,1,,0,0,56,"United Kingdom","25/02/2010",5,0,0,1,4,51.3337,-0.403625,6,"office","DIRECTOR","KT11",9
9.04391,10001,0,,0,1,19,"United Kingdom","28/04/2009  16:07:46",2,1.24102e+09,0,0,8,52.3732,-1.55195,13,"student","STUDENT","CV4",15
11.8555,10002,0,,0,1,19,"United Kingdom","28/04/2009  16:07:47",2,1.24102e+09,0,0,8,52.3732,-1.55195,13,"student","STUDENT","CV4",15
16.8677,10003,0,,0,1,41,"United Kingdom","28/04/2009  18:19:02",2,1.24103e+09,0,1,2,NaN,NaN,12,"service","VETERINARIAN","-",7
26.1924,10004,0,,0,1,34,"United Kingdom","28/04/2009  20:20:00",2,1.24104e+09,0,0,2,53.4462,-2.11274,2,"health","PUBLIC HEALTH","m34",85
22.9207,10005,0,,0,1,56,"United Kingdom","28/04/2009  20:44:58",2,1.24104e+09,0,0,2,49.1903,-2.10148,12,"service","VET","JE2",38
33.2343,10006,0,,0,1,19,"United Kingdom","28/04/2009  22:17:56",2,1.24104e+09,0,0,3,53.3006,-3.04249,13,"student","STUDENT","CH64",25
6.28323,10007,0,,0,1,28,"Mexico","29/04/2009  01:14:53",4,1.24105e+09,1,0,3,19.427,-99.1276,13,"student","PH.D.","07500",6
40.2387,10008,0,,0,1,27,"Turkey","29/04/2009  02:09:09",3,1.24106e+09,1,1,1,39.3194,46.1461,9,"research","LECTURER","-",115
22.7243,10009,0,,0,1,43,"United Kingdom","29/04/2009  08:04:00",2,1.24108e+09,0,1,3,53.0284,-2.19217,12,"service","VETERINARY SURGEON","ST",10
16.7814,10010,0,,0,1,34,"United Kingdom","29/04/2009  08:20:35",3,1.24108e+09,0,0,1,NaN,NaN,12,"service","OFFICIAL VETERINARIAN","-",24
28.0068,10011,0,,0,1,48,"United Kingdom","29/04/2009  08:24:09",3,1.24108e+09,0,1,4,53.4214,-3.17585,9,"research","PROFESSOR","CH47",30
7.2133,10012,0,,0,1,46,"United Kingdom","29/04/2009  08:25:55",2,1.24108e+09,0,0,2,53.4265,-3.05898,9,"research","BIOMEDICAL SCIENTIST","CH45",54
44.7542,10013,0,,0,1,59,"United Kingdom","29/04/2009  08:56:21",2,1.24108e+09,0,1,2,53.5561,-3.04258,9,"research","PROFESSOR","L37",37
2.16857,10014,0,,0,1,17,"United Kingdom","29/04/2009  09:04:28",3,1.24108e+09,0,1,4,NaN,NaN,13,"student","STUDENT","-",4
12.6054,10015,0,,0,1,16,"Spain","29/04/2009  09:06:17",3,1.24108e+09,1,0,5,55.3781,-3.43597,11,"schoolchild","STUDENT","-",5
30.114,10016,0,,0,1,44,"United Kingdom","29/04/2009  09:07:46",2,1.24108e+09,0,0,3,53.5496,-2.81011,6,"office","RESEARCH MANAGEMENT","WN8",66
32.0868,10017,0,,0,1,35,"United Kingdom","29/04/2009  09:09:19",2,1.24108e+09,0,0,2,53.3006,-3.04249,6,"office","ASSISTANT DIRECTOR OF FUNDRAISING","ch64",69
15.9874,10018,0,,0,1,17,"United Kingdom","29/04/2009  09:09:41",2,1.24108e+09,0,0,2,NaN,NaN,13,"student","STUDENT","-",46
23.546,10019,0,,0,1,21,"United Kingdom","29/04/2009  09:12:07",0,1.24108e+09,0,1,4,53.7661,-0.386382,13,"student","STUDENT","HU5",11
43.3809,10020,0,,0,1,21,"United Kingdom","29/04/2009  09:14:40",2,1.24108e+09,0,0,2,54.1234,-4.56429,13,"student","STUDENT","b24",170
13.2075,10021,0,,0,1,53,"United Kingdom","29/04/2009  09:23:16",2,1.24108e+09,0,0,1,53.3341,-2.99978,6,"office","ADMINISTRATOR","CH63",14
38.5009,10022,0,,0,1,18,"United Kingdom","29/04/2009  09:23:42",3,1.24108e+09,0,0,4,52.8594,-3.03971,13,"student","STUDENT","SY11",22
34.6531,10023,0,,0,1,17,"United Kingdom","29/04/2009  09:25:29",2,1.24108e+09,0,0,4,NaN,NaN,17,"unknown","-","-",24
24.3097,10024,0,,0,1,19,"United Kingdom","29/04/2009  09:25:50",3,1.24108e+09,0,0,1,52.9743,-1.17087,2,"health","NURSE","ng7",7
31.9857,10025,0,,0,1,18,"United Kingdom","29/04/2009  09:27:12",3,1.24108e+09,0,0,4,NaN,NaN,13,"student","STUDENT","-",9
32.0488,10026,0,,0,1,18,"United Kingdom","29/04/2009  09:27:12",3,1.24108e+09,0,0,4,NaN,NaN,13,"student","STUDENT","-",9
43.257,10027,0,,0,1,43,"United Kingdom","29/04/2009  09:34:29",2,1.24108e+09,0,1,5,53.3572,-3.10025,9,"research","PROFESSOR","CH61",220
37.3081,10028,0,,0,1,20,"United Kingdom","29/04/2009  09:39:52",2,1.24108e+09,0,0,17,54.0582,-2.7783,13,"student","STUDENT","LA1",67
20.1395,10029,0,,0,1,22,"United Kingdom","29/04/2009  09:42:58",2,1.24108e+09,0,1,3,NaN,NaN,13,"student","STUDENT","-",35
24.6175,10030,0,,0,1,52,"United Kingdom","29/04/2009  10:12:57",2,1.24109e+09,0,1,2,49.2206,-2.04008,6,"office","CIVIL SERVANT","JE",37
10.2557,10031,0,,0,1,39,"United Kingdom","29/04/2009  10:14:56",2,1.24109e+09,0,1,5,51.824,-2.04626,6,"office","SOFTWARE ENGINEER","GL53",10
11.8602,10032,0,,0,1,19,"United Kingdom","29/04/2009  10:15:30",3,1.24109e+09,0,0,6,53.3831,-2.98523,13,"student","STUDENT","L3",15
30.9002,10033,0,,0,1,38,"United Kingdom","29/04/2009  10:20:52",0,1.24109e+09,0,1,5,55.9072,-4.32939,17,"unknown","UNIVERSITY ADVISER","G61",16
27.2324,10034,0,,0,1,27,"United Kingdom","29/04/2009  10:20:52",2,1.24109e+09,0,0,3,51.4578,-0.973281,6,"office","COPY EDITOR-PUBLISHING","RG1",32
14.138,10035,0,,0,1,22,"United Kingdom","29/04/2009  10:26:16",2,1.24109e+09,0,0,2,53.426,-2.94174,8,"public","LIBRARY ASSISTANT","L6",83
12.9362,10036,0,,0,1,54,"United Kingdom","29/04/2009  10:49:12",1,1.24109e+09,0,0,2,53.397,-3.07316,6,"office","ADMINISTRATOR","CH43",32
7.57979,10037,0,,0,1,52,"United Kingdom","29/04/2009  10:51:57",2,1.24109e+09,0,1,4,54.3603,-6.35374,6,"office","CIVIL SERVANT","BT63",24
35.7994,10038,0,,0,1,51,"United Kingdom","29/04/2009  10:54:14",3,1.24109e+09,0,0,1,53.2178,-3.01021,6,"office","ADMINISTRATOR","CH",30
42.2224,10039,0,,0,1,25,"United Kingdom","29/04/2009  11:17:28",3,1.24109e+09,0,0,3,55.9751,-3.7005,13,"student","HIGH EDUCATION","FK",53
0.662563,10040,0,,0,1,48,"United Kingdom","29/04/2009  11:48:51",3,1.24109e+09,0,1,3,52.2711,-1.57333,9,"research","PROFESSOR","CV34",1
19.2459,10041,0,,0,1,24,"United Kingdom","29/04/2009  11:51:33",2,1.24109e+09,0,0,2,53.3831,-2.98523,13,"student","POSTGRADUATE STUDENT","L3",25
4.05286,10042,0,,0,1,21,"United Kingdom","29/04/2009  11:55:12",2,1.24109e+09,0,1,6,NaN,NaN,13,"student","STUDENT","-",10
26.6393,10043,0,,0,1,43,"United Kingdom","29/04/2009  12:26:12",2,1.24109e+09,0,0,5,54.5536,-7.30838,6,"office","CIVIL SERVANT","BT78",22
4.6429,10044,0,,0,1,28,"United Kingdom","29/04/2009  12:59:39",2,1.2411e+09,0,0,2,53.4119,-2.93774,9,"research","SCIENTIST","L7",6
37.3968,10045,0,,0,1,25,"United States of America","29/04/2009  13:49:22",3,1.2411e+09,1,0,5,37.7685,-97.2114,6,"office","E-LEARNING DEVELOPER","67226",33
16.2886,10046,0,,0,1,38,"United Kingdom","29/04/2009  14:28:17",3,1.2411e+09,0,0,1,53.4058,-2.98916,9,"research","LECTURER","L2",31
29.9755,10047,0,,0,1,34,"United Kingdom","29/04/2009  14:42:04",0,1.2411e+09,0,0,3,54.9603,-6.14799,12,"service","VETERINARY OFFICER","BT43",83
18.6535,10048,0,,0,1,58,"United Kingdom","29/04/2009  14:53:49",3,1.2411e+09,0,1,2,52.1499,-1.49841,10,"retired","RETIRED","CV35",28
5.93642,10049,0,,0,1,30,"United Kingdom","29/04/2009  15:10:40",2,1.2411e+09,0,0,2,55.8946,-4.37183,13,"student","STUDENT","g13",2
29.9466,10050,0,,0,1,51,"United Kingdom","29/04/2009  15:11:08",3,1.2411e+09,0,0,2,53.3006,-3.04249,9,"research","LECTURER","ch64",72
12.3732,10051,0,,0,1,23,"United Kingdom","29/04/2009  15:12:24",2,1.2411e+09,0,0,2,55.8946,-4.37183,13,"student","PHD STUDENT","G13",23
11.8359,10052,0,,0,1,-1,"United Kingdom","29/04/2009  15:12:46",3,1.2411e+09,0,0,4,55.9308,-3.19317,9,"research","VETERINARY RESEARCHER","EH9",6
12.0586,10053,0,,0,1,20,"United Kingdom","29/04/2009  15:16:18",3,1.2411e+09,0,0,8,NaN,NaN,13,"student","UNIVERSITY STUDENT","-",5
12.615,10054,0,,0,1,33,"United Kingdom","29/04/2009  15:17:58",2,1.2411e+09,0,0,3,56.0032,-4.37859,9,"research","RESEARCHER","G63",23
22.7541,10055,0,,0,1,43,"United Kingdom","29/04/2009  15:23:56",2,1.24111e+09,0,1,6,53.3606,-2.85526,9,"research","UNIVERSITY RESEARCHER","L25",24
37.7238,10056,0,,0,1,37,"United Kingdom","29/04/2009  15:28:15",2,1.24111e+09,0,0,4,55.7324,-4.76342,9,"research","RESEARCH ASSISTANT","KA24",104
5.72347,10057,0,,0,1,29,"United Kingdom","29/04/2009  16:08:28",2,1.24111e+09,0,0,1,51.5294,-0.0836926,12,"service","BARRISTER","N1",18
5.79728,10058,0,,0,1,29,"United Kingdom","29/04/2009  16:11:47",3,1.24111e+09,0,0,1,51.5294,-0.0836926,12,"service","BARRISTER","N1",24
38.3217,10059,0,,0,1,50,"United Kingdom","29/04/2009  16:15:17",0,1.24111e+09,0,1,6,52.1359,-0.471536,12,"service","VETERINARY SURGEON","MK40",21
4.46803,10060,0,,0,1,28,"United Kingdom","29/04/2009  16:40:14",3,1.24111e+09,0,1,2,51.7338,-1.21948,9,"research","RESEARCH SCIENTIST","OX4",11
14.7458,10061,0,,0,1,24,"United States of America","29/04/2009  16:53:00",3,1.24111e+09,1,0,2,30.3542,-97.7743,12,"service","RETAIL","78731",8
42.0368,10062,0,,0,1,16,"United Kingdom","29/04/2009  16:56:56",2,1.24111e+09,0,0,4,NaN,NaN,11,"schoolchild","STUDENT","-",75
46.6487,10063,0,,0,1,42,"United Kingdom","29/04/2009  17:18:49",1,1.24111e+09,0,1,4,51.1686,-3.14641,12,"service","VETERINARY SURGEON","TA5",63
16.5313,10064,0,,0,1,27,"United Kingdom","29/04/2009  17:23:06",2,1.24111e+09,0,0,5,51.4217,-0.159554,9,"research","ACADEMIC RESEARCHER","SW17",19
33.9554,10065,0,,0,1,27,"Mexico","29/04/2009  17:29:47",2,1.24111e+09,1,0,3,19.427,-99.1276,6,"office","AUDITOR","56330",68
9.34371,10066,0,,0,1,24,"Mexico","29/04/2009  17:44:30",2,1.24111e+09,1,1,4,44.5898,-70.5068,6,"office","AUDITOR","-",10
21.7533,10067,0,,0,1,49,"United Kingdom","29/04/2009  17:53:27",3,1.24111e+09,0,1,4,53.2752,-2.98012,9,"research","ACADEMIC","ch66",25
2.66907,10068,0,,0,1,65,"United Kingdom","29/04/2009  18:06:52",3,1.24111e+09,0,1,2,50.6056,-2.45395,12,"service","OFFICIAL VETERINARIAN","DT",5
1.69534,10069,0,,0,1,18,"United Kingdom","29/04/2009  18:41:27",3,1.24112e+09,0,0,12,51.5238,-0.114908,13,"student","STUDENT","WC1",4
19.6736,10070,0,,0,1,62,"United Kingdom","29/04/2009  18:52:16",3,1.24112e+09,0,1,3,50.4334,-4.0365,14,"teaching","TEACHING","PL7",62
0.013005,10071,0,,0,1,28,"Mexico","29/04/2009  19:41:51",3,1.24112e+09,1,0,3,40.695,-73.7633,13,"student","ESTUDENT","-",2
3.24155,10072,0,,0,1,71,"United Kingdom","29/04/2009  20:24:48",3,1.24112e+09,0,0,2,50.658,-3.32655,10,"retired","RETIRED","EX9",4
39.9814,10073,0,,0,1,31,"Canada","29/04/2009  20:55:04",6,1.24112e+09,1,0,3,43.768,-79.4873,9,"research","PROFESSOR","M3J",47
5.91014,10074,0,,0,1,29,"United Kingdom","29/04/2009  21:01:00",3,1.24113e+09,0,0,2,51.4795,-0.0982146,13,"student","PHD STUDENT","se5",10
11.4607,10075,0,,0,1,29,"United Kingdom","29/04/2009  21:01:00",3,1.24113e+09,0,0,2,51.4795,-0.0982146,13,"student","PHD STUDENT","se5",10
5.48022,10076,0,,0,1,76,"United Kingdom","29/04/2009  21:16:54",2,1.24113e+09,0,1,2,50.658,-3.32655,10,"retired","RETIRED","EX9",7
10.6347,10077,0,,0,1,28,"Denmark","29/04/2009  23:01:11",3,1.24113e+09,1,1,2,51.5478,-0.166168,6,"office","INVESTMENT","NW34EE",32
32.1419,10078,0,,0,1,30,"Mexico","30/04/2009  02:22:44",3,1.24114e+09,1,1,6,19.427,-99.1276,6,"office","COMPUTING","09360",15
39.4264,10079,0,,0,1,45,"United Kingdom","30/04/2009  07:42:30",3,1.24116e+09,0,0,4,50.4071,-4.12162,6,"office","PA IN GRAMMAR SCHOOL","PL6",11
35.9292,10080,0,,0,1,-1,"United Kingdom","30/04/2009  07:43:33",3,1.24116e+09,0,0,1,50.4228,-4.33,14,"teaching","SCHOOL LIBRARY ASSISTANT","PL12",276
17.7538,10081,0,,0,1,52,"United Kingdom","30/04/2009  07:52:18",3,1.24116e+09,0,0,4,50.3649,-4.06951,14,"teaching","TEACHER","PL9",6
44.1112,10082,0,,0,1,-1,"United Kingdom","30/04/2009  08:09:06",0,1.24117e+09,0,0,3,50.3871,-4.1003,14,"teaching","EDUCATION","PL3 5EL",1013
13.2233,10083,0,,0,1,-1,"United Kingdom","30/04/2009  08:26:56",3,1.24117e+09,0,-1,5,51.6117,-0.369243,13,"student","STUDEENT","ha5",17
38.5177,10084,0,,0,1,70,"United Kingdom","30/04/2009  09:04:30",3,1.24117e+09,0,1,2,51.6069,-0.173902,17,"unknown","SERVICES MANAGER","N12",99
36.1532,10085,0,,0,1,37,"United Kingdom","30/04/2009  09:33:19",3,1.24117e+09,0,0,2,53.398,-2.69872,12,"service","PRINCIPAL LIBRARY ASSISTANT","wa8",49
0.8757,10086,0,,0,1,-1,"United Kingdom","30/04/2009  09:36:41",4,1.24117e+09,0,0,2,50.3799,-4.12223,17,"unknown","COVER SUPERVISOR","PL4",7
9.75547,10087,0,,0,1,-1,"United Kingdom","30/04/2009  09:40:53",3,1.24117e+09,0,0,2,50.434,-4.1655,14,"teaching","LEARNING MENTOR","pl5",9
19.8452,10088,0,,0,1,27,"United Kingdom","30/04/2009  10:08:50",3,1.24117e+09,0,1,2,51.4768,-0.142243,12,"service","OPINION RESEARCH","SW8",15
29.5161,10089,0,,0,1,18,"United Kingdom","30/04/2009  10:36:18",2,1.24117e+09,0,1,4,50.3871,-4.1003,13,"student","STUDENT","pl3",25
28.2537,10090,0,,0,1,53,"United Kingdom","30/04/2009  10:40:50",3,1.24117e+09,0,1,3,57.2505,-4.38872,12,"service","VETERINARY OFFICER","IV2",31
16.2381,10091,0,,0,1,26,"United Kingdom","30/04/2009  10:51:29",3,1.24118e+09,0,0,2,53.2598,-2.83655,16,"unemployed","UNEMPLOYED","CH2 3PR",42
31.1952,10092,0,,0,1,49,"United States of America","30/04/2009  10:53:32",3,1.24118e+09,1,0,4,32.5662,-92.0273,2,"health","REGISTERED NURSE","71203",14
0.589691,10093,0,,0,1,32,"United Kingdom","30/04/2009  10:57:30",3,1.24118e+09,0,0,2,53.4156,-2.92734,13,"student","MATURE STUDENT","l13",1
11.7301,10094,0,,0,1,20,"United Kingdom","30/04/2009  11:01:53",2,1.24118e+09,0,0,6,52.4173,-1.58478,13,"student","STUDENT","cv5",23
31.1427,10095,0,,0,1,-1,"United Kingdom","30/04/2009  11:03:15",3,1.24118e+09,0,-1,7,51.407,-0.284195,17,"unknown","COMMUNITY DEVELOPMENT WORKER","kt1",35
13.9099,10096,0,,0,1,21,"United Kingdom","30/04/2009  11:06:28",0,1.24118e+09,0,1,4,53.3836,-2.91066,13,"student","STUDENT","L18",14
31.0671,10097,0,,0,1,24,"United Kingdom","30/04/2009  11:08:24",3,1.24118e+09,0,0,3,50.7338,-1.91156,17,"unknown","-","BH12",13
1.62153,10098,0,,0,1,-1,"United Kingdom","30/04/2009  11:12:04",6,1.24118e+09,0,0,2,52.7102,-1.98848,6,"office","ACCOUNTS CLERK","WS12",2
10.692,10099,0,,0,1,31,"United Kingdom","30/04/2009  11:12:36",3,1.24118e+09,0,0,2,51.4768,-0.142243,17,"unknown","JOURNALIST","sw8",27
25.158,10100,0,,0,1,27,"United Kingdom","30/04/2009  11:13:31",2,1.24118e+09,0,0,2,51.7585,-1.24938,14,"teaching","TEACHER","OX1",67
37.6882,10101,0,,0,1,42,"United Kingdom","30/04/2009  11:16:02",3,1.24118e+09,0,0,3,52.6735,-1.94771,6,"office","ACCOUNTS CLERK","WS7",8
28.4356,10102,0,,0,1,18,"United Kingdom","30/04/2009  11:16:06",3,1.24118e+09,0,1,4,52.6272,-1.99838,6,"office","ACCOUNTANT","ws3",24
32.335,10103,0,,0,1,22,"United Kingdom","30/04/2009  11:17:15",4,1.24118e+09,0,0,3,51.8244,-0.81176,6,"office","ADMINISTRATOR","hp20",223
22.2047,10104,0,,0,1,27,"United Kingdom","30/04/2009  11:24:56",3,1.24118e+09,0,0,2,53.3075,-3.75031,17,"unknown","ARCHAEOLOGIST","LL28",113
35.5745,10105,0,,0,1,51,"United Kingdom","30/04/2009  11:30:46",3,1.24118e+09,0,0,3,52.7102,-1.98848,6,"office","ACCOUNTS CLERK","ws12",25
25.2642,10106,0,,0,1,59,"United Kingdom","30/04/2009  11:33:30",3,1.24118e+09,0,0,2,54.2035,-4.4789,6,"office","SECRETARY","IM3",13
11.7264,10107,0,,0,1,24,"United Kingdom","30/04/2009  11:36:43",4,1.24118e+09,0,0,3,NaN,NaN,17,"unknown","DESIGNER","-",5
11.3438,10108,0,,0,1,31,"United Kingdom","30/04/2009  11:52:05",5,1.24118e+09,0,0,2,NaN,NaN,17,"unknown","DESIGNER","-",12
29.6037,10109,0,,0,1,-1,"United States of America","30/04/2009  11:55:05",4,1.24118e+09,1,0,2,41.8445,-72.5796,17,"unknown","SELF-EMPLOYED","06074",34
6.6932,10110,0,,0,1,54,"United Kingdom","30/04/2009  11:56:38",3,1.24118e+09,0,1,1,53.3836,-2.91066,6,"office","COMPUTER PROGRAMMER","L18",10
17.3811,10111,0,,0,1,-1,"United Kingdom","30/04/2009  12:09:40",3,1.24118e+09,0,0,4,52.3607,-1.6346,13,"student","STUDENT","CV8",6
24.9269,10112,0,,0,1,28,"United Kingdom","30/04/2009  12:18:11",4,1.24118e+09,0,1,2,50.8858,-1.24922,14,"teaching","TEACHER","PO15",42
8.83583,10113,0,,0,1,24,"United States of America","30/04/2009  12:19:37",1,1.24118e+09,1,0,3,37.0902,-95.7129,16,"unemployed","NONE","-",3
32.8112,10114,0,,0,1,38,"United States of America","30/04/2009  12:29:25",3,1.24118e+09,1,0,3,40.5805,-77.1137,17,"unknown","SEARCHER","478",15
31.1033,10115,0,,0,1,21,"United Kingdom","30/04/2009  12:36:21",4,1.24118e+09,0,0,12,NaN,NaN,13,"student","STUDENT","-",46
33.9639,10116,0,,0,1,43,"United Kingdom","30/04/2009  12:36:36",3,1.24118e+09,0,0,4,57.1701,-2.16708,3,"home","STAY AT HOME (DISABLED)","AB16 6RU",36
26.9015,10117,0,,0,1,46,"United Kingdom","30/04/2009  12:44:08",3,1.24118e+09,0,0,4,52.6272,-1.99838,12,"service","HOUSING ADVISOR","ws3",66
11.9623,10118,0,,0,1,40,"United Kingdom","30/04/2009  12:44:26",3,1.24118e+09,0,0,5,51.0225,0.265826,3,"home","MOTHER/HOUSEWIFE","TN20",18
7.89614,10119,0,,0,1,-1,"United Kingdom","30/04/2009  12:50:42",4,1.24118e+09,0,-1,3,52.3908,-1.57702,13,"student","STUDENT","CV4",8
24.1648,10120,0,,0,1,37,"United States of America","30/04/2009  12:51:02",3,1.24118e+09,1,1,2,38.9121,-77.019,1,"entertain","ARTIST","20001",64
29.2414,10121,0,,0,1,41,"United Kingdom","30/04/2009  12:54:05",3,1.24118e+09,0,0,1,NaN,NaN,9,"research","SCIENTIST","-",40
20.7309,10122,0,,0,1,-1,"United Kingdom","30/04/2009  12:57:33",3,1.24118e+09,0,-1,2,52.2638,-1.5201,13,"student","STUDENT","cv31",16
12.2687,10123,0,,0,1,24,"United Kingdom","30/04/2009  13:08:55",4,1.24118e+09,0,1,8,52.3908,-1.57702,13,"student","STUDENT","CV4",5
0.105837,10124,0,,0,1,32,"United Kingdom","30/04/2009  13:14:30",1,1.24118e+09,0,0,4,53.3874,-2.80675,17,"unknown","POLITICAL ACTIVIST","L35",6
6.41847,10125,0,,0,1,22,"United Kingdom","30/04/2009  13:52:28",4,1.24119e+09,0,1,2,NaN,NaN,13,"student","STUDENT","-",6
22.8563,10126,0,,0,1,61,"United Kingdom","30/04/2009  14:10:50",3,1.24119e+09,0,1,3,53.8612,-0.365221,12,"service","VETERINARY SURGEON","HU17",15
11.7643,10127,0,,0,1,22,"United Kingdom","30/04/2009  15:36:37",4,1.24119e+09,0,0,6,52.4173,-1.58478,13,"student","STUDENT","CV5",14
16.4882,10128,0,,0,1,37,"United Kingdom","30/04/2009  15:41:40",4,1.24119e+09,0,0,4,55.8222,-4.25087,3,"home","HOUSEWIFE","G44",13
10.4905,10129,0,,0,1,22,"United Kingdom","30/04/2009  15:55:25",4,1.24119e+09,0,1,6,52.4173,-1.58478,13,"student","STUDENT","CV5",20
7.10544,10130,0,,0,1,40,"United Kingdom","30/04/2009  16:05:01",4,1.24119e+09,0,1,4,51.8635,-4.30662,8,"public","CIVIL SERVANT - VETERINARY ADVISER","SA31",7
10.1972,10131,0,,0,1,40,"United Kingdom","30/04/2009  16:12:28",3,1.24119e+09,0,1,4,51.8635,-4.30662,8,"public","CIVIL SERVANT - VET ADVISER","SA31",15
11.6631,10132,0,,0,1,42,"United Kingdom","30/04/2009  16:18:42",4,1.24119e+09,0,0,2,50.7081,-3.4761,6,"office","WRITER","EX",16
10.9769,10133,0,,0,1,65,"United Kingdom","30/04/2009  16:28:01",4,1.2412e+09,0,0,2,50.621,-1.23166,3,"home","DOMESTIC SLAVE","PO38",7
7.31332,10134,0,,0,1,33,"United Kingdom","30/04/2009  16:38:12",3,1.2412e+09,0,1,2,51.556,-2.98419,12,"service","VETERINARY SURGEON","NP20",18
10.4765,10135,0,,0,1,33,"United Kingdom","30/04/2009  17:01:03",3,1.2412e+09,0,0,2,52.7528,-1.20701,9,"research","LECTURER","LE11",5
45.4232,10136,0,,0,1,16,"United Kingdom","30/04/2009  17:29:59",4,1.2412e+09,0,0,2,50.3871,-4.1003,11,"schoolchild","STUDENT","PL3",124
12.832,10137,0,,0,1,26,"United Kingdom","30/04/2009  17:37:01",4,1.2412e+09,0,0,2,50.7083,-1.31159,4,"labour","GLASS WORK, SCULPTING",7
38.7482,10138,0,,0,1,59,"United Kingdom","30/04/2009  17:41:24",4,1.2412e+09,0,1,2,50.3871,-4.1003,17,"unknown","TECHNICIAN","pl",81
8.05033,10139,0,,0,1,34,"United Kingdom","30/04/2009  17:56:00",3,1.2412e+09,0,0,4,53.9911,-1.49977,3,"home","STAY AT HOME MUM AND DESIGNER","hg2",10
21.5126,10140,0,,0,1,17,"United Kingdom","30/04/2009  17:58:38",4,1.2412e+09,0,0,5,50.4071,-4.12162,13,"student","STUDENT","pl6",9
21.5361,10141,0,,0,1,42,"United Kingdom","30/04/2009  18:10:12",4,1.2412e+09,0,0,4,51.4946,-2.57788,4,"labour","JEWELLER","BS7",229
20.7476,10142,0,,0,1,55,"United Kingdom","30/04/2009  18:32:30",4,1.2412e+09,0,0,2,53.6509,-1.7556,8,"public","LIBRARIAN","HD5",162
37.4639,10143,0,,0,1,56,"United Kingdom","30/04/2009  18:38:25",4,1.2412e+09,0,0,2,53.1229,-3.13818,12,"service","GARDEN CENTRE SALES ASSISTANT","ch7",23
27.1047,10144,0,,0,1,29,"United Kingdom","30/04/2009  19:51:32",4,1.24121e+09,0,0,4,53.7721,-2.42866,13,"student","STUDENT/BANK OFFICIAL","bb1",116
20.8867,10145,0,,0,1,29,"United Kingdom","30/04/2009  20:31:49",3,1.24121e+09,0,1,2,51.5014,-0.332356,6,"office","MANAGEMENT CONSULTANT","W7",36
8.64629,10146,0,,0,1,37,"United Kingdom","30/04/2009  21:27:40",3,1.24121e+09,0,0,3,51.8451,-2.19334,17,"unknown","DESIGNER","GL4",8
23.482,10147,0,,0,1,18,"United Kingdom","30/04/2009  21:42:54",4,1.24121e+09,0,-1,3,52.6893,-2.76867,13,"student","STUDENT","sy3",10
9.05954,10148,0,,0,1,76,"United Kingdom","30/04/2009  22:25:45",4,1.24122e+09,0,1,2,50.658,-3.32655,10,"retired","RETIRED","EX9",15
4.28256,10149,0,,0,1,19,"United Kingdom","01/05/2009  07:58:17",4,1.24125e+09,0,1,3,53.3836,-2.91066,13,"student","STUDENT","L18",5
41.064,10150,0,,0,1,39,"United Kingdom","01/05/2009  11:02:56",4,1.24126e+09,0,0,5,51.4227,-0.301999,3,"home","STAY AT HOME MUM","KT2",425
22.1036,10151,0,,0,1,74,"United Kingdom","01/05/2009  14:15:13",4,1.24127e+09,0,1,2,50.658,-3.32655,10,"retired","RETIRED","EX9",15
8.62596,10152,0,,0,1,76,"United Kingdom","01/05/2009  14:32:54",5,1.24127e+09,0,0,2,50.658,-3.32655,10,"retired","RETIRED","EX9",7
35.4374,10153,0,,0,1,18,"Cyprus","01/05/2009  16:59:41",3,1.24128e+09,1,0,3,NaN,NaN,13,"student","STUDENT","-",22
35.0776,10154,0,,0,1,26,"United Kingdom","01/05/2009  17:50:50",4,1.24129e+09,0,0,5,53.4021,-2.9259,13,"student","STUDENT","L15",17
18.1116,10155,0,,0,1,-1,"United Kingdom","01/05/2009  18:49:55",5,1.24129e+09,0,-1,2,NaN,NaN,17,"unknown","-","-",10
30.0125,10156,0,,0,1,38,"United Kingdom","01/05/2009  21:58:20",4,1.2413e+09,0,0,4,50.3492,-4.75702,14,"teaching","SCHOOL SCIENCE TECHNICIAN","pl25",140
22.3234,10157,0,,0,1,22,"United Kingdom","01/05/2009  22:34:57",3,1.2413e+09,0,0,3,53.5951,-2.18517,13,"student","STUDENT","OL11",7
28.3715,10158,0,,0,1,52,"United Kingdom","02/05/2009  10:27:00",5,1.24135e+09,0,1,3,53.8158,-1.49508,9,"research","UNIVERSITY ACADEMIC","ls8",36
31.2004,10159,0,,0,1,52,"United Kingdom","02/05/2009  10:27:00",5,1.24135e+09,0,1,3,53.8158,-1.49508,9,"research","UNIVERSITY ACADEMIC","ls8",36
2.82806,10160,0,,0,1,34,"United Kingdom","02/05/2009  11:50:28",5,1.24135e+09,0,0,3,53.793,-1.57907,6,"office","ACCOUNTANT","LS12 4NB",24
2.40286,10161,0,,0,1,76,"United Kingdom","02/05/2009  14:04:37",3,1.24136e+09,0,1,2,52.7887,-2.09637,10,"retired","RETIRED","st17",8
3.93339,10162,0,,0,1,64,"United Kingdom","02/05/2009  14:17:41",3,1.24136e+09,0,0,2,NaN,NaN,10,"retired","RETIRED","-",8
35.8481,10163,0,,0,1,54,"United Kingdom","02/05/2009  14:53:59",5,1.24136e+09,0,1,3,53.8158,-1.49508,9,"research","LECTURER","ls8",10
15.3206,10164,0,,0,1,30,"United Kingdom","02/05/2009  14:59:43",6,1.24136e+09,0,0,3,53.8158,-1.49508,16,"unemployed","DOCTOR ON MATERNITY LEAVE","LS8",21
29.841,10165,0,,0,1,52,"United Kingdom","02/05/2009  15:26:58",5,1.24136e+09,0,0,4,53.8559,-1.83486,9,"research","RESEARCHER","bd16",23
1.89764,10166,0,,0,1,23,"United Kingdom","02/05/2009  16:29:20",5,1.24137e+09,0,0,2,51.2926,-2.44909,17,"unknown","SELF EMPLOYED","BA3",1
30.8987,10167,0,,0,1,63,"United Kingdom","02/05/2009  17:55:35",5,1.24137e+09,0,0,3,54.4101,-6.55674,10,"retired","RETIRED","B77",161
21.8367,10168,0,,0,1,25,"United Kingdom","02/05/2009  18:02:03",5,1.24137e+09,0,1,3,54.4101,-6.55674,6,"office","ADMIN  ASSISTANT","B77",8
0.149909,10169,0,,0,1,38,"United Kingdom","02/05/2009  18:07:24",6,1.24137e+09,0,1,4,53.8835,-1.61559,9,"research","RESEARCHER","ls16",2
39.1944,10170,0,,0,1,58,"United Kingdom","02/05/2009  19:13:10",4,1.24138e+09,0,1,2,53.8158,-1.49508,9,"research","ACADEMIC","LS8",24
39.0715,10171,0,,0,1,28,"United Kingdom","02/05/2009  20:56:55",4,1.24138e+09,0,0,4,53.4881,-2.94509,14,"teaching","EARLY YEARS NURSERY TEACHER","L10",62
25.729,10172,0,,0,1,42,"United Kingdom","02/05/2009  21:08:35",4,1.24138e+09,0,1,5,53.3691,-1.49346,9,"research","ACADEMIC ECONOMIST","S11",7
20.5869,10173,0,,0,1,39,"United Kingdom","02/05/2009  22:05:45",6,1.24139e+09,0,0,4,53.9118,-1.90819,4,"labour","JEWELLERY DESIGNER/MAKER","bd20",8
1.239,10174,0,,0,1,79,"United Kingdom","03/05/2009  07:06:26",2,1.24142e+09,0,1,1,50.658,-3.32655,10,"retired","RETIRED","EX9",5
14.3933,10175,0,,0,1,62,"United Kingdom","03/05/2009  09:17:11",6,1.24143e+09,0,0,2,53.6703,-1.52792,9,"research","SENIOR LECTURER","WF",157
38.87,10176,0,,0,1,44,"United Kingdom","03/05/2009  09:44:03",6,1.24143e+09,0,0,2,53.5753,-2.50389,9,"research","LECTURER","bl6",8
24.9451,10177,0,,0,1,56,"United Kingdom","03/05/2009  09:52:22",2,1.24143e+09,0,1,2,53.8214,-1.58892,6,"office","IT CONSULTANT","ls6",9
10.6035,10178,0,,0,1,44,"United Kingdom","03/05/2009  12:57:14",4,1.24144e+09,0,0,2,53.8147,-1.77769,9,"research","RESEARCHER","BD9",11
12.5073,10179,0,,0,1,41,"United Kingdom","03/05/2009  13:26:33",0,1.24144e+09,0,0,1,53.4107,-1.51996,6,"office","ADMINISTRATOR","s6",23
0.586317,10180,0,,0,1,19,"United Kingdom","03/05/2009  15:02:22",0,1.24145e+09,0,0,4,52.3607,-1.6346,13,"student","STUDENT","CV8",10
7.32727,10181,0,,0,1,37,"Mexico","03/05/2009  15:18:18",6,1.24145e+09,1,0,2,19.427,-99.1276,6,"office","AUDIT","03440",3
11.2463,10182,0,,0,1,53,"United Kingdom","03/05/2009  15:55:58",6,1.24145e+09,0,1,1,53.4107,-1.51996,9,"research","UNIVERSITY LECTURER","S6",3011
24.8698,10183,0,,0,1,21,"United Kingdom","03/05/2009  16:24:35",6,1.24145e+09,0,1,8,53.4119,-2.93774,13,"student","STUDENT","L7",40
9.13086,10184,0,,0,1,57,"United Kingdom","03/05/2009  18:07:45",0,1.24146e+09,0,0,2,53.6703,-1.52792,9,"research","RESEARCHER","wf2",92
18.317,10185,0,,0,1,49,"United Kingdom","03/05/2009  20:21:14",0,1.24147e+09,0,0,3,53.6448,-1.80107,9,"research","UNIVERSITY LECTURER","HD1",8
22.155,10186,0,,0,1,23,"United Kingdom","03/05/2009  22:55:22",0,1.24148e+09,0,1,4,51.5492,-0.0264322,13,"student","STUDENT","e9",17
17.4248,10187,0,,0,1,51,"Nepal","04/05/2009  03:52:20",0,1.2415e+09,1,1,4,NaN,NaN,9,"research","UNIVERSITY PROFESSOR","-",67
35.9985,10188,0,,0,1,38,"United Kingdom","04/05/2009  06:34:19",5,1.24151e+09,0,0,1,53.8219,-1.54955,9,"research","RESEACHER AND THERAPIST","LS7",15
6.74964,10189,0,,0,1,53,"United Kingdom","04/05/2009  06:48:46",0,1.24151e+09,0,1,2,51.3015,-1.8146,17,"unknown","-","SN9",1
15.441,10190,0,,0,1,32,"United Kingdom","04/05/2009  07:58:40",6,1.24151e+09,0,0,2,53.5807,-1.54569,9,"research","LECTURER","S75",10
32.084,10191,0,,0,1,55,"United Kingdom","04/05/2009  08:09:24",6,1.24151e+09,0,0,4,53.8574,-1.73593,9,"research","RESEARCHER","bd17",8
8.9653,10192,0,,0,1,34,"United Kingdom","04/05/2009  08:10:40",0,1.24151e+09,0,0,2,53.7273,-1.72112,9,"research","RESEARCH FELLOW","BD19",3
20.0618,10193,0,,0,1,34,"United Kingdom","04/05/2009  08:26:17",0,1.24151e+09,0,0,2,53.8214,-1.58892,6,"office","SECRETARY","LS6",8
4.63001,10194,0,,0,1,30,"United Kingdom","04/05/2009  08:26:55",0,1.24151e+09,0,0,2,53.3006,-3.04249,13,"student","STUDENT","ch64",3
17.8959,10195,0,,0,1,28,"United Kingdom","04/05/2009  08:30:09",0,1.24151e+09,0,0,2,53.8269,-1.35649,6,"office","ADMIN ASSISTANT","ls25",3
6.4855,10196,0,,0,1,59,"United Kingdom","04/05/2009  08:35:44",6,1.24151e+09,0,0,1,53.85,-1.67944,6,"office","CLERICAL ASS","LS19",26
13.9599,10197,0,,0,1,38,"United Kingdom","04/05/2009  08:48:38",0,1.24151e+09,0,0,4,53.8506,-1.63997,6,"office","MANAGEMENT ACCOUNTANT","LS18",11
8.59359,10198,0,,0,1,31,"United Kingdom","04/05/2009  09:02:46",0,1.24151e+09,0,0,3,53.8211,-1.60862,9,"research","RESEARCH OFFICER","LS5",5
25.1601,10199,0,,0,1,42,"United Kingdom","04/05/2009  09:09:36",4,1.24151e+09,0,0,4,53.896,-1.69218,6,"office","ADMINISTRATOR","LS21",42
22.2442,10200,0,,0,1,48,"United Kingdom","04/05/2009  09:31:14",0,1.24152e+09,0,0,4,53.8438,-1.53765,6,"office","SENIOR SECRETARY","LS17",19
37.3269,10201,0,,0,1,43,"United Kingdom","04/05/2009  10:22:00",4,1.24152e+09,0,0,4,53.9335,-1.02786,9,"research","ACADEMIC","YO10",19
37.1824,10202,0,,0,1,37,"United Kingdom","04/05/2009  11:01:29",6,1.24152e+09,0,0,4,53.8835,-1.61559,8,"public","LIBRARIAN","ls16",15
11.5533,10203,0,,0,1,32,"United Kingdom","04/05/2009  11:41:01",0,1.24152e+09,0,0,2,53.8214,-1.58892,6,"office","CLERICAL ASSISTANT","LS6",18
25.0964,10204,0,,0,1,25,"United Kingdom","04/05/2009  12:38:27",3,1.24153e+09,0,0,3,51.6278,-0.256843,13,"student","PHD STUDENT","NW7",55
5.99618,10205,0,,0,1,54,"United Kingdom","04/05/2009  12:57:55",0,1.24153e+09,0,0,1,53.9129,-1.84201,9,"research","LECTURER","ls29",6
1.34403,10206,0,,0,1,38,"United Kingdom","04/05/2009  13:21:07",0,1.24153e+09,0,1,2,53.1645,-2.25176,9,"research","UNIVERSITY LECTURER","cw12",4
19.0083,10207,0,,0,1,50,"United Kingdom","04/05/2009  13:43:33",0,1.24153e+09,0,0,2,NaN,NaN,6,"office","PERSONAL ASSISTANT","-",8
17.412,10208,0,,0,1,25,"United Kingdom","04/05/2009  14:03:28",1,1.24153e+09,0,1,4,53.4001,-2.98127,13,"student","RESEARCH STUDENT","l1",7
28.4019,10209,0,,0,1,42,"United Kingdom","04/05/2009  14:27:34",5,1.24153e+09,0,0,3,53.8214,-1.58892,9,"research","LECTURER","ls6",6
10.7452,10210,0,,0,1,26,"United Kingdom","04/05/2009  14:28:10",1,1.24153e+09,0,0,2,53.6749,-1.58696,6,"office","PERSONAL ASSISTANT","WF5",21
18.2347,10211,0,,0,1,25,"United Kingdom","04/05/2009  14:51:01",1,1.24154e+09,0,0,4,53.4021,-2.9259,13,"student","STUDENT","L15",10
10.6596,10212,0,,0,1,44,"United Kingdom","04/05/2009  15:13:20",1,1.24154e+09,0,0,3,53.8835,-1.61559,9,"research","LECTURER","LS16",12
24.5979,10213,0,,0,1,21,"United Kingdom","04/05/2009  15:27:49",1,1.24154e+09,0,1,6,52.3908,-1.57702,13,"student","STUDENT","CV4",22
25.4969,10214,0,,0,1,51,"United Kingdom","04/05/2009  15:55:13",4,1.24154e+09,0,1,3,53.8723,-1.17556,9,"research","LECTURER","YO23",96
17.3619,10215,0,,0,1,29,"United Kingdom","04/05/2009  17:06:23",0,1.24154e+09,0,0,4,55.9639,-3.20446,2,"health","OT","eh3",13
29.3323,10216,0,,0,1,4,"United Kingdom","04/05/2009  18:41:20",1,1.24155e+09,0,0,3,52.4173,-1.58478,7,"preschool","CHILD","CV5",15
0.488285,10217,0,,0,1,36,"United Kingdom","04/05/2009  19:19:11",1,1.24155e+09,0,0,4,53.9736,-0.749021,3,"home","PARENT","yo42",9
21.1256,10218,0,,0,1,23,"United Kingdom","04/05/2009  19:33:35",1,1.24155e+09,0,0,3,52.4173,-1.58478,13,"student","STUDENT","CV5",22
12.4567,10219,0,,0,1,20,"United Kingdom","04/05/2009  19:51:00",1,1.24155e+09,0,0,3,53.4119,-2.93774,13,"student","STUDENT","L7",63
39.1208,10220,0,,0,1,62,"France","05/05/2009  08:03:45",1,1.2416e+09,1,1,2,25.2255,55.2835,6,"office","ACCOUNTANT","b74",41
36.5234,10221,0,,0,1,29,"United Kingdom","05/05/2009  08:28:58",0,1.2416e+09,0,0,2,50.3799,-4.12223,6,"office","ADMINISTRATION","PL4",9
39.1124,10222,0,,0,1,35,"United Kingdom","05/05/2009  08:30:27",1,1.2416e+09,0,1,2,50.3649,-4.06951,14,"teaching","TEACHER","pl9",82
27.7488,10223,0,,0,1,35,"United Kingdom","05/05/2009  08:35:12",1,1.2416e+09,0,0,5,53.8269,-1.35649,6,"office","PA","LS25",27
10.363,10224,0,,0,1,34,"United Kingdom","05/05/2009  08:40:13",0,1.2416e+09,0,0,3,50.4334,-4.0365,14,"teaching","TEACHER","pl7",5
24.7517,10225,0,,0,1,24,"United Kingdom","05/05/2009  09:17:12",1,1.2416e+09,0,0,2,53.7601,-1.88443,6,"office","SECRETARY","HX2 0LU",8
5.34641,10226,0,,0,1,23,"United Kingdom","05/05/2009  09:22:25",0,1.2416e+09,0,0,2,50.3644,-4.15826,14,"teaching","TEACHER","pl1",1
12.8912,10227,0,,0,1,56,"United Kingdom","05/05/2009  09:40:46",1,1.2416e+09,0,0,2,53.8438,-1.53765,9,"research","HEALTH SERVICES RESEARCHER","LS17",14
10.4315,10228,0,,0,1,33,"United Kingdom","05/05/2009  10:15:56",2,1.2416e+09,0,0,2,52.2711,-1.57333,17,"unknown","JOURNALIST","cv34 6dh",3
27.8444,10229,0,,0,1,49,"United Kingdom","05/05/2009  11:24:13",1,1.24161e+09,0,0,4,53.8835,-1.61559,3,"home","HOMEKEEPER","LS16",27
15.4885,10230,0,,0,1,29,"United Kingdom","05/05/2009  11:37:07",1,1.24161e+09,0,1,2,53.3749,-2.93294,2,"health","DOCTOR","L17",48
11.098,10231,0,,0,1,55,"United States of America","05/05/2009  12:29:11",4,1.24161e+09,1,0,2,29.7207,-95.6511,14,"teaching","TEACHER","77082",19
26.0778,10232,0,,0,1,43,"United Kingdom","05/05/2009  12:46:07",1,1.24161e+09,0,1,4,53.7966,-1.66295,6,"office","SECRETARY","LS28",11
7.19077,10233,0,,0,1,60,"United Kingdom","05/05/2009  13:02:42",1,1.24161e+09,0,1,2,50.8801,-1.03462,10,"retired","MEDICALLY RETIRED","PO7",3
29.2642,10234,0,,0,1,64,"United Kingdom","05/05/2009  15:26:19",6,1.24162e+09,0,0,2,52.4533,-0.967773,10,"retired","RETIRED","LE16",8
32.2776,10235,0,,0,1,32,"United Kingdom","05/05/2009  15:29:44",1,1.24162e+09,0,0,2,53.7361,-2.02784,9,"research","TEACHING FELLOW","hx7",67
20.2965,10236,0,,0,1,61,"United Kingdom","05/05/2009  16:19:46",1,1.24163e+09,0,0,3,53.9129,-1.84201,14,"teaching","TEACHING","LS29",18
41.0347,10237,0,,0,1,37,"Egypt","05/05/2009  17:39:20",2,1.24163e+09,1,0,2,53.0647,-2.53253,9,"research","RESEARCHER","cw5",258
18.1416,10238,0,,0,1,31,"United Kingdom","05/05/2009  19:20:50",2,1.24164e+09,0,1,3,NaN,NaN,9,"research","SCIENTIST","-",23
25.8882,10239,0,,0,1,36,"United Kingdom","05/05/2009  19:26:41",2,1.24164e+09,0,0,2,53.1456,-2.37028,8,"public","LOCAL GOVERNMENT MANAGER","CW",25
42.1977,10240,0,,0,1,33,"United Kingdom","05/05/2009  20:33:00",2,1.24164e+09,0,0,2,53.2564,-2.75059,6,"office","ACCOUNT MANAGER","WA6",20
9.26878,10241,0,,0,1,20,"United Kingdom","05/05/2009  23:12:19",2,1.24165e+09,0,1,4,53.4774,-3.05051,17,"unknown","-","L22",154
14.8894,10242,0,,0,1,27,"United Kingdom","06/05/2009  07:32:36",1,1.24168e+09,0,0,1,51.5135,-0.192454,13,"student","STUDENT","w2",43
7.44976,10243,0,,0,1,38,"United Kingdom","06/05/2009  07:38:54",2,1.24168e+09,0,1,2,53.1645,-2.25176,9,"research","UNIVERSITY LECTURER","cw12",23
31.3709,10244,0,,0,1,44,"United Kingdom","06/05/2009  09:25:32",2,1.24169e+09,0,0,5,53.8214,-1.58892,2,"health","GP","LS6",45
12.1368,10245,0,,0,1,30,"United Kingdom","06/05/2009  11:06:32",0,1.24169e+09,0,0,2,53.6448,-1.80107,6,"office","PROGRAMME ADMINISTRATOR","HD1",6
23.9804,10246,0,,0,1,56,"United Kingdom","06/05/2009  12:11:46",2,1.2417e+09,0,1,4,52.3607,-1.6346,6,"office","COMPANY DIRECTOR","CV8",17
16.425,10247,0,,0,1,59,"United Kingdom","06/05/2009  12:48:10",3,1.2417e+09,0,1,2,51.3585,0.619276,6,"office","IT CONSULTANT","me8",12
35.9133,10248,0,,0,1,17,"United Kingdom","06/05/2009  18:56:34",3,1.24172e+09,0,1,4,NaN,NaN,13,"student","STUDENT","-",63
14.2089,10249,0,,0,1,23,"United Kingdom","06/05/2009  19:21:56",3,1.24172e+09,0,0,4,51.5584,-0.0867216,13,"student","STUDENT","n16",23
34.3164,10250,0,,0,1,42,"United Kingdom","06/05/2009  20:06:20",3,1.24173e+09,0,0,2,53.2564,-2.75059,12,"service","VETERINARY SURGEON","wa6",27
21.0979,10251,0,,0,1,27,"United States of America","06/05/2009  21:10:55",3,1.24173e+09,1,0,2,42.3809,-71.1003,13,"student","STUDENT","02143",15
20.0942,10252,0,,0,1,44,"United Kingdom","06/05/2009  21:44:34",3,1.24173e+09,0,1,4,53.9129,-1.84201,17,"unknown","PSYCHIATRIST","LS29",18
3.12771,10253,0,,0,1,29,"United Kingdom","06/05/2009  23:00:14",3,1.24174e+09,0,0,1,55.0268,-6.43643,2,"health","DOCTOR","B16",13
18.2704,10254,0,,0,1,29,"United States of America","07/05/2009  02:26:09",3,1.24175e+09,1,0,5,42.3422,-71.1241,13,"student","STUDENT","02446",8
30.1329,10255,0,,0,1,20,"United Kingdom","07/05/2009  08:35:57",3,1.24177e+09,0,0,6,53.4021,-2.9259,13,"student","VET STUDENT","L15",24
14.972,10256,0,,0,1,21,"United Kingdom","07/05/2009  08:38:32",3,1.24177e+09,0,0,4,53.4021,-2.9259,13,"student","STUDENT","l15",9
38.6705,10257,0,,0,1,25,"United Kingdom","07/05/2009  08:54:18",2,1.24177e+09,0,0,5,53.3006,-3.04249,13,"student","VETERINARY STUDENT","ch64 0xa",24
22.1081,10258,0,,0,1,22,"United Kingdom","07/05/2009  09:48:35",4,1.24178e+09,0,0,5,53.4021,-2.9259,13,"student","STUDENT","L15",14
36.688,10259,0,,0,1,21,"United Kingdom","07/05/2009  09:59:36",3,1.24178e+09,0,0,6,NaN,NaN,13,"student","STUDENT","-",103
9.05101,10260,0,,0,1,22,"United Kingdom","07/05/2009  10:44:18",3,1.24178e+09,0,0,2,53.3836,-2.91066,13,"student","STUDENT","L18",3
26.54,10261,0,,0,1,20,"United Kingdom","07/05/2009  10:57:01",3,1.24178e+09,0,-1,7,53.3836,-2.91066,13,"student","STUDENT","L18",43
39.5084,10262,0,,0,1,22,"United Kingdom","07/05/2009  11:04:23",3,1.24178e+09,0,0,4,53.3006,-3.04249,13,"student","STUDENT","CH64",14
5.53477,10263,0,,0,1,39,"United Kingdom","07/05/2009  11:13:00",3,1.24178e+09,0,0,2,51.511,-2.54852,3,"home","HOUSEWIFE","BS34",6
10.0048,10264,0,,0,1,25,"United Kingdom","07/05/2009  11:38:02",3,1.24178e+09,0,0,2,52.1965,0.102283,13,"student","PHD STUDENT","CB3",10
21.3659,10265,0,,0,1,43,"United Kingdom","07/05/2009  11:55:31",3,1.24178e+09,0,0,2,53.3939,-2.95737,9,"research","RESEARCH","L8",61
20.6439,10266,0,,0,1,30,"United Kingdom","07/05/2009  12:28:43",3,1.24179e+09,0,0,2,56.0018,-3.83328,8,"public","LIBRARY ASSISTANT","FK",55
14.2572,10267,0,,0,1,42,"United Kingdom","07/05/2009  12:36:35",2,1.24179e+09,0,0,3,52.5935,-0.761794,6,"office","HR MANAGER","LE15",19
13.3062,10268,0,,0,1,35,"United Kingdom","07/05/2009  12:47:29",3,1.24179e+09,0,0,3,52.2652,0.302187,6,"office","SOFTWARE ENGINEER","CB25",27
24.1439,10269,0,,0,1,19,"United Kingdom","07/05/2009  13:15:58",3,1.24179e+09,0,0,3,NaN,NaN,13,"student","STUDENT","-",26
4.51561,10270,0,,0,1,30,"United Kingdom","07/05/2009  13:23:54",3,1.24179e+09,0,0,2,NaN,NaN,13,"student","STUDENT","-",6
15.5795,10271,0,,0,1,20,"United Kingdom","07/05/2009  14:14:13",3,1.24179e+09,0,0,4,52.3607,-1.6346,13,"student","STUDENT","cv8",5
10.4152,10272,0,,0,1,61,"United Kingdom","07/05/2009  14:56:20",3,1.24179e+09,0,1,2,51.5006,-3.19341,10,"retired","RETIRED","cf14",21
20.8403,10273,0,,0,1,19,"United Kingdom","07/05/2009  16:31:12",4,1.2418e+09,0,1,18,53.3836,-2.91066,13,"student","STUDENT","L18",30
33.2163,10274,0,,0,1,33,"Angola","07/05/2009  16:53:55",4,1.2418e+09,1,0,1,41.6826,-84.97,14,"teaching","TEACHER","-",59
5.11277,10275,0,,0,1,-1,"United Kingdom","07/05/2009  17:33:32",4,1.2418e+09,0,-1,2,NaN,NaN,17,"unknown","-","-",6
13.9133,10276,0,,0,1,33,"United Kingdom","07/05/2009  18:11:57",4,1.24181e+09,0,0,4,51.5698,-0.333171,3,"home","HOMEMAKER","ha1",5
7.36948,10277,0,,0,1,54,"Netherlands","07/05/2009  20:05:19",3,1.24181e+09,1,0,3,52.1951,5.16874,17,"unknown","TRANSLATOR","1213",11
8.11297,10278,0,,0,1,30,"United Kingdom","07/05/2009  20:05:55",3,1.24181e+09,0,1,1,52.231,0.129554,6,"office","SOFTWARE ENGINEER","CB4",9
12.0999,10279,0,,0,1,30,"United Kingdom","07/05/2009  20:11:47",4,1.24181e+09,0,1,3,52.2229,-0.204974,6,"office","SOFTWARE ENGINEER","PE19",14
22.7265,10280,0,,0,1,54,"United Kingdom","07/05/2009  20:17:32",2,1.24181e+09,0,0,3,52.1951,5.16874,17,"unknown","TRANSLATOR","1213",54
35.5388,10281,0,,0,1,43,"United Kingdom","07/05/2009  20:30:51",4,1.24181e+09,0,1,2,49.2459,-2.11819,6,"office","SOFTWARE ENGINEER","B63",9
17.2206,10282,0,,0,1,26,"United Kingdom","07/05/2009  20:44:18",4,1.24182e+09,0,1,2,52.2342,0.712275,9,"research","RESEARCHER","IP33",20
23.0169,10283,0,,0,1,40,"United Kingdom","07/05/2009  20:56:35",3,1.24182e+09,0,0,2,51.5698,-0.333171,8,"public","LIBRARIAN","HA1",47
26.3319,10284,0,,0,1,27,"United Kingdom","07/05/2009  22:24:58",4,1.24182e+09,0,1,3,52.9772,-1.15202,16,"unemployed","OUT OF WORK","NG5",5
9.0168,10285,0,,0,1,47,"United Kingdom","08/05/2009  01:21:09",4,1.24183e+09,0,1,1,51.3863,-0.0788787,6,"office","FINANCIAL SERVICES CLERK","CR0",10
18.1135,10286,0,,0,1,63,"United Kingdom","08/05/2009  11:54:17",5,1.24187e+09,0,0,3,54.4101,-6.55674,10,"retired","RETIRED","B77",19
46.4396,10287,0,,0,1,26,"United Kingdom","08/05/2009  11:54:25",4,1.24187e+09,0,0,6,51.6144,-3.87271,13,"student","MEDICAL STUDENT","sa1",61
29.7043,10288,0,,0,1,32,"United Kingdom","08/05/2009  12:14:14",4,1.24187e+09,0,1,1,52.1965,0.102283,9,"research","ACADEMIC RESEARCH","CB3",29
36.0945,10289,0,,0,1,31,"United Kingdom","08/05/2009  12:23:20",4,1.24187e+09,0,1,4,52.231,0.129554,9,"research","RESEARCH ASSOCIATE","CB4",37
7.23604,10290,0,,0,1,25,"United Kingdom","08/05/2009  13:10:23",5,1.24187e+09,0,0,2,52.0764,-1.43283,16,"unemployed","UNEMPLOYED","OX15",2
18.8733,10291,0,,0,1,22,"United Kingdom","08/05/2009  15:04:15",4,1.24188e+09,0,0,7,53.4119,-2.93774,13,"student","DENTAL STUDENT","L7",18
9.23609,10292,0,,0,1,36,"United Kingdom","08/05/2009  17:16:02",5,1.24189e+09,0,1,4,51.3514,-0.451084,17,"unknown","DESIGN ENGINEER","KT13",3
4.47282,10293,0,,0,1,64,"United Kingdom","08/05/2009  19:01:30",4,1.2419e+09,0,0,2,52.7887,-2.09637,10,"retired","RETIRED","st17",4
9.15155,10294,0,,0,1,29,"Ireland","08/05/2009  19:25:33",4,1.2419e+09,1,0,3,53.1984,-6.10152,3,"home","HOUSEWIFE","-",12
5.00117,10295,0,,0,1,74,"United Kingdom","09/05/2009  04:39:56",1,1.24193e+09,0,1,2,52.7887,-2.09637,10,"retired","RETIRED","st17",6
23.9617,10296,0,,0,1,37,"United Kingdom","09/05/2009  10:34:28",5,1.24195e+09,0,0,1,53.9725,-1.07675,12,"service","SHOP MANAGER","YO31",29
35.9905,10297,0,,0,1,25,"Hungary","09/05/2009  11:44:48",2,1.24196e+09,1,1,2,55.3781,-3.43597,5,"mechanic","ENGINEER","-",75
13.1731,10298,0,,0,1,22,"United Kingdom","09/05/2009  15:39:38",5,1.24197e+09,0,0,2,50.6942,-2.10485,12,"service","DANCE TEACHER","BH20",12
12.7147,10299,0,,0,1,36,"United Kingdom","10/05/2009  08:28:34",6,1.24203e+09,0,0,3,53.3811,-3.11626,17,"unknown","TECHNICAL SUPERVISOR","CH49",33
10.3861,10300,0,,0,1,46,"United Kingdom","10/05/2009  10:09:53",5,1.24204e+09,0,0,3,53.9911,-1.49977,2,"health","PSYCHOLOGIST","HG2",12
17.1281,10301,0,,0,1,37,"United Kingdom","10/05/2009  10:15:55",0,1.24204e+09,0,1,2,NaN,NaN,17,"unknown","TRANSLATOR","41004",4
8.47552,10302,0,,0,1,41,"United Kingdom","10/05/2009  11:06:46",0,1.24204e+09,0,1,3,51.7555,-1.2887,9,"research","MEDICAL RESEARCH SCIENTIST","OX2",12
37.3415,10303,0,,0,1,62,"United Kingdom","10/05/2009  12:02:50",5,1.24204e+09,0,1,3,50.4334,-4.0365,14,"teaching","TEACHER","PL7",25
29.318,10304,0,,0,1,28,"United Kingdom","10/05/2009  14:56:05",6,1.24205e+09,0,0,2,NaN,NaN,13,"student","STUDENT","-",49
31.8148,10305,0,,0,1,45,"United Kingdom","10/05/2009  15:19:50",1,1.24206e+09,0,0,4,53.9911,-1.49977,12,"service","VETERINARIAN","HG2",31
3.94526,10306,0,,0,1,32,"United Kingdom","10/05/2009  15:29:11",4,1.24206e+09,0,1,2,51.7555,-1.2887,8,"public","LIBRARIAN","OX2",8
34.779,10307,0,,0,1,33,"United Kingdom","10/05/2009  15:43:42",6,1.24206e+09,0,0,3,51.4559,-0.080541,13,"student","PHD STUDENT","SE22",37
4.61027,10308,0,,0,1,53,"United Kingdom","10/05/2009  17:21:11",6,1.24206e+09,0,0,2,51.4441,-0.079042,2,"health","DOCTOR","SE21",2
18.0884,10309,0,,0,1,37,"United Kingdom","10/05/2009  19:04:57",0,1.24207e+09,0,1,4,53.1229,-3.13818,17,"unknown","COUNTRYSIDE RANGER","CH7",6
4.97223,10310,0,,0,1,39,"United Kingdom","10/05/2009  19:43:43",0,1.24207e+09,0,0,3,51.6449,0.622679,2,"health","PSYCHOTHERAPIST","CM3",12
19.1747,10311,0,,0,1,56,"United Kingdom","10/05/2009  21:03:57",0,1.24208e+09,0,0,2,52.3607,-1.6346,6,"office","SCHOOL SECRETARY","CV8",40
12.332,10312,0,,0,1,20,"United Kingdom","10/05/2009  21:38:39",0,1.24208e+09,0,0,5,51.4855,-3.21511,13,"student","STUDENT","cf5",26
37.4438,10313,0,,0,1,26,"United Kingdom","11/05/2009  11:11:14",0,1.24213e+09,0,0,2,51.3391,-0.0554001,6,"office","MARKETING MANAGER","CR2",50
29.0056,10314,0,,0,1,23,"Spain","11/05/2009  11:19:04",0,1.24213e+09,1,0,2,51.4558,-0.165621,9,"research","RESEARCH WORKER","SW11",5
9.89443,10315,0,,0,1,21,"United Kingdom","11/05/2009  11:28:20",0,1.24213e+09,0,1,2,51.3391,-0.0554001,1,"entertain","VIDEOGRAPHER","CR2",34
19.5084,10316,0,,0,1,46,"United Kingdom","11/05/2009  11:36:00",0,1.24213e+09,0,0,4,51.3391,-0.0554001,6,"office","ADMIN ASSISTANT","cr2",9
42.1134,10317,0,,0,1,30,"United Kingdom","11/05/2009  12:04:53",0,1.24213e+09,0,0,2,51.5584,-0.0867216,17,"unknown","JOURNALIST","N16",60
34.8113,10318,0,,0,1,26,"United States of America","11/05/2009  13:03:21",1,1.24213e+09,1,0,3,37.5148,-108.67,17,"unknown","JOURNALIST","w8 5dp",69
36.8823,10319,0,,0,1,28,"United Kingdom","11/05/2009  14:29:45",1,1.24214e+09,0,0,2,51.3863,-0.0788787,17,"unknown","TRAVEL COODENATER","cr0",12
28.1776,10320,0,,0,1,26,"United Kingdom","11/05/2009  14:59:30",1,1.24214e+09,0,1,4,NaN,NaN,6,"office","MARKETING","-",6
20.7121,10321,0,,0,1,41,"United Kingdom","11/05/2009  15:17:08",0,1.24214e+09,0,1,5,53.397,-3.07316,2,"health","PAEDIATRICIAN","CH43",18
33.775,10322,0,,0,1,26,"United Kingdom","11/05/2009  16:07:04",0,1.24214e+09,0,0,2,52.2342,0.712275,6,"office","GRAPHIC DESIGNER","IP33",65
30.751,10323,0,,0,1,30,"United Kingdom","11/05/2009  20:19:26",1,1.24216e+09,0,0,2,NaN,NaN,6,"office","ANALYST","-",17
16.1035,10324,0,,0,1,17,"United States of America","12/05/2009  01:16:43",1,1.24218e+09,1,0,6,42.9242,-85.8281,13,"student","STUDENT","49428",1017
37.3785,10325,0,,0,1,37,"United Kingdom","12/05/2009  08:54:01",1,1.2422e+09,0,0,4,55.9521,-4.77678,9,"research","LAB TECHNICIAN","PA16",38
44.9773,10326,0,,0,1,49,"United Kingdom","12/05/2009  10:15:14",1,1.24221e+09,0,0,2,55.9477,-4.7567,9,"research","LECTURER","pa15",134
15.3771,10327,0,,0,1,33,"United Kingdom","12/05/2009  10:17:23",1,1.24221e+09,0,0,3,53.8031,-1.63548,9,"research","TEACHING FELLOW","ls13",50
1.19554,10328,0,,0,1,84,"United Kingdom","12/05/2009  11:20:26",3,1.24221e+09,0,1,1,53.3006,-3.04249,10,"retired","RETIRED","Ch64",1
23.3863,10329,0,,0,1,42,"United Kingdom","12/05/2009  11:31:20",5,1.24221e+09,0,0,1,53.3341,-2.99978,6,"office","ADMINSTRATION","CH63",28
26.4329,10330,0,,0,1,50,"United Kingdom","12/05/2009  13:03:45",5,1.24222e+09,0,0,2,54.8963,-7.06719,6,"office","OFFICE WORKER","B74",23
10.1337,10331,0,,0,1,27,"United Kingdom","12/05/2009  13:37:32",1,1.24222e+09,0,0,2,51.4578,-0.973281,9,"research","SCIENTIST","RG1",7
2.61734,10332,0,,0,1,26,"United Kingdom","12/05/2009  14:37:27",2,1.24223e+09,0,0,2,53.3831,-2.98523,9,"research","BIOMEDICAL SCIENTIST","L3",10
20.0423,10333,0,,0,1,28,"United Kingdom","12/05/2009  15:27:44",1,1.24223e+09,0,0,2,51.5135,-0.192454,6,"office","OFFICE MANAGER","W2",13
0.367984,10334,0,,0,1,55,"United Kingdom","12/05/2009  16:16:38",1,1.24223e+09,0,0,3,52.2638,-1.5201,17,"unknown","CO-EDITOR","cv31",7
12.1465,10335,0,,0,1,35,"United Kingdom","12/05/2009  18:32:03",2,1.24224e+09,0,0,3,55.8387,-4.25721,6,"office","PROJECT MANAGER","G42",17
17.7965,10336,0,,0,1,30,"United Kingdom","12/05/2009  18:41:12",2,1.24224e+09,0,0,2,NaN,NaN,6,"office","ANALYST","-",10
11.2904,10337,0,,0,1,28,"Hungary","13/05/2009  08:49:46",3,1.24229e+09,1,1,2,47.8044,19.0274,9,"research","RESEARCH ENGINEER","3200",7
15.9006,10338,0,,0,1,18,"United Kingdom","13/05/2009  11:36:59",2,1.2423e+09,0,0,20,53.3836,-2.91066,13,"student","STUDENT","L18",10
11.7624,10339,0,,0,1,44,"United Kingdom","13/05/2009  17:17:07",3,1.24232e+09,0,0,6,53.3606,-2.85526,6,"office","CLERICAL","L25",36
16.1678,10340,0,,0,1,14,"United Kingdom","13/05/2009  19:31:44",3,1.24233e+09,0,1,4,NaN,NaN,17,"unknown","-","-",29
36.7171,10341,0,,0,1,35,"United Kingdom","14/05/2009  08:45:39",3,1.24238e+09,0,0,1,53.896,-1.69218,6,"office","RESEARCH ADMINSTRATOR","LS21",61
31.895,10342,0,,0,1,34,"United Kingdom","14/05/2009  11:27:18",0,1.24239e+09,0,0,3,53.3006,-3.04249,9,"research","LECTURER","CH64",22
10.3427,10343,0,,0,1,32,"United Kingdom","14/05/2009  11:35:07",3,1.24239e+09,0,0,2,53.3006,-3.04249,9,"research","RESEARCH","CH64",16
3.23404,10344,0,,0,1,57,"United Kingdom","14/05/2009  12:37:26",3,1.24239e+09,0,1,3,52.0806,-1.89092,13,"student","STUDENT","wr11",4
8.66988,10345,0,,0,1,26,"United Kingdom","14/05/2009  12:42:02",3,1.24239e+09,0,0,4,52.9226,-1.24132,12,"service","PET SITTER","ng9",6
37.736,10346,0,,0,1,32,"United Kingdom","14/05/2009  13:05:15",1,1.24239e+09,0,0,1,NaN,NaN,8,"public","LIBRARIAN","-",72
37.5952,10347,0,,0,1,43,"United Kingdom","14/05/2009  14:08:47",3,1.2424e+09,0,0,5,53.4214,-3.17585,17,"unknown","-","CH47",34
35.9945,10348,0,,0,1,33,"United Kingdom","14/05/2009  14:14:07",3,1.2424e+09,0,1,1,52.2711,-1.57333,6,"office","TELE SALES","cv34",18
12.6677,10349,0,,0,1,-1,"United Kingdom","14/05/2009  16:03:22",4,1.2424e+09,0,-1,2,NaN,NaN,17,"unknown","-","-",13
29.8283,10350,0,,0,1,52,"Switzerland","15/05/2009  08:06:45",4,1.24246e+09,1,0,2,52.2177,0.174744,9,"research","UNIVERSITY PROFESSOR","CB5",11
3.93374,10351,0,,0,1,71,"United Kingdom","15/05/2009  08:36:04",4,1.24246e+09,0,0,1,52.3607,-1.6346,10,"retired","RETIRED","CV8",9
35.127,10352,0,,0,1,47,"United Kingdom","15/05/2009  09:44:21",2,1.24247e+09,0,0,4,53.3849,-2.14232,6,"office","CHILDMINDING NETWORK CO-ORDINATOR","SK2",27
22.38,10353,0,,0,1,57,"United Kingdom","16/05/2009  13:34:59",3,1.24257e+09,0,1,2,57.5465,-2.72923,17,"unknown","DISTILLERY OPERATOR","ab54",17
8.78409,10354,0,,0,1,-1,"United Kingdom","16/05/2009  13:45:39",5,1.24257e+09,0,-1,2,NaN,NaN,17,"unknown","-","-",30
10.5906,10355,0,,0,1,38,"United Kingdom","16/05/2009  19:03:46",3,1.24259e+09,0,0,3,NaN,NaN,17,"unknown","-","-",4
14.2014,10356,0,,0,1,38,"United Kingdom","17/05/2009  08:04:22",6,1.24263e+09,0,0,3,NaN,NaN,17,"unknown","-","-",4
8.57293,10357,0,,0,1,76,"United Kingdom","17/05/2009  08:26:10",3,1.24264e+09,0,1,2,52.7887,-2.09637,10,"retired","RETIRED","st17",1
38.3445,10358,0,,0,1,56,"United Kingdom","17/05/2009  11:12:16",0,1.24265e+09,0,0,1,52.3702,-2.33961,10,"retired","RETIRED","DY12",52
6.50339,10359,0,,0,1,28,"United Kingdom","17/05/2009  13:24:36",5,1.24265e+09,0,0,3,52.4173,-1.58478,3,"home","STAY-AT-HOME MUM","CV5",3
26.9372,10360,0,,0,1,30,"United Kingdom","17/05/2009  16:15:48",0,1.24266e+09,0,0,3,51.5316,0.658806,3,"home","STAY AT HOME MOTHER","SS9",34
1.05867,10361,0,,0,1,49,"United Kingdom","17/05/2009  20:34:34",0,1.24268e+09,0,0,1,55.9072,-4.32939,6,"office","INSURANCE UNDERWRITER","G61",11
15.6316,10362,0,,0,1,51,"New Zealand","18/05/2009  03:23:00",0,1.2427e+09,1,1,5,NaN,NaN,2,"health","PHYSIO","-",17
22.8566,10363,0,,0,1,63,"United Kingdom","18/05/2009  09:15:53",0,1.24272e+09,0,0,2,52.5703,-2.0418,10,"retired","RETIRED","WS10",18
0.0362023,10364,0,,0,1,61,"United Kingdom","18/05/2009  10:03:21",1,1.24273e+09,0,1,1,53.5267,-1.03197,10,"retired","RETIRED","DN3",6
3.02405,10365,0,,0,1,59,"United Kingdom","18/05/2009  12:01:58",0,1.24273e+09,0,0,2,51.403,-0.62914,6,"office","PROJECT MANAGER","SL5",9
29.7435,10366,0,,0,1,38,"United Kingdom","18/05/2009  13:31:23",0,1.24274e+09,0,1,5,51.5584,-0.0867216,17,"unknown","CONSULTANT","n16",23
44.2132,10367,0,,0,1,54,"United Kingdom","18/05/2009  16:12:27",1,1.24275e+09,0,0,4,51.5845,0.600492,14,"teaching","TA","ss6",145
9.03495,10368,0,,0,1,16,"United Kingdom","18/05/2009  18:44:32",1,1.24276e+09,0,1,5,50.8004,-3.69056,16,"unemployed","NONE","EX17",14
27.2694,10369,0,,0,1,-1,"United Kingdom","18/05/2009  18:45:24",1,1.24276e+09,0,-1,5,NaN,NaN,17,"unknown","-","-",50
16.9063,10370,0,,0,1,27,"United Kingdom","18/05/2009  20:37:50",1,1.24277e+09,0,0,2,51.4578,-0.973281,9,"research","RESEARCHER","RG1",13
18.0677,10371,0,,0,1,23,"United Kingdom","18/05/2009  21:25:14",1,1.24277e+09,0,0,3,51.1267,1.33778,12,"service","BOOKSELLER","e15",66
7.58265,10372,0,,0,1,47,"United Kingdom","19/05/2009  07:46:23",1,1.24281e+09,0,1,2,51.835,-0.806038,6,"office","COMPUTER CONSULTANT","hp19 7fz",1
16.1342,10373,0,,0,1,57,"United Kingdom","19/05/2009  09:36:14",3,1.24281e+09,0,1,1,51.3547,0.811546,10,"retired","RETIRED","me9",39
7.14268,10374,0,,0,1,38,"United Kingdom","19/05/2009  10:01:06",1,1.24281e+09,0,1,3,53.3006,-3.04249,13,"student","POST-GRADUATE STUDENT","CH64",9
1.82927,10375,0,,0,1,73,"United Kingdom","19/05/2009  10:11:33",1,1.24281e+09,0,1,2,51.84,-2.80731,10,"retired","RETIRED","NP25",7
17.143,10376,0,,0,1,73,"United Kingdom","19/05/2009  10:21:29",6,1.24281e+09,0,0,2,51.84,-2.80731,10,"retired","RETIRED","NP25",8
14.5543,10377,0,,0,1,67,"Turkey","19/05/2009  11:06:18",0,1.24282e+09,1,1,2,51.3704,-0.491715,10,"retired","RETIRED","KT15 1NR",25
23.7492,10378,0,,0,1,22,"United Kingdom","19/05/2009  11:34:37",1,1.24282e+09,0,0,2,52.2959,0.606893,9,"research","SCIENTIST","IP28",13
14.675,10379,0,,0,1,30,"United Kingdom","19/05/2009  13:48:40",1,1.24283e+09,0,0,2,53.7852,-1.44268,6,"office","MANAGER","LS15",4
37.9033,10380,0,,0,1,41,"United Kingdom","19/05/2009  17:40:52",2,1.24284e+09,0,0,4,53.6801,-1.49746,17,"unknown","COMMUNITY DEVELOPMENT MANAGER","wf1",69
20.9929,10381,0,,0,1,33,"United Kingdom","19/05/2009  18:31:08",3,1.24284e+09,0,0,2,53.7613,-1.61821,17,"unknown","FLOOD INCIDENT MANAGEMENT","LS27",29
17.6365,10382,0,,0,1,53,"United Kingdom","19/05/2009  20:48:21",2,1.24285e+09,0,0,1,51.5002,-0.126236,14,"teaching","SCHOOL TEACHER","LONDON",137
7.02236,10383,0,,0,1,60,"United Kingdom","20/05/2009  08:11:35",2,1.24289e+09,0,1,4,NaN,NaN,6,"office","DATA ANALYST","-",5
17.2601,10384,0,,0,1,49,"United Kingdom","20/05/2009  10:05:09",2,1.2429e+09,0,0,4,52.4144,0.182069,6,"office","PERSONAL ASSISTANT","CB6 2RB",66
37.8635,10385,0,,0,1,60,"United Kingdom","20/05/2009  10:26:11",2,1.2429e+09,0,0,2,52.4144,0.182069,8,"public","LOCAL AUTHORITY MANAGER","CB6",84
14.833,10386,0,,0,1,63,"United Kingdom","20/05/2009  11:01:14",1,1.2429e+09,0,0,2,52.231,0.129554,10,"retired","RETIRED","CB4",4
33.7191,10387,0,,0,1,34,"United Kingdom","20/05/2009  13:36:42",2,1.24291e+09,0,0,4,53.6458,-1.53633,3,"home","HOUSEWIFE","wf4",84
13.9582,10388,0,,0,1,37,"Ireland","20/05/2009  14:23:38",2,1.24292e+09,1,1,4,53.1984,-6.10152,16,"unemployed","UNEMPLOYED","-",9
24.6897,10389,0,,0,1,48,"United Kingdom","20/05/2009  17:43:05",2,1.24293e+09,0,0,3,50.9137,-1.31827,6,"office","ACCOUNTS","SO30",33
3.15039,10390,0,,0,1,66,"United Kingdom","20/05/2009  18:10:22",3,1.24293e+09,0,1,2,52.308,-0.18137,10,"retired","RETIRED","PE29",5
29.5089,10391,0,,0,1,48,"United Kingdom","20/05/2009  19:36:54",2,1.24293e+09,0,0,3,53.8219,-1.54955,8,"public","ASB OFFICER","LS7",22
6.44836,10392,0,,0,1,33,"United Kingdom","20/05/2009  20:44:48",3,1.24294e+09,0,1,2,51.3962,-2.63344,9,"research","LECTURER","bs41",1
1.17564,10393,0,,0,1,40,"United Kingdom","20/05/2009  23:48:19",3,1.24295e+09,0,1,1,51.467,0.405696,17,"unknown","HGV DRIVER","rm18",6
26.0682,10394,0,,0,1,69,"United Kingdom","21/05/2009  07:09:52",3,1.24298e+09,0,1,2,51.7097,-0.136031,17,"unknown","ESTATE MANAGER","EN6",112
5.21617,10395,0,,0,1,-1,"United Kingdom","21/05/2009  13:43:21",4,1.243e+09,0,1,3,54.589,-5.90695,6,"office","CIVIL SERVANT","BT6",2
38.6298,10396,0,,0,1,54,"United Kingdom","21/05/2009  14:41:50",2,1.243e+09,0,0,3,54.3695,-4.50257,2,"health","DENTAL SURGEON","B13",52
29.1646,10397,0,,0,1,67,"United Kingdom","21/05/2009  18:31:49",4,1.24302e+09,0,1,2,51.3704,-0.491715,10,"retired","RETIRED","KT15 1NR",41
17.2425,10398,0,,0,1,67,"United Kingdom","21/05/2009  18:41:46",4,1.24302e+09,0,0,2,51.3704,-0.491715,10,"retired","RETIRED","KT15",23
5.80076,10399,0,,0,1,67,"United Kingdom","21/05/2009  18:54:50",3,1.24302e+09,0,1,2,51.5893,-0.68402,10,"retired","RETIRED","HP10",3
7.60744,10400,0,,0,1,1,"United Kingdom","21/05/2009  19:02:42",4,1.24302e+09,0,0,3,51.7397,-0.321815,7,"preschool","BABY","AL1",7
26.99,10401,0,,0,1,29,"United Kingdom","21/05/2009  19:25:24",4,1.24302e+09,0,1,3,51.7397,-0.321815,14,"teaching","SECONDARY SCHOOL TEACHER","AL1",42
5.86029,10402,0,,0,1,76,"United Kingdom","21/05/2009  20:44:26",4,1.24303e+09,0,1,2,51.1899,-0.0115958,10,"retired","RETIRED ENGINEER","RH7",2
32.7292,10403,0,,0,1,55,"United Kingdom","22/05/2009  07:41:52",4,1.24306e+09,0,1,5,50.8242,-1.16432,9,"research","LECTURER","po13",17
4.79398,10404,0,,0,1,30,"United Kingdom","22/05/2009  16:12:43",5,1.2431e+09,0,0,1,52.2348,-1.50301,8,"public","SOCIAL WORKER","CV33",5
17.2745,10405,0,,0,1,24,"United Kingdom","23/05/2009  11:36:11",5,1.24316e+09,0,1,4,51.2619,-1.08392,6,"office","USER INTERFACE DESIGNER (IT)","RG24",9
39.373,10406,0,,0,1,30,"United Kingdom","23/05/2009  18:21:04",6,1.24319e+09,0,0,3,56.0857,-3.34759,14,"teaching","PRIMARY TEACHER","KY4",28
36.7079,10407,0,,0,1,43,"United Kingdom","24/05/2009  19:30:05",4,1.24328e+09,0,0,3,51.3863,-0.0788787,6,"office","ADMINISTRATOR","CR0",23
20.9425,10408,0,,0,1,26,"United Kingdom","25/05/2009  13:26:36",5,1.24334e+09,0,0,2,51.4874,-0.0865014,9,"research","FULL TIME RESEARCHER","se17",8
1.27735,10409,0,,0,1,55,"United Kingdom","25/05/2009  15:42:06",6,1.24335e+09,0,0,1,57.2793,-2.37211,14,"teaching","TEACHER","AB51",2
10.2551,10410,0,,0,1,20,"United Kingdom","25/05/2009  16:42:38",1,1.24336e+09,0,0,5,51.4855,-3.21511,13,"student","STUDENT","cf5",31
12.8249,10411,0,,0,1,20,"United Kingdom","25/05/2009  16:49:28",0,1.24336e+09,0,0,5,51.4855,-3.21511,13,"student","STUDENT","cf5",21
5.22844,10412,0,,0,1,20,"United Kingdom","25/05/2009  16:52:33",6,1.24336e+09,0,0,5,51.4855,-3.21511,13,"student","STUDENT","cf5",10
39.7323,10413,0,,0,1,38,"United Kingdom","25/05/2009  17:00:55",3,1.24336e+09,0,1,2,53.1645,-2.25176,9,"research","UNIVERSITY LECTURER","cw12",41
16.8057,10414,0,,0,1,58,"United Kingdom","25/05/2009  20:32:40",0,1.24337e+09,0,0,1,53.1401,-3.29881,14,"teaching","TEACHER","LL15",7
7.02276,10415,0,,0,1,36,"United States of America","25/05/2009  22:16:06",1,1.24338e+09,1,1,2,37.0902,-95.7129,9,"research","NUDGING THE BOUNDARIES OF SCIENCE","USA",20
26.2251,10416,0,,0,1,54,"United Kingdom","25/05/2009  22:33:28",4,1.24338e+09,0,1,3,53.8158,-1.49508,9,"research","TEACHING FELLOW","LS8",34
4.14428,10417,0,,0,1,27,"Australia","26/05/2009  01:32:30",2,1.24339e+09,1,0,2,-33.9148,151.248,9,"research","LECTURER","2031",1
23.7419,10418,0,,0,1,28,"United States of America","26/05/2009  04:04:16",5,1.2434e+09,1,0,2,33.9052,-83.3148,9,"research","ACADEMIC SCIENTIST","30605",38
13.0654,10419,0,,0,1,48,"United Kingdom","26/05/2009  05:09:15",6,1.2434e+09,0,0,4,57.5125,-1.77591,8,"public","LIBRARIAN","AB",14
12.9832,10420,0,,0,1,48,"United States of America","26/05/2009  12:09:01",1,1.24343e+09,1,1,4,33.7741,-83.3576,9,"research","RESEARCH","30677",11
13.8079,10421,0,,0,1,33,"United States of America","26/05/2009  13:41:21",1,1.24343e+09,1,1,3,37.0902,-95.7129,9,"research","RESEARCHER","-",13
35.3856,10422,0,,0,1,48,"United Kingdom","26/05/2009  19:18:00",1,1.24345e+09,0,1,2,53.3625,-1.48503,6,"office","COMPUTER TECHNICIAN","s7",11
17.3072,10423,0,,0,1,19,"United Kingdom","26/05/2009  19:45:45",2,1.24345e+09,0,1,7,52.3908,-1.57702,13,"student","BIOLOGY STUDENT","cv4",17
2.50284,10424,0,,0,1,20,"United Kingdom","26/05/2009  23:52:01",2,1.24347e+09,0,0,5,51.4855,-3.21511,13,"student","STUDENT","cf5",5
5.43054,10425,0,,0,1,42,"United Kingdom","29/05/2009  21:55:17",1,1.24372e+09,0,0,1,53.4107,-1.51996,16,"unemployed","MEDICALLY RETIRED STAFF NURSE","S6",5
8.71874,10426,0,,0,1,56,"United Kingdom","30/05/2009  20:05:42",6,1.2438e+09,0,0,2,49.1903,-2.10148,6,"office","CIVIL SERVANT","JE2",17
42.4115,10427,0,,0,1,24,"United Kingdom","31/05/2009  10:29:12",4,1.24385e+09,0,0,4,52.3147,-1.48869,16,"unemployed","UNEMPLOYED","CV32",8
9.61354,10428,0,,0,1,27,"Canada","31/05/2009  13:56:30",0,1.24386e+09,1,0,3,43.5172,-80.2433,9,"research","RESEARCHERS","N1G",11
5.01565,10429,0,,0,1,30,"United Kingdom","01/06/2009  07:00:51",1,1.24393e+09,0,0,1,52.1327,0.198287,16,"unemployed","NONE","CB22",2
8.8527,10430,0,,0,1,29,"United Kingdom","01/06/2009  15:36:45",0,1.24396e+09,0,0,1,53.4107,-1.51996,6,"office","TEAM LEADER","S6",18
18.4502,10431,0,,0,1,67,"United Kingdom","02/06/2009  12:37:07",2,1.24403e+09,0,0,2,53.4395,-1.1057,10,"retired","RETIRED TEACHER","DN11",11
10.3978,10432,0,,0,1,48,"United Kingdom","03/06/2009  08:21:37",3,1.2441e+09,0,1,1,NaN,NaN,17,"unknown","TECHNICIAN","-",8
34.3132,10433,0,,0,1,59,"United Kingdom","03/06/2009  09:20:24",2,1.24411e+09,0,0,2,53.2564,-2.75059,9,"research","UNIVERSITY ADMINISTRATOR","WA6",11
4.04601,10434,0,,0,1,66,"United Kingdom","03/06/2009  11:55:43",2,1.24412e+09,0,0,3,54.9201,-2.70766,10,"retired","RETIRED","CA8",18
40.6075,10435,0,,0,1,43,"United Kingdom","03/06/2009  14:43:38",6,1.24413e+09,0,1,5,53.5421,-2.54055,8,"public","LOCAL GOVERNMENT MANAGER","BL5",13
4.28183,10436,0,,0,1,25,"United Kingdom","03/06/2009  15:43:30",3,1.24413e+09,0,0,1,51.5636,-0.136793,9,"research","SCIENTIST","N19",9
13.1268,10437,0,,0,1,26,"United Kingdom","03/06/2009  16:01:43",3,1.24413e+09,0,0,2,55.9605,-3.17306,13,"student","STUDENT","eh7",9
19.642,10438,0,,0,1,-1,"United Kingdom","03/06/2009  16:55:26",3,1.24413e+09,0,-1,2,NaN,NaN,17,"unknown","-","-",33
8.30236,10439,0,,0,1,25,"United Kingdom","04/06/2009  10:10:50",3,1.2442e+09,0,0,1,NaN,NaN,9,"research","SCIENTIST","-",10
28.6823,10440,0,,0,1,48,"United Kingdom","04/06/2009  10:47:55",3,1.2442e+09,0,1,4,57.2238,-2.16029,12,"service","VETERINARY OFFICER","AB21",27
19.1018,10441,0,,0,1,24,"United Kingdom","04/06/2009  15:31:00",3,1.24422e+09,0,0,2,56.463,-2.97439,6,"office","MARKETING ASSISTANT","DD1",18
6.28243,10442,0,,0,1,-1,"United States of America","05/06/2009  13:07:32",4,1.24429e+09,1,0,2,37.0902,-95.7129,17,"unknown","-","-",12
0.184146,10443,0,,0,1,70,"United Kingdom","05/06/2009  14:12:51",2,1.2443e+09,0,0,2,52.4173,-1.58478,3,"home","HOUSEWIFE","CV5",3
28.7369,10444,0,,0,1,61,"United Kingdom","05/06/2009  14:39:22",4,1.2443e+09,0,0,1,51.2391,0.672609,10,"retired","RETIRED","M20",16
41.5992,10445,0,,0,1,30,"United Kingdom","05/06/2009  21:16:31",4,1.24432e+09,0,0,2,52.6261,-1.30473,8,"public","EDUCATIONAL CONSULTANT","LE9",23
38.2187,10446,0,,0,1,55,"United Kingdom","06/06/2009  21:18:45",4,1.24441e+09,0,0,2,53.7065,-1.84128,14,"teaching","TEACHER","HX3",129
0.460649,10447,0,,0,1,35,"United Kingdom","09/06/2009  09:46:48",2,1.24463e+09,0,1,3,51.3443,-0.11965,6,"office","BUSINESS DEVELOPEMENT MANAGER","CR8",5
1.21635,10448,0,,0,1,-1,"United Kingdom","09/06/2009  10:51:45",2,1.24463e+09,0,-1,3,NaN,NaN,17,"unknown","-","-",3
5.93813,10449,0,,0,1,36,"United Kingdom","09/06/2009  21:40:41",2,1.24467e+09,0,0,3,51.5504,-0.136729,6,"office","EDITOR","NW5",4
17.7645,10450,0,,0,1,36,"United Kingdom","10/06/2009  14:09:54",2,1.24473e+09,0,1,2,51.5597,-0.0146883,12,"service","PRESS OFFICER","E10",37
11.3316,10451,0,,0,1,20,"United Kingdom","10/06/2009  21:19:57",2,1.24476e+09,0,0,5,51.4855,-3.21511,13,"student","STUDENT","cf5",34
36.5656,10452,0,,0,1,20,"United Kingdom","13/06/2009  15:53:13",5,1.24499e+09,0,0,5,51.4855,-3.21511,13,"student","STUDENT","cf5",11
25.0751,10453,0,,0,1,32,"United Kingdom","13/06/2009  20:58:29",6,1.24501e+09,0,0,3,52.3908,-1.57702,3,"home","MOTHER","CV4",6
10.7725,10454,0,,0,1,42,"United Kingdom","14/06/2009  05:44:09",6,1.24504e+09,0,0,2,53.8835,-1.61559,12,"service","ELEARNING CONSULTANT","LS16",2
29.094,10455,0,,0,1,54,"United Kingdom","14/06/2009  07:59:39",3,1.24505e+09,0,0,3,52.2638,-1.5201,8,"public","LOCAL GOVERNMENT OFFICER","CV31",19
9.89265,10456,0,,0,1,31,"United Kingdom","14/06/2009  17:43:24",3,1.24509e+09,0,0,2,52.231,0.129554,17,"unknown","FACULTY COORDINATOR/TUTOR","CB4",16
12.4098,10457,0,,0,1,20,"United Kingdom","14/06/2009  23:36:47",0,1.24511e+09,0,0,5,51.4855,-3.21511,13,"student","STUDENT","cf5",9
17.2349,10458,0,,0,1,47,"United Kingdom","16/06/2009  08:29:30",2,1.24523e+09,0,0,4,52.1469,-1.72129,17,"unknown","MULTIMEDIA DEVELOPER","CV37",12
11.3812,10459,0,,0,1,33,"United Kingdom","16/06/2009  12:07:59",1,1.24524e+09,0,0,1,52.3147,-1.48869,9,"research","VETERINARY RESEARCHER","cv32",14
10.4258,10460,0,,0,1,53,"United Kingdom","16/06/2009  12:27:19",6,1.24524e+09,0,1,1,55.8886,-3.2063,6,"office","COMPANY DIRECTOR","EH10",2
19.0229,10461,0,,0,1,38,"United Kingdom","16/06/2009  13:24:04",1,1.24525e+09,0,1,2,53.1645,-2.25176,9,"research","UNIVERSITY LECTURER","cw12",14
25.1541,10462,0,,0,1,47,"United Kingdom","16/06/2009  19:56:05",1,1.24527e+09,0,1,4,52.1469,-1.72129,5,"mechanic","ENGINEER","cv37",17
35.611,10463,0,,0,1,15,"United Kingdom","16/06/2009  20:09:10",1,1.24527e+09,0,1,4,52.1469,-1.72129,11,"schoolchild","SCHOOL","CV37",26
20.8434,10464,0,,0,1,20,"United Kingdom","16/06/2009  22:21:44",2,1.24528e+09,0,0,5,51.4855,-3.21511,13,"student","STUDENT","cf5",8
15.9524,10465,0,,0,1,31,"United Kingdom","18/06/2009  10:57:58",4,1.24541e+09,0,1,2,55.867,-4.24326,13,"student","STUDENT","G4",18
24.745,10466,0,,0,1,36,"United Kingdom","18/06/2009  16:49:10",4,1.24543e+09,0,0,1,53.9911,-1.49977,2,"health","DOCTOR","HG2",39
14.627,10467,0,,0,1,37,"United Kingdom","18/06/2009  18:36:38",0,1.24544e+09,0,0,3,NaN,NaN,2,"health","GENERAL PRACTITIONER","-",44
38.0287,10468,0,,0,1,26,"United Kingdom","18/06/2009  19:24:09",0,1.24544e+09,0,0,1,52.9772,-1.15202,2,"health","DOCTOR","ng5",23
11.3281,10469,0,,0,1,48,"United Kingdom","18/06/2009  20:14:21",0,1.24544e+09,0,0,5,51.4975,-0.64315,5,"mechanic","CHARTERED ENGINEER","SL4",52
20.585,10470,0,,0,1,47,"United Kingdom","18/06/2009  20:32:59",4,1.24544e+09,0,0,5,53.3461,-2.60138,9,"research","LECTURER","WA4",15
28.9412,10471,0,,0,1,16,"United Kingdom","18/06/2009  20:59:42",2,1.24545e+09,0,1,5,53.3461,-2.60138,11,"schoolchild","SCHOOL","WA4",159
37.5113,10472,0,,0,1,13,"United Kingdom","18/06/2009  21:11:51",4,1.24545e+09,0,0,5,53.3461,-2.60138,11,"schoolchild","SCHOOL","WA4",65
39.4479,10473,0,,0,1,14,"United Kingdom","18/06/2009  21:24:55",4,1.24545e+09,0,1,5,53.3461,-2.60138,11,"schoolchild","SCHOOL","WA4",101
2.65234,10474,0,,0,1,62,"United Kingdom","19/06/2009  10:17:26",4,1.24549e+09,0,1,3,51.5012,-3.16849,10,"retired","RETIRED","CF23",6
33.4028,10475,0,,0,1,25,"United Kingdom","19/06/2009  13:47:02",5,1.24551e+09,0,0,5,53.8559,-1.83486,13,"student","POST GRAD STUDENT","bd16",10
40.4317,10476,0,,0,1,44,"United Kingdom","19/06/2009  14:03:09",3,1.24551e+09,0,0,2,50.8531,-1.37729,14,"teaching","TEACHER","SOI",210
22.2038,10477,0,,0,1,56,"United Kingdom","19/06/2009  14:04:12",3,1.24551e+09,0,0,4,54.6601,-5.69492,2,"health","DOCTOR","B20",21
19.6603,10478,0,,0,1,20,"United Kingdom","20/06/2009  10:43:30",5,1.24558e+09,0,0,5,51.4855,-3.21511,13,"student","STUDENT","cf5",4
36.933,10479,0,,0,1,53,"United Kingdom","20/06/2009  10:45:55",4,1.24558e+09,0,0,2,53.8652,-1.93472,2,"health","HOSPITAL DOCTOR","BD22",47
29.1808,10480,0,,0,1,20,"United Kingdom","20/06/2009  10:48:15",4,1.24558e+09,0,0,5,51.4855,-3.21511,13,"student","STUDENT","cf5",8
13.8791,10481,0,,0,1,26,"United Kingdom","20/06/2009  18:23:03",0,1.24561e+09,0,0,2,52.9851,-2.20808,2,"health","DOCTOR","ST4",15
30.9671,10482,0,,0,1,46,"United Kingdom","20/06/2009  18:26:21",4,1.24561e+09,0,0,5,51.4796,-2.77432,2,"health","SALARIED GP","BS20",41
41.8209,10483,0,,0,1,55,"United Kingdom","20/06/2009  18:45:46",2,1.24561e+09,0,0,1,53.3161,-3.46348,2,"health","CONSULTANT ANAESTHETIST","LL18",39
9.33806,10484,0,,0,1,36,"United Kingdom","20/06/2009  21:05:20",6,1.24562e+09,0,1,4,53.765,-2.69669,8,"public","SUPPORT WORKER","pr1",5
15.4687,10485,0,,0,1,27,"United Kingdom","21/06/2009  08:34:22",6,1.24566e+09,0,0,2,51.5483,-0.230292,6,"office","CLINICAL TRIAL MANAGER","NW2",19
15.7836,10486,0,,0,1,27,"United Kingdom","21/06/2009  08:34:22",6,1.24566e+09,0,0,2,51.5483,-0.230292,6,"office","CLINICAL TRIAL MANAGER","NW2",19
12.4167,10487,0,,0,1,22,"United Kingdom","21/06/2009  12:50:46",6,1.24568e+09,0,1,200,51.5248,-0.122632,13,"student","STUDENT","WC1N 2AN",14
31.5395,10488,0,,0,1,39,"United Kingdom","21/06/2009  13:51:02",6,1.24568e+09,0,1,2,51.2926,-2.44909,6,"office","COMPUTER PROGRAMMER","BA3",5
36.4099,10489,0,,0,1,9,"United Kingdom","21/06/2009  18:42:58",0,1.2457e+09,0,1,3,52.1964,0.150489,11,"schoolchild","SCHOOL PUPIL","cb1",43
11.6584,10490,0,,0,1,22,"United Kingdom","21/06/2009  21:05:55",0,1.2457e+09,0,0,10,50.8234,-0.15331,13,"student","STUDENT","BN1",13
30.6019,10491,0,,0,1,36,"United Kingdom","21/06/2009  22:19:15",0,1.24571e+09,0,0,4,NaN,NaN,6,"office","LEGAL EXECUTIVE","-",23
38.5677,10492,0,,0,1,31,"United Kingdom","21/06/2009  22:24:26",0,1.24571e+09,0,0,6,52.4506,-1.48664,13,"student","STUDENT","cv61ag",23
13.4191,10493,0,,0,1,48,"United Kingdom","22/06/2009  08:36:59",6,1.24575e+09,0,0,3,51.1997,-2.95866,2,"health","REGISTERED NURSE","TA9",8
23.8851,10494,0,,0,1,35,"United Kingdom","22/06/2009  10:05:40",1,1.24575e+09,0,0,3,52.1442,-2.20141,14,"teaching","TEACHER","WR5",32
7.39044,10495,0,,0,1,27,"United Kingdom","22/06/2009  10:10:55",1,1.24575e+09,0,1,10,51.5248,-0.122632,13,"student","STUDENT","WC1N 2AB",2
12.7565,10496,0,,0,1,27,"United Kingdom","22/06/2009  10:39:09",1,1.24575e+09,0,0,5,52.3869,-1.46453,6,"office","LEGAL SECRETARY","CV3",8
15.8002,10497,0,,0,1,55,"United Kingdom","22/06/2009  12:17:30",4,1.24576e+09,0,0,4,52.4298,-1.44185,17,"unknown","SENIOR HEALTH DEVELOPMENT OFFICER","CV2",31
30.498,10498,0,,0,1,36,"United Kingdom","22/06/2009  12:38:00",0,1.24576e+09,0,1,4,52.3869,-1.46453,6,"office","OFFICE WORKER","cv3",37
20.1103,10499,0,,0,1,27,"United Kingdom","22/06/2009  13:28:43",1,1.24576e+09,0,0,3,51.5689,-0.113253,13,"student","STUDENT","N4",25
42.0643,10500,0,,0,1,28,"United Kingdom","22/06/2009  13:32:57",0,1.24576e+09,0,0,2,51.4453,-0.139149,13,"student","STUDENT","SW12",26
0.376825,10501,0,,0,1,44,"United Kingdom","22/06/2009  15:56:53",1,1.24577e+09,0,0,2,50.8742,-1.35473,14,"teaching","SUPPLY TEACHER","SOI",1
4.96564,10502,0,,0,1,44,"United Kingdom","22/06/2009  16:18:22",0,1.24577e+09,0,0,2,50.8966,-1.33663,14,"teaching","SUPPLY TEACHER","SO1",17
3.76365,10503,0,,0,1,34,"United Kingdom","22/06/2009  20:31:55",1,1.24579e+09,0,1,2,52.5213,-1.46716,6,"office","IT TECHNICIAN","CV11",14
20.7804,10504,0,,0,1,42,"United Kingdom","23/06/2009  07:57:34",1,1.24583e+09,0,0,2,53.4107,-1.51996,2,"health","CONSULTANT MEDICAL PRACTITIONER","S6",26
32.0998,10505,0,,0,1,24,"United Kingdom","23/06/2009  10:38:34",1,1.24584e+09,0,0,6,51.565,-0.0499679,13,"student","STUDENT","E5",15
19.6044,10506,0,,0,1,20,"United Kingdom","23/06/2009  12:10:48",6,1.24585e+09,0,0,4,52.4298,-1.44185,6,"office","ADMINSTRATION","CV2",72
31.4943,10507,0,,0,1,35,"United Kingdom","25/06/2009  09:34:26",3,1.24601e+09,0,1,5,NaN,NaN,2,"health","DOCTOR","-",6
12.0898,10508,0,,0,1,20,"United Kingdom","25/06/2009  16:13:18",3,1.24603e+09,0,0,4,51.4855,-3.21511,13,"student","STUDENT","cf5",3
11.8529,10509,0,,0,1,20,"United Kingdom","25/06/2009  16:13:21",3,1.24603e+09,0,0,4,51.4855,-3.21511,13,"student","STUDENT","cf5",3
7.56954,10510,0,,0,1,20,"United Kingdom","25/06/2009  16:16:19",4,1.24603e+09,0,0,4,51.4855,-3.21511,13,"student","STUDENT","cf5",5
39.9097,10511,0,,0,1,57,"United Kingdom","25/06/2009  19:16:45",2,1.24604e+09,0,0,1,NaN,NaN,14,"teaching","TEACHER","-",61
24.836,10512,0,,0,1,28,"United Kingdom","26/06/2009  08:57:13",4,1.24609e+09,0,1,3,53.0987,-2.01994,12,"service","OUTDOOR PURSUITS INSTRUCTOR","st13",31
23.7849,10513,0,,0,1,30,"United States of America","28/06/2009  14:22:04",6,1.24629e+09,1,0,2,40.6773,-74.0094,17,"unknown","JOURNALIST","11231",9
15.0267,10514,0,,0,1,27,"United Kingdom","29/06/2009  09:33:37",0,1.24635e+09,0,0,3,51.5689,-0.113253,13,"student","STUDENT","N4",9
10.5533,10515,0,,0,1,54,"United Kingdom","29/06/2009  11:01:57",5,1.24636e+09,0,0,1,55.7861,-4.28754,6,"office","PERSONAL ASSISTANT","G76",9
15.2852,10516,0,,0,1,27,"United Kingdom","29/06/2009  11:14:04",0,1.24636e+09,0,1,3,55.8877,-4.29099,9,"research","RESEARCH ASSISTANT","G20",7
17.7485,10517,0,,0,1,37,"United Kingdom","29/06/2009  12:23:16",5,1.24636e+09,0,0,1,55.8877,-4.29099,9,"research","ADMIN, SOCIAL RESEARCH",7
37.3694,10518,0,,0,1,49,"United Kingdom","29/06/2009  19:58:04",1,1.24639e+09,0,0,4,52.1499,-1.49841,2,"health","PUBLIC HEALTH SPECIALIST","CV35",23
22.8069,10519,0,,0,1,26,"United Kingdom","30/06/2009  15:14:32",2,1.24646e+09,0,0,3,53.0987,-2.01994,9,"research","LECTURER","st13",6
10.4503,10520,0,,0,1,38,"United Kingdom","01/07/2009  16:23:50",3,1.24655e+09,0,0,2,55.8877,-4.29099,9,"research","RESEARCHER","G20",16
11.2363,10521,0,,0,1,38,"United Kingdom","02/07/2009  13:50:58",3,1.24663e+09,0,1,2,53.1645,-2.25176,9,"research","UNIVERSITY LECTURER","cw12",8
16.8236,10522,0,,0,1,32,"United Kingdom","06/07/2009  21:25:08",3,1.247e+09,0,0,3,53.6337,-1.81999,2,"health","DOCTOR (GP)","HD4",67
33.7435,10523,0,,0,1,29,"Canada","09/07/2009  13:41:49",4,1.24723e+09,1,0,1,43.6864,-79.4,9,"research","RESEARCH SCIENTIST","M4V",51
16.7519,10524,0,,0,1,32,"United Kingdom","09/07/2009  15:09:00",3,1.24724e+09,0,0,3,53.6337,-1.81999,2,"health","DOCTOR (GP)","HD4",67
19.0876,10525,0,,0,1,32,"Canada","12/07/2009  14:11:59",6,1.24749e+09,1,0,2,43.9687,-78.1735,9,"research","SCIENTIST","K9A",15
12.1378,10526,0,,0,1,28,"Canada","12/07/2009  15:07:02",6,1.2475e+09,1,0,1,43.6479,-79.4197,13,"student","GRADUATE STUDENT","M6J",8
20.7121,10527,0,,0,1,60,"Canada","12/07/2009  15:10:47",4,1.2475e+09,1,1,2,NaN,NaN,9,"research","PROFESSOR","-",13
20.093,10528,0,,0,1,32,"Canada","12/07/2009  15:13:37",6,1.2475e+09,1,0,2,43.6516,-79.4844,9,"research","EPIDEMIOLOGIST","M6S",6
39.3878,10529,0,,0,1,37,"Canada","12/07/2009  15:29:32",4,1.2475e+09,1,1,1,43.6472,-79.4091,17,"unknown","SELF EMPLOYED","M6J 2K4",14
29.4446,10530,0,,0,1,38,"Canada","12/07/2009  15:47:36",6,1.2475e+09,1,1,4,43.1334,-80.7492,6,"office","COMMERCIAL INSURANCE SALES","n4s",23
23.4026,10531,0,,0,1,38,"Canada","12/07/2009  15:54:04",6,1.2475e+09,1,0,2,44.0405,-78.0081,12,"service","REALTOR","K0K2G0",22
40.103,10532,0,,0,1,31,"United States of America","12/07/2009  15:56:02",5,1.2475e+09,1,0,1,38.5603,-121.497,9,"research","BIOLOGIST","95818",70
9.21678,10533,0,,0,1,30,"United States of America","12/07/2009  16:04:46",0,1.2475e+09,1,0,1,NaN,NaN,9,"research","BIOLOGIST","-",6
10.1057,10534,0,,0,1,28,"United States of America","12/07/2009  16:37:20",6,1.2475e+09,1,0,1,33.4324,-111.934,13,"student","GRADUATE STUDENT","85281",15
9.62043,10535,0,,0,1,37,"Canada","12/07/2009  19:37:39",4,1.24751e+09,1,0,1,51.0673,-114.135,9,"research","RESEARCHER","t2n",10
20.495,10536,0,,0,1,66,"Canada","12/07/2009  20:22:25",6,1.24752e+09,1,1,2,43.9629,-78.2989,16,"unemployed","RETIRED (CLERGY)","L1A",23
6.42601,10537,0,,0,1,50,"United States of America","13/07/2009  00:13:09",0,1.24753e+09,1,0,2,44.826,-93.47,6,"office","BUSINESS ANALYST","55347",5
13.2378,10538,0,,0,1,33,"Canada","13/07/2009  00:53:37",0,1.24753e+09,1,0,2,NaN,NaN,14,"teaching","TEACHER","-",52
5.48407,10539,0,,0,1,34,"Canada","13/07/2009  10:27:25",1,1.24757e+09,1,1,4,43.669,-79.3156,17,"unknown","CURATOR, ZOO",7
3.97261,10540,0,,0,1,41,"Canada","13/07/2009  11:15:02",0,1.24757e+09,1,0,2,43.9629,-78.2989,12,"service","MERCHANDISE MOVEMENT, RETAIL",7
3.59039,10541,0,,0,1,35,"Canada","14/07/2009  00:28:45",6,1.24762e+09,1,0,1,44.104,-79.1238,8,"public","PRIEST","L9P",78
36.6381,10542,0,,0,1,40,"United Kingdom","14/07/2009  11:55:47",2,1.24766e+09,0,0,4,50.8795,0.0143354,2,"health","DCCTOR","bn7",51
27.6262,10543,0,,0,1,30,"United Kingdom","14/07/2009  12:57:36",0,1.24766e+09,0,0,3,53.4057,-2.03613,3,"home","HOUSEWIFE","SK6",8
23.2278,10544,0,,0,1,41,"Canada","15/07/2009  20:33:00",2,1.24778e+09,1,0,4,43.8866,-78.9626,3,"home","HOMEMAKER","L1P 1E2",19
27.2811,10545,0,,0,1,34,"Canada","16/07/2009  01:09:03",3,1.24779e+09,1,0,2,43.5168,-79.8577,3,"home","STAY AT HOME PARENT","L9T",8
19.8409,10546,0,,0,1,25,"United Kingdom","16/07/2009  12:46:28",3,1.24783e+09,0,1,6,51.565,-0.0499679,17,"unknown","JOURNALIST","e5",41
11.5063,10547,0,,0,1,43,"Canada","18/07/2009  03:43:11",5,1.24797e+09,1,0,3,43.715,-79.6839,2,"health","HEALTH WORKER","l6t",9
27.2071,10548,0,,0,1,51,"United Kingdom","18/07/2009  12:39:52",4,1.24801e+09,0,0,1,55.9639,-3.20446,2,"health","HOSPITAL DOCTOR","eh3",85
19.1544,10549,0,,0,1,37,"Canada","18/07/2009  16:37:01",3,1.24802e+09,1,0,2,43.6853,-79.3381,9,"research","PROFESSOR","M4J",16
38.5367,10550,0,,0,1,62,"United Kingdom","20/07/2009  11:52:33",4,1.24818e+09,0,0,3,52.5403,-1.3698,10,"retired","RETIRED","le10",47
0.504317,10551,0,,0,1,38,"Canada","20/07/2009  15:43:53",6,1.24819e+09,1,0,1,44.0386,-79.6053,14,"teaching","TEACHER","L0G",16
12.7452,10552,0,,0,1,43,"United Kingdom","21/07/2009  22:13:06",2,1.2483e+09,0,0,5,52.4298,-1.44185,3,"home","FOSTER PARENT","cv2",17
8.53823,10553,0,,0,1,38,"United Kingdom","22/07/2009  09:51:30",2,1.24834e+09,0,1,2,53.1645,-2.25176,9,"research","UNIVERSITY LECTURER","cw12",15
18.7747,10554,0,,0,1,59,"United Kingdom","22/07/2009  16:06:43",0,1.24837e+09,0,0,2,53.8158,-1.49508,2,"health","GENERAL PRATITIONER","LS8",39
18.0564,10555,0,,0,1,64,"United Kingdom","22/07/2009  17:20:45",3,1.24837e+09,0,1,4,53.8269,-1.35649,17,"unknown","GATE HOUSE KEEPER HOSPITAL","LS*",23
30.4003,10556,0,,0,1,60,"United Kingdom","23/07/2009  13:06:03",1,1.24844e+09,0,0,2,51.6867,-2.04849,16,"unemployed","RECENTLY RETIRED SECRETARY","GL7",58
40.2896,10557,0,,0,1,58,"United Kingdom","23/07/2009  14:12:45",3,1.24844e+09,0,0,2,51.824,-2.04626,2,"health","PUBLIC HEALTH NURSE","GL",11
3.19216,10558,0,,0,1,30,"United Kingdom","24/07/2009  10:26:25",4,1.24852e+09,0,0,2,51.4126,-0.067248,17,"unknown","HYPNOTHERAPIST","SE20",14
5.32007,10559,0,,0,1,58,"United States of America","25/07/2009  16:58:50",2,1.24863e+09,1,0,1,33.3651,-111.75,3,"home","MOTHER/UNEMPLOYED","85234",3
13.9387,10560,0,,0,1,59,"United Kingdom","25/07/2009  19:15:32",4,1.24864e+09,0,1,2,51.8252,-0.387025,2,"health","HOSPITAL DOCTOR","al5",24
7.95718,10561,0,,0,1,33,"United States of America","26/07/2009  05:22:05",5,1.24867e+09,1,0,3,38.8554,-85.3963,6,"office","WRITER","47250",8
14.7485,10562,0,,0,1,54,"United Kingdom","26/07/2009  16:39:19",0,1.24871e+09,0,0,2,53.8158,-1.49508,2,"health","HEALTH VISITOR","ls8",22
18.5389,10563,0,,0,1,59,"United Kingdom","28/07/2009  18:48:29",2,1.24889e+09,0,0,3,53.8158,-1.49508,6,"office","EDUCATION ADVISER","LS8",17
12.4115,10564,0,,0,1,23,"United Kingdom","28/07/2009  19:20:44",2,1.2489e+09,0,0,3,53.8158,-1.49508,14,"teaching","TRAINEE TEACHER","LS8",18
2.90838,10565,0,,0,1,61,"United Kingdom","29/07/2009  11:07:25",2,1.24895e+09,0,1,2,53.8158,-1.49508,10,"retired","RETIRED","LS8",7
11.6049,10566,0,,0,1,62,"United Kingdom","29/07/2009  11:20:43",6,1.24895e+09,0,0,2,53.8158,-1.49508,10,"retired","RETIRED","LS8",5
27.3741,10567,0,,0,1,38,"United Kingdom","31/07/2009  11:09:20",4,1.24912e+09,0,1,2,53.1645,-2.25176,9,"research","UNIVERSITY LECTURER","cw12",25
6.92611,10568,0,,0,1,33,"United Kingdom","03/08/2009  15:36:34",0,1.2494e+09,0,0,2,51.5234,-0.163815,9,"research","SCIENTIST","nw1",1
20.0511,10569,0,,0,1,32,"United Kingdom","04/08/2009  14:02:05",1,1.24948e+09,0,1,2,50.9441,-1.39064,9,"research","RESEARCH ACADEMIC","SO16",36
3.23497,10570,0,,0,1,33,"United Kingdom","07/08/2009  14:50:23",5,1.24974e+09,0,1,2,NaN,NaN,8,"public","ARMY","-",2
10.7392,10571,0,,0,1,53,"United Kingdom","09/08/2009  08:43:21",6,1.24989e+09,0,1,3,51.7868,-3.59707,2,"health","PUBLIC HEALTH DOC","SA11",9
14.836,10572,0,,0,1,32,"United Kingdom","10/08/2009  11:37:16",3,1.24999e+09,0,1,2,55.8738,-4.28876,13,"student","STUDENT","G12",4
15.7366,10573,0,,0,1,32,"United Kingdom","10/08/2009  11:46:03",2,1.24999e+09,0,1,2,55.8738,-4.28876,13,"student","STUDENT","G12",67
26.8523,10574,0,,0,1,32,"United Kingdom","10/08/2009  12:00:20",1,1.24999e+09,0,1,2,55.8738,-4.28876,13,"student","STUDENT","G12",22
7.52846,10575,0,,0,1,26,"United Kingdom","11/08/2009  13:16:45",1,1.25008e+09,0,0,1,52.8142,-1.23173,12,"service","BAR STAFF","LE12",12
11.3679,10576,0,,0,1,53,"United Kingdom","13/08/2009  20:40:37",3,1.25028e+09,0,1,3,51.7868,-3.59707,2,"health","PUBLIC HEALTH DOC","SA11",13
40.1642,10577,0,,0,1,53,"United Kingdom","15/08/2009  20:34:01",5,1.25045e+09,0,1,3,51.7868,-3.59707,2,"health","PUBLIC HEALTH DOC","SA11",14
28.9689,10578,0,,0,1,53,"United Kingdom","18/08/2009  07:29:53",1,1.25067e+09,0,1,3,51.7868,-3.59707,2,"health","PUBLIC HEALTH DOC","SA11",70
9.64308,10579,0,,0,1,23,"South Africa","19/08/2009  06:01:13",3,1.25075e+09,1,1,1,-33.9222,18.8967,13,"student","STUDENT","7600",39
24.0138,10580,0,,0,1,53,"United Kingdom","23/08/2009  09:36:37",6,1.25111e+09,0,1,3,51.7868,-3.59707,2,"health","PUBLIC HEALTH DOC","SA11",9
5.06513,10581,0,,0,1,42,"United Kingdom","23/08/2009  13:50:35",6,1.25112e+09,0,0,3,51.5887,-3.24115,6,"office","WEBSITE EDITOR","CF83",2
23.3443,10582,0,,0,1,51,"United Kingdom","23/08/2009  15:21:25",4,1.25113e+09,0,0,2,51.8221,-4.42293,6,"office","INFORMATICS","sa33",63
38.5436,10583,0,,0,1,53,"United Kingdom","24/08/2009  22:15:24",0,1.25124e+09,0,-1,3,51.7868,-3.59707,2,"health","PUBLIC HEALTH DOC","SA11",250
8.39606,10584,0,,0,1,37,"Canada","28/08/2009  03:54:17",4,1.25152e+09,1,0,1,51.0673,-114.135,9,"research","BIOLOGIST","t2n",11
16.002,10585,0,,0,1,35,"Canada","28/08/2009  05:00:50",4,1.25152e+09,1,0,6,53.5222,-113.456,17,"unknown","PHOTOGRAPHER","T6C",14
7.64891,10586,0,,0,1,53,"United Kingdom","29/08/2009  12:44:57",5,1.25164e+09,0,0,3,51.7868,-3.59707,2,"health","WARD RECEPTIONIST","sa11",2
5.29486,10587,0,,0,1,54,"United Kingdom","29/08/2009  12:49:18",5,1.25164e+09,0,1,3,51.7868,-3.59707,2,"health","PUBLIC HEALTH DOCTOR","sa11",4
23.6995,10588,0,,0,1,60,"Canada","29/08/2009  15:50:58",5,1.25165e+09,1,1,2,52.1169,-106.719,9,"research","PROFESSOR (UNIVERSITY)","S7M",22
4.28957,10589,0,,0,1,28,"Canada","29/08/2009  16:37:05",5,1.25165e+09,1,0,2,51.0206,-114.146,17,"unknown","LAB COORDINATOR","T3e",10
17.3826,10590,0,,0,1,54,"Canada","29/08/2009  22:51:25",4,1.25167e+09,1,0,2,51.0922,-114.122,9,"research","PROFESSOR","T2L",10
33.6298,10591,0,,0,1,26,"Canada","30/08/2009  18:06:29",6,1.25174e+09,1,0,2,51.0678,-114.082,13,"student","GRADUATE STUDENT","t2m",18
8.81185,10592,0,,0,1,54,"United Kingdom","01/09/2009  11:18:13",1,1.25189e+09,0,1,3,51.7868,-3.59707,2,"health","PUBLIC HEALTH DOV","SA11",4
1.74909,10593,0,,0,1,38,"United Kingdom","06/09/2009  10:24:55",6,1.25232e+09,0,1,2,53.1645,-2.25176,9,"research","LECTURER","CW12",5
33.9897,10594,0,,0,1,54,"United Kingdom","08/09/2009  15:32:25",1,1.25251e+09,0,1,3,51.7868,-3.59707,2,"health","PUBLIC HEALTH DOC","SA11",29
11.0966,10595,0,,0,1,60,"United Kingdom","15/09/2009  14:40:57",0,1.25311e+09,0,1,2,53.3572,-3.10025,14,"teaching","SCIENCE EDUCATION","ch61",7
11.7589,10596,0,,0,1,54,"United Kingdom","20/09/2009  14:24:16",6,1.25354e+09,0,1,2,51.7868,-3.59707,2,"health","PUBLIC HEALTH DOC","SA11",25
11.5311,10597,0,,0,1,24,"Canada","21/09/2009  03:48:01",0,1.25359e+09,1,1,1,NaN,NaN,13,"student","MASTER STUDENT","-",30
16.6851,10598,0,,0,1,27,"Canada","22/09/2009  20:29:34",2,1.25374e+09,1,1,2,51.0678,-114.082,6,"office","ANALYST","t2m",21
34.9747,10599,0,,0,1,47,"Canada","22/09/2009  20:39:16",2,1.25374e+09,1,0,2,51.179,-114.408,17,"unknown","COMPLIANCE ADMINISTRATOR","T4C",68
10.3861,10600,0,,0,1,39,"United Kingdom","29/09/2009  12:14:17",1,1.25431e+09,0,1,2,53.1645,-2.25176,9,"research","UNIVERSITY LECTURER","cw12",20
7.13039,10601,0,,0,1,21,"United Kingdom","10/10/2009  19:42:14",6,1.25529e+09,0,0,5,51.4855,-3.21511,13,"student","STUDENT","cf5",9
16.3656,10602,0,,0,1,27,"Korea (south)","11/10/2009  05:43:34",0,1.25533e+09,1,0,3,35.9078,127.767,13,"student","STUDENT","138-700",6
23.1805,10603,0,,0,1,17,"Uruguay","11/10/2009  12:23:55",6,1.25535e+09,1,0,5,-32.5228,-55.7658,13,"student","STUDENT","le12",25
19.2274,10604,0,,0,1,21,"United Kingdom","12/10/2009  14:06:42",0,1.25544e+09,0,0,5,51.4855,-3.21511,13,"student","STUDENT","cf5",15
32.0427,10605,0,,0,1,23,"United Kingdom","12/10/2009  14:42:45",1,1.25544e+09,0,0,5,51.4855,-3.21511,13,"student","PHD STUDENT - FULL TIME","CF5",10
6.63094,10606,0,,0,1,41,"United Kingdom","02/11/2009  15:10:15",1,1.25726e+09,0,1,3,52.3147,-1.48869,17,"unknown","JOURNALIST","cv32",3
1.99232,10607,0,,0,1,24,"United Kingdom","03/11/2009  09:51:15",2,1.25733e+09,0,1,2,52.3147,-1.48869,6,"office","CALL CENTRE","cv32",1
26.8523,10608,0,,0,1,23,"United Kingdom","03/11/2009  10:51:13",1,1.25733e+09,0,1,3,52.2711,-1.57333,6,"office","TELEMARKETING","CV34",13
22.5217,10609,0,,0,1,26,"Canada","08/11/2009  22:25:46",6,1.25781e+09,1,0,2,NaN,NaN,13,"student","GRAD STUDENT","-",517
35.3352,10610,0,,0,1,28,"United Kingdom","02/12/2009  22:53:38",3,1.25988e+09,0,0,2,51.5241,-0.171914,17,"unknown","COORDINATOR","nw8",24
24.1063,10611,0,,0,1,75,"United Kingdom","03/12/2009  12:44:17",1,1.25993e+09,0,1,2,53.397,-3.07316,10,"retired","RETIRED","CH43",62
29.8909,10612,0,,0,1,40,"Mexico","03/12/2009  22:49:11",3,1.25997e+09,1,1,6,NaN,NaN,9,"research","RESEARCHER","-",28
23.2313,10613,0,,0,1,49,"United Kingdom","05/12/2009  14:33:05",5,1.26011e+09,0,0,4,51.8562,-0.555309,14,"teaching","TEACHER","LU6",21
10.4751,10614,0,,0,1,36,"United Kingdom","05/12/2009  18:34:25",5,1.26012e+09,0,1,1,51.1267,1.33778,6,"office","ACCOUNTANT","e15",24
4.07069,10615,0,,0,1,52,"United Kingdom","05/12/2009  19:28:10",6,1.26013e+09,0,1,2,53.1201,-2.18004,2,"health","CARER","ST8",2
25.895,10616,0,,0,1,52,"United Kingdom","05/12/2009  22:07:47",6,1.26014e+09,0,0,4,51.7197,-0.373653,14,"teaching","TEACHER","AL2",13
10.7388,10617,0,,0,1,58,"United Kingdom","06/12/2009  12:02:34",6,1.26019e+09,0,0,2,51.7585,-1.24938,12,"service","COUNSELLOR","OX1 5ER",8
23.1131,10618,0,,0,1,70,"United Kingdom","06/12/2009  12:26:10",6,1.26019e+09,0,0,2,53.397,-3.07316,10,"retired","RETIRED","CH43",14
0.0980505,10619,0,,0,1,68,"United Kingdom","06/12/2009  12:54:57",6,1.26019e+09,0,1,1,51.5444,-2.05642,10,"retired","RETIRED","SN15",1
9.32657,10620,0,,0,1,68,"United Kingdom","06/12/2009  13:02:06",1,1.26019e+09,0,1,1,51.5444,-2.05642,10,"retired","RETIRED","SN15",13
22.7534,10621,0,,0,1,76,"United Kingdom","06/12/2009  14:26:42",6,1.2602e+09,0,1,2,51.963,-0.256958,10,"retired","RETIRED","SG4",8
38.0886,10622,0,,0,1,14,"United Kingdom","07/12/2009  22:29:50",6,1.26031e+09,0,1,4,51.9684,0.227054,11,"schoolchild","SCHOOL PUPIL","CB11",38
19.348,10623,0,,0,1,25,"United Kingdom","09/12/2009  11:47:04",2,1.26045e+09,0,0,2,52.4173,-1.58478,6,"office","MARKET RESEARCHER","cv5 8aj",15
17.3094,10624,0,,0,1,28,"United Kingdom","09/12/2009  11:59:38",0,1.26045e+09,0,1,4,52.1469,-1.72129,6,"office","COMPUTER ENGINEER","CV37",5
40.9885,10625,0,,0,1,27,"Mexico","10/12/2009  20:37:37",4,1.26056e+09,1,1,2,19.427,-99.1276,2,"health","RESEARCH ASSISSTANT, PHYSICAN IN PRIVATE SECTOR",7
7.5225,10626,0,,0,1,38,"United Kingdom","12/12/2009  14:33:37",6,1.26071e+09,0,1,5,51.6121,0.233037,17,"unknown","FACILITIES MANAGER","RM3",6
2.31376,10627,0,,0,1,55,"United Kingdom","12/12/2009  15:19:58",5,1.26072e+09,0,1,1,50.9137,-1.31827,14,"teaching","SCHOOL TEACHER","SO30",19
28.3287,10628,0,,0,1,41,"United Kingdom","19/12/2009  20:28:57",6,1.26134e+09,0,0,5,51.2676,-0.449733,14,"teaching","TEACHER","KT24",14
17.8714,10629,0,,0,1,28,"Korea (north)","19/12/2009  23:54:28",6,1.26135e+09,1,0,3,NaN,NaN,13,"student","STUDENT","-",13
9.83134,10630,0,,0,1,68,"United Kingdom","20/12/2009  10:30:27",4,1.26139e+09,0,1,1,51.5444,-2.05642,10,"retired","RETIRED","SN15",11
24.2093,10631,0,,0,1,60,"United Kingdom","01/01/2010  13:44:27",3,1.26244e+09,0,0,1,51.5012,-3.16849,13,"student","STUDENT","CF23",7
7.36642,10632,0,,0,1,72,"United Kingdom","02/01/2010  13:48:43",5,1.26253e+09,0,1,2,50.621,-1.23166,16,"unemployed","RETIRED CHARTERED MECHANICAL ENGINEER","PO38",5
38.697,10633,0,,0,1,49,"United Kingdom","03/01/2010  21:06:25",0,1.26264e+09,0,1,4,53.3006,-3.04249,9,"research","LECTURER","ch64",14
8.84461,10634,0,,0,1,31,"United Kingdom","06/01/2010  12:02:24",2,1.26287e+09,0,1,2,52.4173,-1.58478,9,"research","EPIDEMIOLOGIST","CV5",5
14.403,10635,0,,0,1,-1,"United Kingdom","09/01/2010  13:56:46",6,1.26313e+09,0,-1,2,NaN,NaN,17,"unknown","-","-",11
2.20473,10636,0,,0,1,30,"United Kingdom","10/01/2010  14:49:34",0,1.26322e+09,0,0,2,53.3006,-3.04249,13,"student","STUDENT","ch64",2
26.2161,10637,0,,0,1,34,"United Kingdom","10/01/2010  14:50:18",0,1.26322e+09,0,0,1,53.3006,-3.04249,13,"student","STUDENT","ch64",17
0.82919,10638,0,,0,1,29,"United Kingdom","10/01/2010  14:56:12",0,1.26322e+09,0,0,2,NaN,NaN,13,"student","PHD STUDENT","-",4
36.3956,10639,0,,0,1,41,"United Kingdom","10/01/2010  14:57:42",6,1.26322e+09,0,0,3,53.3006,-3.04249,9,"research","LECTURER","ch64",10
7.70447,10640,0,,0,1,40,"United Kingdom","10/01/2010  15:08:06",0,1.26322e+09,0,1,3,53.3006,-3.04249,9,"research","LECTURER","ch64",14
10.9957,10641,0,,0,1,37,"United Kingdom","10/01/2010  15:10:38",0,1.26322e+09,0,0,2,53.0647,-2.53253,9,"research","RESEARCHER","cw5",26
13.3641,10642,0,,0,1,32,"United Kingdom","10/01/2010  15:36:49",0,1.26322e+09,0,0,3,53.3006,-3.04249,13,"student","STUDENT","CH64",12
12.0685,10643,0,,0,1,36,"United Kingdom","10/01/2010  17:08:27",6,1.26323e+09,0,1,3,53.3006,-3.04249,13,"student","STUDENT","CH64",11
12.9394,10644,0,,0,1,27,"United Kingdom","10/01/2010  17:13:41",0,1.26323e+09,0,0,2,53.3006,-3.04249,12,"service","VETERINARY SURGEON","ch64",57
1.35017,10645,0,,0,1,32,"United Kingdom","10/01/2010  17:22:04",0,1.26323e+09,0,0,2,53.426,-2.94174,17,"unknown","IT TRAINER","L6",10
22.487,10646,0,,0,1,30,"United Kingdom","10/01/2010  18:28:20",0,1.26323e+09,0,0,2,51.2014,-0.60406,12,"service","VET","gu7",21
28.5328,10647,0,,0,1,54,"United Kingdom","10/01/2010  18:49:03",0,1.26324e+09,0,1,1,53.3006,-3.04249,9,"research","UNIVERSITY LECTURER","CH64",18
28.1694,10648,0,,0,1,31,"United Kingdom","10/01/2010  21:50:07",0,1.26325e+09,0,0,3,53.3006,-3.04249,13,"student","PHD","Ch64",19
15.6252,10649,0,,0,1,38,"United Kingdom","11/01/2010  10:06:33",0,1.26329e+09,0,1,3,53.3006,-3.04249,13,"student","PGR","CH64",17
13.1065,10650,0,,0,1,28,"United Kingdom","11/01/2010  10:31:39",0,1.26329e+09,0,0,2,53.3385,-2.98535,9,"research","RESEARCHER","CH62",22
10.9749,10651,0,,0,1,32,"United Kingdom","11/01/2010  11:02:57",0,1.26329e+09,0,0,1,53.1778,-2.88726,13,"student","PHD STUDENT","CH4",12
19.325,10652,0,,0,1,23,"United Kingdom","11/01/2010  11:13:23",0,1.26329e+09,0,1,2,NaN,NaN,13,"student","STUDENT","-",5
13.1067,10653,0,,0,1,24,"United Kingdom","11/01/2010  11:19:09",0,1.2633e+09,0,0,2,NaN,NaN,13,"student","STUDENT","-",6
7.36996,10654,0,,0,1,36,"United Kingdom","11/01/2010  13:13:07",0,1.2633e+09,0,0,2,53.3006,-3.04249,9,"research","LECTURER","ch64",7
9.19684,10655,0,,0,1,26,"United Kingdom","11/01/2010  14:15:18",0,1.26331e+09,0,0,2,53.3461,-2.60138,13,"student","STUDENT","WA4",8
4.95344,10656,0,,0,1,24,"United Kingdom","11/01/2010  14:21:49",0,1.26331e+09,0,0,2,53.2304,-0.523678,13,"student","STUDENT","Ln2",8
18.2915,10657,0,,0,1,24,"United Kingdom","11/01/2010  14:26:52",5,1.26331e+09,0,0,6,53.5527,-2.90369,13,"student","STUDENT","L39",8
5.26998,10658,0,,0,1,28,"United Kingdom","11/01/2010  16:13:25",5,1.26331e+09,0,1,2,51.7652,-1.57243,9,"research","SCIENTIST","OX18",3
18.0472,10659,0,,0,1,28,"United Kingdom","11/01/2010  16:16:17",0,1.26331e+09,0,1,2,51.7652,-1.57243,9,"research","SCIENTIST","OX18",22
25.9313,10660,0,,0,1,33,"United Kingdom","11/01/2010  16:38:54",1,1.26331e+09,0,0,1,51.3922,-2.8058,9,"research","RESEARCH SCIENTIST","bs49",18
30.6197,10661,0,,0,1,44,"United Kingdom","11/01/2010  19:13:41",1,1.26332e+09,0,0,4,54.4414,-1.88493,14,"teaching","TEACHER","dl11",86
29.9124,10662,0,,0,1,63,"United Kingdom","11/01/2010  19:57:56",1,1.26333e+09,0,0,2,53.6568,-2.62109,10,"retired","RETIRED","pr6",15
31.906,10663,0,,0,1,31,"United Kingdom","11/01/2010  21:19:56",0,1.26333e+09,0,0,2,52.9904,-1.30937,12,"service","VETERINARY SURGEON","de7",58
23.4245,10664,0,,0,1,40,"United Kingdom","13/01/2010  16:26:20",2,1.26349e+09,0,0,4,56.1979,-3.90269,14,"teaching","PRIMARY TEACHER","FK15",61
24.8472,10665,0,,0,1,20,"United Kingdom","15/01/2010  16:08:12",4,1.26366e+09,0,0,10,52.1499,-1.49841,13,"student","STUDENT","cv35",84
36.3426,10666,0,,0,1,22,"United Kingdom","18/01/2010  21:00:28",1,1.26393e+09,0,1,4,53.3006,-3.04249,13,"student","STUDENT","Ch64",16
9.92243,10667,0,,0,1,18,"United Kingdom","23/01/2010  01:41:25",6,1.2643e+09,0,0,4,53.8438,-1.53765,13,"student","STUDENT","ls17",4
0.88304,10668,0,,0,1,29,"United Kingdom","26/01/2010  13:39:14",1,1.2646e+09,0,0,2,51.5398,-0.192635,9,"research","RESEARCHER","NW6",8
22.2286,10669,0,,0,1,58,"United Kingdom","05/02/2010  18:36:17",4,1.26548e+09,0,0,2,51.7397,-0.321815,14,"teaching","HEADTEACHER","AL1",23
13.0362,10670,0,,0,1,21,"United Kingdom","24/02/2010  09:01:32",1,1.26709e+09,0,0,2,51.7585,-1.24938,9,"research","RESEARCHER","OX1",11
17.0695,10671,0,,0,1,22,"United Kingdom","14/03/2010  20:15:18",0,1.26868e+09,0,1,2,NaN,NaN,17,"unknown","-","-",17
9.85352,10672,0,,0,1,31,"United Kingdom","25/04/2010  13:36:31",6,1.27229e+09,0,1,2,52.4173,-1.58478,9,"research","RESEARCH FELLOW","CV5",15
7.66199,10673,0,,0,1,34,"United Kingdom","25/04/2010  13:43:20",6,1.27229e+09,0,0,2,52.1327,0.198287,6,"office","IT","CB22",1
6.97103,10674,0,,0,1,32,"United Kingdom","25/04/2010  13:45:30",0,1.27229e+09,0,0,2,NaN,NaN,1,"entertain","ACTOR","-",1
4.69728,10675,0,,0,1,26,"United Kingdom","25/04/2010  13:46:28",6,1.27229e+09,0,0,2,52.231,0.129554,6,"office","COMPUTER PROGRAMMER","CB4",2
9.20455,10676,0,,0,1,35,"United Kingdom","25/04/2010  13:47:40",6,1.27229e+09,0,1,1,52.231,0.129554,6,"office","COMPUTER OFFICER","CB4",5
22.0167,10677,0,,0,1,29,"United Kingdom","25/04/2010  13:51:04",4,1.27229e+09,0,1,3,52.4173,-1.58478,9,"research","RESEARCH SCIENTIST","CV5",8
7.46462,10678,0,,0,1,31,"United Kingdom","25/04/2010  13:52:01",6,1.27229e+09,0,1,1,52.231,0.129554,6,"office","SOFTWARE ENGINEER","cb4",1
1.91369,10679,0,,0,1,26,"United Kingdom","25/04/2010  13:52:45",5,1.27229e+09,0,0,2,52.231,0.129554,6,"office","COMPUTER PROGRAMMER","CB4",4
14.9941,10680,0,,0,1,27,"United Kingdom","25/04/2010  13:59:35",6,1.27229e+09,0,0,2,NaN,NaN,6,"office","ADMINISTRATOR","-",20
17.9854,10681,0,,0,1,33,"United Kingdom","25/04/2010  14:01:32",4,1.27229e+09,0,1,2,52.231,0.129554,6,"office","IT","cb4",36
22.8898,10682,0,,0,1,30,"United Kingdom","25/04/2010  14:01:48",3,1.27229e+09,0,0,2,53.8438,-1.53765,6,"office","AUDITOR","LS17",14
10.3184,10683,0,,0,1,27,"United Kingdom","25/04/2010  14:15:20",0,1.27229e+09,0,0,1,51.5398,-0.192635,9,"research","EDUCATIONAL RESEARCHER","NW6",9
12.9366,10684,0,,0,1,28,"United Kingdom","25/04/2010  14:15:29",4,1.27229e+09,0,1,1,52.231,0.129554,6,"office","SOFTWARE ENGINEER","CB4",6
9.94263,10685,0,,0,1,28,"United Kingdom","25/04/2010  14:18:47",6,1.27229e+09,0,0,2,52.231,0.129554,6,"office","PROGRAMMER","cb4",11
34.5149,10686,0,,0,1,27,"United Kingdom","25/04/2010  14:19:05",0,1.27229e+09,0,1,2,52.4144,0.182069,6,"office","SOFTWARE ENGINEER","cb6",8
13.4908,10687,0,,0,1,37,"United Kingdom","25/04/2010  14:22:31",6,1.27229e+09,0,0,5,51.5794,-0.0396968,3,"home","HOUSEWIFE","E17",5
8.61362,10688,0,,0,1,32,"United Kingdom","25/04/2010  14:24:05",0,1.27229e+09,0,0,2,52.2177,0.174744,9,"research","RESEARCHER","CB5",6
16.9064,10689,0,,0,1,39,"United States of America","25/04/2010  14:25:31",6,1.27229e+09,1,1,3,37.0902,-95.7129,14,"teaching","TEACHER","-",9
15.1213,10690,0,,0,1,37,"United States of America","25/04/2010  14:33:06",4,1.27229e+09,1,0,2,40.7916,-73.9448,6,"office","WRITER","10029",8
15.9139,10691,0,,0,1,40,"United Kingdom","25/04/2010  14:40:53",4,1.27229e+09,0,0,2,52.1964,0.150489,6,"office","ANALYST","CB1",8
34.1139,10692,0,,0,1,32,"Canada","25/04/2010  14:41:20",6,1.27229e+09,1,0,3,42.9289,-74.9761,9,"research","PROFESSOR","-",19
8.43748,10693,0,,0,1,23,"United Kingdom","25/04/2010  14:47:46",0,1.27229e+09,0,0,6,50.8234,-0.15331,13,"student","STUDENT","BN1",5
23.5628,10694,0,,0,1,31,"United Kingdom","25/04/2010  14:50:56",6,1.27229e+09,0,0,31,NaN,NaN,3,"home","STAY AT HOME MOTHER","-",18
6.01026,10695,0,,0,1,37,"United States of America","25/04/2010  14:56:55",4,1.27229e+09,1,1,4,37.9877,-122.01,6,"office","ILLUSTRATOR","94519",6
25.4542,10696,0,,0,1,39,"United Kingdom","25/04/2010  15:00:10",6,1.27229e+09,0,1,5,53.3672,-2.22591,6,"office","IT DEVELOPER","sk8",38
4.54908,10697,0,,0,1,62,"United States of America","25/04/2010  15:10:13",6,1.27229e+09,1,0,2,40.436,-73.9859,16,"unemployed","LAYABOUT","07732",7
9.16004,10698,0,,0,1,35,"United Kingdom","25/04/2010  15:19:10",2,1.2723e+09,0,1,3,52.231,0.129554,13,"student","STUDENT","CB4",3
19.7338,10699,0,,0,1,40,"United Kingdom","25/04/2010  15:20:50",0,1.2723e+09,0,-1,1,NaN,NaN,17,"unknown","-","-",32
16.4785,10700,0,,0,1,26,"United Kingdom","25/04/2010  15:30:49",6,1.2723e+09,0,0,2,52.231,0.129554,13,"student","STUDENT","CB4",23
21.5032,10701,0,,0,1,44,"United States of America","25/04/2010  15:31:52",6,1.2723e+09,1,1,3,39.8189,-74.9673,17,"unknown","SUPPORT ENGINEER","940",7
35.8022,10702,0,,0,1,25,"United Kingdom","25/04/2010  15:44:49",0,1.2723e+09,0,0,2,NaN,NaN,13,"student","PHD STUDENT","-",10
10.7676,10703,0,,0,1,31,"United Kingdom","25/04/2010  15:47:59",0,1.2723e+09,0,1,2,52.4849,-1.51038,9,"research","RESEARCHER","CV12",16
15.0876,10704,0,,0,1,29,"United Kingdom","25/04/2010  16:10:57",0,1.2723e+09,0,0,1,52.4144,0.182069,14,"teaching","EDUCATION PROFESSIONAL","CB6",11
5.46214,10705,0,,0,1,42,"United States of America","25/04/2010  16:16:59",6,1.2723e+09,1,0,3,42.5934,-84.4593,12,"service","CASHIER","48854",9
19.7499,10706,0,,0,1,31,"United Kingdom","25/04/2010  16:29:35",0,1.2723e+09,0,0,2,52.3734,-1.24634,9,"research","FINANCIAL RESEARCHER","CV21",28
16.4803,10707,0,,0,1,32,"United States of America","25/04/2010  16:32:48",6,1.2723e+09,1,0,1,46.7133,-117.257,13,"student","GRADUATE STUDENT","99163",4
16.7956,10708,0,,0,1,25,"Bulgaria","25/04/2010  16:34:34",0,1.2723e+09,1,0,2,NaN,NaN,13,"student","STUDENT","-",48
5.33123,10709,0,,0,1,47,"United Kingdom","25/04/2010  17:06:22",0,1.2723e+09,0,0,2,51.3327,-0.536143,17,"unknown","HERITAGE MANAGER","GU21",5
16.4967,10710,0,,0,1,24,"United Kingdom","25/04/2010  17:20:50",4,1.2723e+09,0,0,4,51.5321,-0.0543153,13,"student","PHD STUDENT","E2",20
10.762,10711,0,,0,1,34,"United Kingdom","25/04/2010  17:21:07",0,1.2723e+09,0,0,3,51.457,-2.55745,12,"service","CHILDMINDER","BS5",4
27.8085,10712,0,,0,1,33,"United Kingdom","25/04/2010  17:32:49",0,1.2723e+09,0,1,4,52.4173,-1.58478,9,"research","EDUCATIONAS RESEARCHER","CV5",14
11.5454,10713,0,,0,1,54,"United Kingdom","25/04/2010  17:48:41",5,1.2723e+09,0,0,3,52.0491,-0.833543,6,"office","EXECUTIVE ASSISTANT","MK11",9
31.6636,10714,0,,0,1,30,"United States of America","25/04/2010  17:55:23",4,1.2723e+09,1,0,4,42.0957,-80.0954,3,"home","MOTHER","16508",58
13.7135,10715,0,,0,1,31,"United Kingdom","25/04/2010  17:59:07",0,1.2723e+09,0,1,2,51.5531,-0.0925892,9,"research","RESEARCH FELLOW","N5",10
28.7559,10716,0,,0,1,30,"United Kingdom","25/04/2010  18:19:22",4,1.27231e+09,0,0,3,52.1965,0.102283,6,"office","IT SUPPORT","CB3",25
26.7579,10717,0,,0,1,41,"United Kingdom","25/04/2010  18:41:45",0,1.27231e+09,0,0,2,51.5698,-0.333171,8,"public","LIBRARIAN","HA1",22
9.41907,10718,0,,0,1,31,"United Kingdom","25/04/2010  18:53:56",0,1.27231e+09,0,0,2,NaN,NaN,9,"research","SCIENCE","-",25
10.4474,10719,0,,0,1,29,"United Kingdom","25/04/2010  18:57:07",0,1.27231e+09,0,0,4,51.7338,-1.21948,9,"research","RESEARCHER","OX4",12
11.7795,10720,0,,0,1,37,"United Kingdom","25/04/2010  19:05:42",0,1.27231e+09,0,0,2,NaN,NaN,6,"office","IT PROGRAMMING","-",14
7.48015,10721,0,,0,1,35,"United Kingdom","25/04/2010  19:06:54",0,1.27231e+09,0,1,3,52.231,0.129554,6,"office","IT PROFESSIONAL","cb4",10
12.6629,10722,0,,0,1,53,"United Kingdom","25/04/2010  19:07:10",0,1.27231e+09,0,1,3,51.4441,-0.0556086,17,"unknown","BUSINESS PROFESSIONAL","se23",6
9.32125,10723,0,,0,1,50,"United Kingdom","25/04/2010  19:16:12",0,1.27231e+09,0,0,5,NaN,NaN,6,"office","MANAGER","-",19
2.33776,10724,0,,0,1,31,"United Kingdom","25/04/2010  19:23:10",0,1.27231e+09,0,0,1,51.4944,-3.17865,9,"research","POLITICAL RESEARCHER","CF24",15
10.433,10725,0,,0,1,32,"United Kingdom","25/04/2010  19:28:43",0,1.27231e+09,0,1,1,52.1964,0.150489,6,"office","PROGRAMMER","CB1",7
16.4055,10726,0,,0,1,28,"United Kingdom","25/04/2010  19:38:04",0,1.27231e+09,0,0,2,52.12,-1.33648,12,"service","VETERINARY SURGEON","OX17",36
10.864,10727,0,,0,1,30,"United Kingdom","25/04/2010  19:48:23",0,1.27231e+09,0,0,1,51.5192,-0.134738,6,"office","ADMINISTRATOR","W1T",33
17.5111,10728,0,,0,1,46,"United Kingdom","25/04/2010  19:59:16",0,1.27231e+09,0,1,4,52.222,0.520093,9,"research","SCIENTIST","cb8",30
12.2323,10729,0,,0,1,-1,"United Kingdom","25/04/2010  20:00:25",0,1.27231e+09,0,0,2,51.2318,-0.575511,14,"teaching","TEACHER","gu1",52
7.75775,10730,0,,0,1,30,"United Kingdom","25/04/2010  20:08:02",0,1.27231e+09,0,0,2,52.231,0.129554,16,"unemployed","UNEMPLOYED","CB4",8
6.74386,10731,0,,0,1,43,"United States of America","25/04/2010  20:12:40",0,1.27231e+09,1,0,4,37.8321,-122.263,6,"office","CLERICAL WORKER","94609",2
29.8398,10732,0,,0,1,30,"United Kingdom","25/04/2010  20:29:16",0,1.27231e+09,0,0,2,51.5531,-0.0925892,9,"research","RESEARCH","N5",67
37.7595,10733,0,,0,1,44,"United Kingdom","25/04/2010  20:42:35",0,1.27231e+09,0,1,2,49.2459,-2.11819,6,"office","SOFTWARE ENGINEER","b63",19
18.4368,10734,0,,0,1,31,"United Kingdom","25/04/2010  20:46:47",0,1.27231e+09,0,1,3,51.1267,1.33778,9,"research","LECTURER","E15",8
34.5518,10735,0,,0,1,37,"United Kingdom","25/04/2010  21:01:50",0,1.27232e+09,0,1,4,52.0322,-0.779897,6,"office","CIVIL SERVANT","MK5",50
16.2876,10736,0,,0,1,35,"United Kingdom","25/04/2010  21:26:22",0,1.27232e+09,0,1,1,52.231,0.129554,6,"office","COMPUTER OFFICER","CB4",27
17.6354,10737,0,,0,1,30,"United Kingdom","25/04/2010  21:45:02",0,1.27232e+09,0,1,1,51.4975,-0.64315,6,"office","ACTUARY","SL4",14
33.6281,10738,0,,0,1,41,"United Kingdom","25/04/2010  21:53:20",0,1.27232e+09,0,1,2,51.7338,-1.21948,6,"office","IT SUPPORT","OX4",21
8.82924,10739,0,,0,1,34,"United Kingdom","25/04/2010  22:17:01",0,1.27232e+09,0,0,1,52.3147,-1.48869,13,"student","PHD STUDENT","cv32",7
5.65935,10740,0,,0,1,41,"United Kingdom","25/04/2010  22:28:30",0,1.27232e+09,0,1,2,NaN,NaN,6,"office","COMPUTING SYSTEM ADMINISTRATION","-",18
21.1218,10741,0,,0,1,49,"Canada","25/04/2010  23:06:55",0,1.27232e+09,1,0,1,44.0386,-79.6053,14,"teaching","TEACHER","L0G",36
20.124,10742,0,,0,1,22,"United Kingdom","25/04/2010  23:11:15",0,1.27232e+09,0,0,4,51.0696,0.144529,16,"unemployed","UNEMPLOYED","Tn6",28
20.6547,10743,0,,0,1,31,"Australia","25/04/2010  23:14:29",2,1.27232e+09,1,0,2,NaN,NaN,9,"research","ACADEMIC","-",39
32.5255,10744,0,,0,1,38,"United States of America","25/04/2010  23:16:09",0,1.27232e+09,1,0,4,26.7169,-80.2098,12,"service","PHARMACY TECHNICIAN","33411",39
5.19599,10745,0,,0,1,46,"United States of America","25/04/2010  23:32:03",0,1.27232e+09,1,-1,2,34.5624,-103.056,6,"office","COMPUTER DESKTOP SUPPORT","108",3
27.6078,10746,0,,0,1,60,"United States of America","26/04/2010  00:12:01",0,1.27233e+09,1,0,1,37.3456,-121.885,14,"teaching","ELEMENTARY EDUCATION","95112",129
0.897927,10747,0,,0,1,60,"United States of America","26/04/2010  00:39:40",0,1.27233e+09,1,0,1,47.6458,-122.543,16,"unemployed","RETIRED TECHNICAL EDITOR","98110",3
43.659,10748,0,,0,1,36,"Canada","26/04/2010  01:01:41",6,1.27233e+09,1,0,2,21.877,-171.913,5,"mechanic","ELECTRICIAN","146..",214
7.03385,10749,0,,0,1,55,"United States of America","26/04/2010  01:06:53",0,1.27233e+09,1,1,1,41.6048,-83.4262,16,"unemployed","UNEMPLOYED","972",2
4.84971,10750,0,,0,1,43,"United Kingdom","26/04/2010  01:28:49",0,1.27233e+09,0,1,3,53.7456,-1.34593,16,"unemployed","UNEMPLOYED I.T HELP DESK","wf10",4
11.5484,10751,0,,0,1,38,"United States of America","26/04/2010  02:45:31",0,1.27234e+09,1,0,1,42.3964,-71.1359,2,"health","PSYCHOTHERAPIST","02140",12
28.0558,10752,0,,0,1,32,"Canada","26/04/2010  02:52:08",0,1.27234e+09,1,1,3,43.768,-79.4873,9,"research","PROFESSOR","M3J",59
15.657,10753,0,,0,1,50,"United States of America","26/04/2010  02:55:40",2,1.27234e+09,1,0,4,47.7729,-115.95,1,"entertain","FREELANCE WRITER/EDITOR","945",13
10.3151,10754,0,,0,1,33,"United States of America","26/04/2010  03:12:19",0,1.27234e+09,1,0,4,NaN,NaN,1,"entertain","SELF-EMPLOYED ARTIST","-",4
25.7793,10755,0,,0,1,29,"United States of America","26/04/2010  03:13:36",4,1.27234e+09,1,0,1,35.244,-111.714,6,"office","SYSTEM ADMINISTRATOR","86001",16
33.6921,10756,0,,0,1,46,"United States of America","26/04/2010  03:17:53",0,1.27234e+09,1,0,3,42.6675,-71.7504,1,"entertain","ACTOR","01474",10
1.41345,10757,0,,0,1,36,"United States of America","26/04/2010  03:22:59",0,1.27234e+09,1,0,3,NaN,NaN,16,"unemployed","CURRENTLY UNEMPLOYED","-",2
22.8879,10758,0,,0,1,39,"United States of America","26/04/2010  03:23:54",0,1.27234e+09,1,0,10,40.8721,-81.2577,14,"teaching","TEACHER","98",17
13.9069,10759,0,,0,1,19,"United States of America","26/04/2010  03:24:17",5,1.27234e+09,1,0,4,NaN,NaN,13,"student","STUDENT","-",10
1.49625,10760,0,,0,1,39,"United States of America","26/04/2010  03:37:00",0,1.27234e+09,1,0,2,37.259,-121.885,12,"service","CUSTOMER SERVICE","95118",7
1.46328,10761,0,,0,1,44,"United States of America","26/04/2010  03:37:39",0,1.27234e+09,1,0,1,NaN,NaN,17,"unknown","-","-",11
28.4594,10762,0,,0,1,34,"United States of America","26/04/2010  03:38:50",0,1.27234e+09,1,0,3,47.6413,-122.324,13,"student","STUDENT","98102",30
0.239205,10763,0,,0,1,41,"United States of America","26/04/2010  03:40:18",0,1.27234e+09,1,0,1,37.3868,-122.075,16,"unemployed","ARCHIVIST (NOW UNEMPLOYED)","94041",5
9.68644,10764,0,,0,1,59,"United States of America","26/04/2010  03:45:27",0,1.27234e+09,1,0,2,44.9265,-93.2282,10,"retired","RETIRED","55406",17
11.7828,10765,0,,0,1,34,"United States of America","26/04/2010  03:47:06",0,1.27234e+09,1,0,3,38.0336,-78.5888,16,"unemployed","BANANA PEELER","22903",3
12.4763,10766,0,,0,1,27,"Canada","26/04/2010  03:49:50",0,1.27234e+09,1,0,4,55.3781,-3.43597,12,"service","FOOD SERVICE","-",10
21.245,10767,0,,0,1,26,"United States of America","26/04/2010  03:57:54",0,1.27234e+09,1,0,2,39.872,-105.003,17,"unknown","-","80260",10
8.55219,10768,0,,0,1,37,"United States of America","26/04/2010  04:07:56",0,1.27234e+09,1,0,2,32.2547,-110.945,16,"unemployed","UNEMPLOYED","85719",5
13.3638,10769,0,,0,1,25,"United States of America","26/04/2010  04:08:10",0,1.27234e+09,1,0,2,47.0997,-123.018,6,"office","SOFTWARE ENGINEER","98502",3
34.7279,10770,0,,0,1,41,"United States of America","26/04/2010  04:09:19",0,1.27234e+09,1,0,2,40.9807,-73.7286,6,"office","WRITER","94",14
10.4036,10771,0,,0,1,26,"United States of America","26/04/2010  04:14:24",0,1.27234e+09,1,0,3,37.0902,-95.7129,13,"student","STUDENT","-",13
23.3512,10772,0,,0,1,38,"United States of America","26/04/2010  04:21:56",0,1.27234e+09,1,0,2,44.4527,-123.702,17,"unknown","JOURNALIST","714",6
18.5553,10773,0,,0,1,34,"Canada","26/04/2010  04:27:57",5,1.27234e+09,1,0,1,49.2845,-123.13,13,"student","PHD STUDENT","V6E",58
0.382374,10774,0,,0,1,51,"United States of America","26/04/2010  04:36:24",4,1.27234e+09,1,0,2,33.0862,-97.0767,3,"home","HOUSEWIFE","75077",2
9.2008,10775,0,,0,1,39,"United States of America","26/04/2010  04:47:54",6,1.27234e+09,1,-1,12,40.8721,-81.2577,14,"teaching","TEACHER","98",9
0.580788,10776,0,,0,1,30,"United States of America","26/04/2010  04:52:42",0,1.27234e+09,1,0,1,41.7035,-71.4656,6,"office","ADMIN ASSISTANT","02886",4
38.8316,10777,0,,0,1,21,"United States of America","26/04/2010  04:57:25",0,1.27234e+09,1,0,50,41.2795,-82.2366,13,"student","STUDENT","44074",77
32.9585,10778,0,,0,1,39,"United States of America","26/04/2010  04:58:49",5,1.27234e+09,1,0,12,40.8721,-81.2577,14,"teaching","TEACHER","98",59
5.20964,10779,0,,0,1,23,"United States of America","26/04/2010  05:01:40",1,1.27234e+09,1,0,2,37.0902,-95.7129,13,"student","STUDENT","-",2
5.73912,10780,0,,0,1,24,"United States of America","26/04/2010  05:13:08",0,1.27235e+09,1,0,3,43.7786,-101.234,13,"student","STUDENT","63",11
38.0301,10781,0,,0,1,31,"United States of America","26/04/2010  05:15:40",0,1.27235e+09,1,0,4,47.6458,-122.543,14,"teaching","MUSIC TEACHER","98110",186
5.14786,10782,0,,0,1,57,"United States of America","26/04/2010  05:18:36",0,1.27235e+09,1,0,2,37.0902,-95.7129,9,"research","SCIENTIST","-",6
3.51931,10783,0,,0,1,38,"United States of America","26/04/2010  05:29:45",0,1.27235e+09,1,0,2,39.8775,-105.038,13,"student","STUDENT","80031",1
15.2277,10784,0,,0,1,38,"United States of America","26/04/2010  05:34:38",4,1.27235e+09,1,0,2,39.8775,-105.038,13,"student","STUDENT","80031",4
16.3548,10785,0,,0,1,47,"United States of America","26/04/2010  05:48:32",0,1.27235e+09,1,0,4,47.6458,-122.543,17,"unknown","NANNY","98110",3
36.5259,10786,0,,0,1,53,"United States of America","26/04/2010  05:54:32",0,1.27235e+09,1,0,3,37.7199,-122.169,6,"office","ADMINISTRATIVE ASSISTANT","94577",27
8.15516,10787,0,,0,1,31,"United States of America","26/04/2010  06:02:11",0,1.27235e+09,1,0,2,38.4808,-122.91,17,"unknown","DESIGNER","95436",4
16.6191,10788,0,,0,1,50,"United States of America","26/04/2010  06:22:58",0,1.27235e+09,1,0,1,37.1833,-122.152,6,"office","OFFICE WORKER","95006",50
35.3115,10789,0,,0,1,28,"United Kingdom","26/04/2010  06:38:27",0,1.27235e+09,0,0,1,NaN,NaN,14,"teaching","TEACHER","-",107
22.0601,10790,0,,0,1,57,"United States of America","26/04/2010  06:50:05",6,1.27235e+09,1,0,1,39.8189,-74.9673,6,"office","ADMINISTRATIVE ASST","940",8
21.2655,10791,0,,0,1,27,"United States of America","26/04/2010  07:13:03",0,1.27235e+09,1,0,3,37.7618,-122.399,14,"teaching","SPECIAL EDUCATION TEACHER","94107",4
39.3168,10792,0,,0,1,30,"United States of America","26/04/2010  07:14:04",0,1.27235e+09,1,0,2,45.1397,-121.881,17,"unknown","MENTAL HEALTH CAREVIGER","724",16
26.962,10793,0,,0,1,27,"United States of America","26/04/2010  07:21:17",3,1.27235e+09,1,0,3,37.7618,-122.399,14,"teaching","SPECIAL EDUCATION TEACHER","94107",23
8.17489,10794,0,,0,1,50,"United Kingdom","26/04/2010  07:32:51",0,1.27235e+09,0,0,2,52.4091,1.13941,3,"home","HOUSEWIFE","IP22",6
22.4455,10795,0,,0,1,39,"Finland","26/04/2010  07:33:53",0,1.27235e+09,1,1,5,55.3781,-3.43597,5,"mechanic","ENGINEER","-",31
42.7863,10796,0,,0,1,37,"United Kingdom","26/04/2010  07:55:38",4,1.27235e+09,0,1,3,52.231,0.129554,6,"office","PROGRAMMER","CB4",73
41.7819,10797,0,,0,1,32,"Qatar","26/04/2010  07:59:54",0,1.27236e+09,1,0,2,55.3781,-3.43597,6,"office","MANAGER","-",72
12.879,10798,0,,0,1,31,"Australia","26/04/2010  08:07:19",1,1.27236e+09,1,0,2,NaN,NaN,6,"office","SCIENCE CONSULTANT","-",21
16.5716,10799,0,,0,1,20,"United Kingdom","26/04/2010  08:40:29",2,1.27236e+09,0,1,4,52.1726,0.141325,13,"student","STUDENT","CB2",50
1.82511,10800,0,,0,1,49,"United States of America","26/04/2010  08:46:20",0,1.27236e+09,1,0,2,44.8375,-94.0365,1,"entertain","ARTIST","9",1
23.0467,10801,0,,0,1,28,"United Kingdom","26/04/2010  08:46:42",0,1.27236e+09,0,0,2,51.7555,-1.2887,8,"public","LIBRARIAN","OX2",21
3.75657,10802,0,,0,1,35,"United Kingdom","26/04/2010  08:49:51",0,1.27236e+09,0,0,2,52.3719,-0.157512,9,"research","RESEARCHER","PE28",10
21.902,10803,0,,0,1,39,"United States of America","26/04/2010  08:58:25",5,1.27236e+09,1,0,2,38.6686,-121.148,17,"unknown","SELF-EMPLOYED","95630",4
36.6199,10804,0,,0,1,36,"United States of America","26/04/2010  08:59:56",0,1.27236e+09,1,0,1,37.8104,-122.24,9,"research","PROFESSOR","94610",126
21.5744,10805,0,,0,1,31,"United Kingdom","26/04/2010  09:00:26",0,1.27236e+09,0,0,1,52.9851,-2.20808,9,"research","SCIENTIST","ST4",117
14.778,10806,0,,0,1,27,"Malaysia","26/04/2010  09:00:47",1,1.27236e+09,1,0,2,NaN,NaN,9,"research","RESEARCH SCIENTIST","-",19
10.1079,10807,0,,0,1,43,"Canada","26/04/2010  09:08:25",0,1.27236e+09,1,0,2,43.5434,-80.2712,16,"unemployed","UNEMPLOYED","n1h",13
6.0864,10808,0,,0,1,26,"United Kingdom","26/04/2010  09:10:07",0,1.27236e+09,0,0,2,52.231,0.129554,13,"student","STUDENT","CB4",1
17.5726,10809,0,,0,1,34,"United Kingdom","26/04/2010  09:14:45",0,1.27236e+09,0,0,2,52.1327,0.198287,6,"office","IT","CB22",9
19.3379,10810,0,,0,1,27,"United Kingdom","26/04/2010  09:20:53",0,1.27236e+09,0,0,2,51.7338,-1.21948,13,"student","STUDENT","ox4",35
20.8278,10811,0,,0,1,26,"United Kingdom","26/04/2010  09:21:29",0,1.27236e+09,0,0,2,52.231,0.129554,6,"office","COMPUTER PROGRAMER","CB4",9
13.089,10812,0,,0,1,32,"United Kingdom","26/04/2010  09:27:20",0,1.27236e+09,0,0,1,52.231,0.129554,6,"office","PROGRAMMER","CB4",19
4.69554,10813,0,,0,1,36,"France","26/04/2010  09:29:37",0,1.27236e+09,1,0,1,NaN,NaN,9,"research","RESEARCHER","-",4
14.8728,10814,0,,0,1,27,"United Kingdom","26/04/2010  09:36:58",1,1.27236e+09,0,1,3,54.9706,-1.54817,9,"research","LECTURER","NE6",2
15.8518,10815,0,,0,1,41,"New Zealand","26/04/2010  09:45:17",1,1.27236e+09,1,0,3,NaN,NaN,17,"unknown","ELECTRICAL APPRENTICE","-",21
31.5683,10816,0,,0,1,38,"United Kingdom","26/04/2010  10:02:47",0,1.27236e+09,0,0,5,52.1327,0.198287,3,"home","MOTHER","CB22",17
25.2454,10817,0,,0,1,41,"United Kingdom","26/04/2010  10:18:05",3,1.27236e+09,0,0,4,NaN,NaN,2,"health","DOCTOR","p",30
29.789,10818,0,,0,1,28,"United Kingdom","26/04/2010  10:55:45",5,1.27237e+09,0,1,4,52.1469,-1.72129,6,"office","IT MANAGER","CV37",15
27.9927,10819,0,,0,1,34,"United Kingdom","26/04/2010  11:04:45",5,1.27237e+09,0,1,1,52.2711,-1.57333,6,"office","TELE SALES","CV34 6FX",9
20.5911,10820,0,,0,1,39,"United Kingdom","26/04/2010  11:13:46",0,1.27237e+09,0,1,1,52.3719,-0.157512,6,"office","SOFTWARE ENGINEER","PE28",32
10.3096,10821,0,,0,1,33,"United Kingdom","26/04/2010  11:48:33",0,1.27237e+09,0,1,2,NaN,NaN,9,"research","SCIENTIST","-",8
22.505,10822,0,,0,1,36,"United Kingdom","26/04/2010  11:59:48",0,1.27237e+09,0,1,5,52.1327,0.198287,17,"unknown","-","CB22",34
19.4194,10823,0,,0,1,36,"United Kingdom","26/04/2010  12:03:36",1,1.27237e+09,0,0,3,52.2652,0.302187,6,"office","SOFTWARE ENGINEER","CB25",10
7.23825,10824,0,,0,1,26,"United Kingdom","26/04/2010  12:31:50",5,1.27237e+09,0,0,2,52.4144,0.182069,2,"health","DOCTOR","CB6",15
21.668,10825,0,,0,1,43,"United Kingdom","26/04/2010  12:33:56",3,1.27237e+09,0,1,3,52.5746,-2.17705,3,"home","HOUSE HUSBAND","WV3",16
10.8757,10826,0,,0,1,32,"United Kingdom","26/04/2010  13:11:13",0,1.27237e+09,0,1,1,52.231,0.129554,6,"office","SOFTWARE ENGINEER","cb4",20
20.6847,10827,0,,0,1,27,"United Kingdom","26/04/2010  13:14:53",4,1.27237e+09,0,0,3,51.5755,0.0323385,13,"student","STUDENT","e11",13
8.1321,10828,0,,0,1,42,"United States of America","26/04/2010  13:19:52",0,1.27237e+09,1,0,2,39.8189,-74.9673,6,"office","MANAGER","944",12
24.1367,10829,0,,0,1,28,"United Kingdom","26/04/2010  13:32:18",0,1.27238e+09,0,0,2,NaN,NaN,6,"office","STATISTICIAN","-",18
2.55817,10830,0,,0,1,38,"United Kingdom","26/04/2010  13:39:27",0,1.27238e+09,0,0,2,NaN,NaN,6,"office","IT","-",3
24.9818,10831,0,,0,1,33,"United States of America","26/04/2010  14:39:38",0,1.27238e+09,1,0,3,NaN,NaN,9,"research","PROFESSOR","-",62
7.4384,10832,0,,0,1,50,"United States of America","26/04/2010  14:57:36",1,1.27238e+09,1,0,3,35.0228,-93.0456,6,"office","ADMINISTRATOR","3",7
11.0915,10833,0,,0,1,38,"United States of America","26/04/2010  15:19:17",0,1.27238e+09,1,0,6,45.3551,-122.329,3,"home","HOMEMAKER","97022",4
0.207388,10834,0,,0,1,64,"United States of America","26/04/2010  15:25:33",0,1.27238e+09,1,0,1,37.3719,-122.021,16,"unemployed","UNEMPLOYED","94086",2
23.2061,10835,0,,0,1,22,"United Kingdom","26/04/2010  15:28:42",1,1.27238e+09,0,0,2,NaN,NaN,14,"teaching","TEACHER","-",78
9.44668,10836,0,,0,1,44,"United States of America","26/04/2010  15:33:15",6,1.27238e+09,1,0,3,44.9465,-123.002,3,"home","HOMEMAKER","97301",4
32.1553,10837,0,,0,1,41,"United States of America","26/04/2010  15:34:13",6,1.27238e+09,1,1,3,34.724,-82.0176,13,"student","STUDENT","857",57
4.29046,10838,0,,0,1,-1,"Australia","26/04/2010  15:34:50",1,1.27238e+09,1,0,4,NaN,NaN,17,"unknown","-","-",2
2.72761,10839,0,,0,1,34,"United Kingdom","26/04/2010  15:46:50",0,1.27238e+09,0,0,3,NaN,NaN,6,"office","COPYEDITOR","-",3
45.2658,10840,0,,0,1,50,"United States of America","26/04/2010  16:00:03",6,1.27238e+09,1,0,1,42.0303,-87.6926,6,"office","FINANCIAL ADMIN","60202",18
36.2519,10841,0,,0,1,28,"United Kingdom","26/04/2010  16:41:43",1,1.27239e+09,0,0,1,52.2342,0.712275,6,"office","SOLICITOR","IP33",8
12.2687,10842,0,,0,1,29,"United Kingdom","26/04/2010  16:54:34",5,1.27239e+09,0,0,2,51.4272,-3.18502,6,"office","ACCOUNTANT","CF64",3
42.4081,10843,0,,0,1,32,"United States of America","26/04/2010  17:35:45",1,1.27239e+09,1,0,3,40.1181,-75.5393,17,"unknown","CUSTOMER SERVICE SUPERVISOR","19460",21
39.141,10844,0,,0,1,44,"United States of America","26/04/2010  17:36:03",0,1.27239e+09,1,0,3,32.2893,-104.99,6,"office","WEB EDITOR","021",33
7.46225,10845,0,,0,1,76,"United States of America","26/04/2010  17:54:12",0,1.27239e+09,1,1,2,40.8128,-81.359,10,"retired","RETIRED","837",8
33.3173,10846,0,,0,1,37,"United Kingdom","26/04/2010  18:03:22",1,1.27239e+09,0,0,6,52.308,-0.18137,3,"home","HOME EDUCATING PARENT","PE29",18
9.13951,10847,0,,0,1,32,"United States of America","26/04/2010  18:18:50",0,1.27239e+09,1,0,2,37.5011,-121.959,6,"office","ENGLISH CONSULTANT (PRIVATE ESL TUTORING AND EDITING/REWRITING)","94538",25
43.4597,10848,0,,0,1,32,"United States of America","26/04/2010  18:34:29",4,1.27239e+09,1,0,2,37.5011,-121.959,14,"teaching","ESL TUTOR","94538",78
20.3045,10849,0,,0,1,33,"United Kingdom","26/04/2010  19:32:37",1,1.2724e+09,0,0,1,51.4439,-0.178761,6,"office","RECRUITMENT","sw18",75
35.7631,10850,0,,0,1,34,"United States of America","26/04/2010  19:36:45",0,1.2724e+09,1,0,3,40.8161,-81.378,6,"office","ACCOUNTING","980",28
10.3254,10851,0,,0,1,32,"United Kingdom","26/04/2010  19:37:46",1,1.2724e+09,0,0,3,53.8219,-1.54955,12,"service","ADVICE WORKER","LS7",4
5.08782,10852,0,,0,1,25,"United States of America","26/04/2010  19:44:10",0,1.2724e+09,1,0,2,39.8925,-105.114,13,"student","STUDENT","80021",8
17.2703,10853,0,,0,1,30,"United Kingdom","26/04/2010  19:46:25",1,1.2724e+09,0,0,2,52.231,0.129554,4,"labour","LANDSCAPE GARDENER","cb4",9
28.1077,10854,0,,0,1,22,"United States of America","26/04/2010  19:51:21",1,1.2724e+09,1,0,2,55.3781,-3.43597,17,"unknown","NANNY","-",22
18.3895,10855,0,,0,1,53,"United Kingdom","26/04/2010  19:59:57",0,1.2724e+09,0,0,2,53.6897,-1.69254,9,"research","LECTURER","wf14",74
9.91893,10856,0,,0,1,58,"United States of America","26/04/2010  20:27:33",6,1.2724e+09,1,0,1,39.0555,-76.8144,3,"home","HOMEMAKER","20708",8
14.0732,10857,0,,0,1,31,"Canada","26/04/2010  20:33:34",1,1.2724e+09,1,0,2,43.6727,-79.4057,17,"unknown","MASSAGE THERAPIST","M5R",29
2.27208,10858,0,,0,1,27,"United States of America","26/04/2010  20:40:56",0,1.2724e+09,1,0,1,40.6684,-73.8948,8,"public","LIBRARIAN","11207",20
10.7502,10859,0,,0,1,41,"United Kingdom","26/04/2010  20:42:12",1,1.2724e+09,0,1,3,NaN,NaN,16,"unemployed","NONE","-",2
13.218,10860,0,,0,1,33,"United Kingdom","26/04/2010  20:56:15",0,1.2724e+09,0,0,3,52.2229,-0.204974,9,"research","RESEARCH SCIENTIST","PE19",20
9.7351,10861,0,,0,1,41,"United Kingdom","26/04/2010  20:59:57",0,1.2724e+09,0,0,2,53.8438,-1.53765,17,"unknown","-","LS17",14
27.2812,10862,0,,0,1,30,"United Kingdom","26/04/2010  21:05:06",1,1.2724e+09,0,0,2,53.2242,-1.04611,14,"teaching","TEACHER","NG22",39
26.1483,10863,0,,0,1,34,"United Kingdom","26/04/2010  21:06:11",1,1.2724e+09,0,0,1,50.9658,-1.31481,14,"teaching","TEACHER","so50",78
19.349,10864,0,,0,1,26,"United States of America","26/04/2010  21:15:25",3,1.2724e+09,1,0,2,30.3345,-84.2911,9,"research","GIS ANALYST","32305",17
27.5224,10865,0,,0,1,31,"United Kingdom","26/04/2010  21:15:53",1,1.2724e+09,0,0,2,NaN,NaN,14,"teaching","TEACHER","-",56
23.3127,10866,0,,0,1,32,"United Kingdom","26/04/2010  21:17:40",1,1.2724e+09,0,0,4,52.231,0.129554,6,"office","PROJECT MANAGER","CB4",11
7.20832,10867,0,,0,1,32,"Canada","26/04/2010  21:19:49",1,1.2724e+09,1,0,1,43.6659,-79.3832,13,"student","GRAD STUDENT","m4y",8
10.5806,10868,0,,0,1,38,"United Kingdom","26/04/2010  21:20:28",1,1.2724e+09,0,1,1,52.1219,-0.294599,6,"office","SOFTWARE ENGINEER","SG19",18
11.5891,10869,0,,0,1,30,"United States of America","26/04/2010  21:35:10",0,1.2724e+09,1,0,4,37.0902,-95.7129,16,"unemployed","UNEMPLOYED","-",4
26.7123,10870,0,,0,1,32,"United Kingdom","26/04/2010  21:37:57",5,1.2724e+09,0,0,1,51.3755,-0.289746,6,"office","MARKETING EXEC","kt6",27
12.443,10871,0,,0,1,27,"United States of America","26/04/2010  21:46:36",6,1.2724e+09,1,0,2,37.0902,-95.7129,17,"unknown","EDITOR/MANAGER","-",8
10.6635,10872,0,,0,1,28,"United Kingdom","26/04/2010  21:47:52",1,1.2724e+09,0,0,2,NaN,NaN,17,"unknown","-","-",11
12.7441,10873,0,,0,1,34,"United Kingdom","26/04/2010  21:58:04",1,1.27241e+09,0,0,4,51.4166,-0.770276,3,"home","STAY AT HOME MUM","RG12",22
35.7807,10874,0,,0,1,29,"United Kingdom","26/04/2010  22:05:56",5,1.27241e+09,0,1,2,52.4062,-1.52013,9,"research","RESEARCHER","CV1",22
25.6784,10875,0,,0,1,27,"United States of America","26/04/2010  22:09:37",2,1.27241e+09,1,0,3,40.6475,-73.9742,16,"unemployed","UNEMPLOYED","11218",23
13.0562,10876,0,,0,1,52,"United Kingdom","26/04/2010  22:17:44",1,1.27241e+09,0,0,3,51.3837,0.122745,2,"health","CARER","br5",9
8.48362,10877,0,,0,1,34,"United States of America","26/04/2010  22:20:21",1,1.27241e+09,1,0,6,34.9568,-106.606,14,"teaching","ACADEMIC ADVISOR (EDUCATION)","87105",17
39.6152,10878,0,,0,1,32,"United States of America","26/04/2010  22:40:39",1,1.27241e+09,1,0,4,37.3127,-121.93,17,"unknown","DOCUMENTATION AND TRAINING MANAGER","95128",19
18.9451,10879,0,,0,1,28,"United Kingdom","26/04/2010  22:42:23",1,1.27241e+09,0,0,4,51.2408,-0.167266,6,"office","ACTUARY","RH1",22
37.9439,10880,0,,0,1,28,"United States of America","26/04/2010  23:22:10",4,1.27241e+09,1,0,1,40.7928,-81.405,13,"student","STUDENT","871",27
12.5424,10881,0,,0,1,29,"United Kingdom","26/04/2010  23:26:31",1,1.27241e+09,0,0,1,51.6188,-1.25823,6,"office","SOFTWARE ENGINEER","ox11",22
10.4724,10882,0,,0,1,33,"United States of America","26/04/2010  23:33:55",4,1.27241e+09,1,0,2,33.6387,-117.837,13,"student","GRADUATE STUDENT","92617",27
36.4088,10883,0,,0,1,31,"United States of America","26/04/2010  23:45:23",1,1.27241e+09,1,1,2,39.9532,-75.175,6,"office","SOFTWARE DEVELOPER","19103",19
31.532,10884,0,,0,1,32,"United States of America","27/04/2010  00:10:14",1,1.27241e+09,1,0,3,42.3992,-71.1241,14,"teaching","TEACHER","02144",40
37.9127,10885,0,,0,1,32,"Canada","27/04/2010  00:13:03",1,1.27241e+09,1,0,3,33.428,-117.623,9,"research","PROFESSOR","-",40
6.82537,10886,0,,0,1,34,"United States of America","27/04/2010  00:51:43",1,1.27242e+09,1,0,2,35.1947,-106.665,6,"office","WRITER","87114",1
5.10631,10887,0,,0,1,30,"United States of America","27/04/2010  01:14:30",1,1.27242e+09,1,1,3,37.0902,-95.7129,17,"unknown","-","-",2
14.5718,10888,0,,0,1,-1,"United States of America","27/04/2010  01:28:36",1,1.27242e+09,1,0,1,37.0902,-95.7129,17,"unknown","-","-",17
25.3422,10889,0,,0,1,31,"United States of America","27/04/2010  01:31:46",1,1.27242e+09,1,0,2,38.7471,-90.2151,12,"service","RETAIL MANAGER","63137",18
6.89374,10890,0,,0,1,36,"United States of America","27/04/2010  01:33:14",1,1.27242e+09,1,0,2,30.1522,-97.5031,6,"office","BOOKKEEPER","78612",9
16.2733,10891,0,,0,1,51,"United States of America","27/04/2010  01:39:08",1,1.27242e+09,1,1,2,37.0902,-95.7129,17,"unknown","PROFESSIONAL POKER PLAYER","-",36
31.0827,10892,0,,0,1,32,"United States of America","27/04/2010  01:40:10",5,1.27242e+09,1,0,2,NaN,NaN,17,"unknown","OWNER/ OPERATER","-",42
7.27101,10893,0,,0,1,63,"United Kingdom","27/04/2010  01:51:43",1,1.27242e+09,0,1,1,51.4484,-2.59056,10,"retired","RETIRED","BS1",13
8.72788,10894,0,,0,1,33,"United States of America","27/04/2010  01:57:58",1,1.27242e+09,1,0,2,39.6698,-105.085,6,"office","OFFICE MANAGER","80227",4
3.06083,10895,0,,0,1,28,"United States of America","27/04/2010  01:58:09",1,1.27242e+09,1,0,2,42.6547,-73.789,13,"student","STUDENT","12208",7
24.3471,10896,0,,0,1,39,"United States of America","27/04/2010  02:20:32",1,1.27242e+09,1,0,3,45.326,-87.636,4,"labour","JEWELER","08",9
11.9124,10897,0,,0,1,36,"United States of America","27/04/2010  02:38:15",1,1.27242e+09,1,0,2,41.7592,-71.1389,17,"unknown","CENTRAL PROCESSING TECHNICIAN","02726",3
5.5141,10898,0,,0,1,38,"United States of America","27/04/2010  02:38:22",1,1.27242e+09,1,0,2,NaN,NaN,8,"public","LIBRARIAN","-",1
25.3557,10899,0,,0,1,35,"China","27/04/2010  02:54:54",2,1.27242e+09,1,0,2,NaN,NaN,14,"teaching","TEACHER","-",54
24.3694,10900,0,,0,1,25,"United States of America","27/04/2010  03:48:30",1,1.27243e+09,1,0,2,47.0997,-123.018,13,"student","STUDENT","98502",16
37.7529,10901,0,,0,1,27,"United States of America","27/04/2010  04:01:45",1,1.27243e+09,1,1,4,38.0445,-121.228,6,"office","OFFICE TECHNICIAN","95212",26
27.848,10902,0,,0,1,28,"United States of America","27/04/2010  04:06:42",1,1.27243e+09,1,0,4,33.8401,-117.538,3,"home","STAY AT HOME MOM","92881",10
4.3514,10903,0,,0,1,27,"United States of America","27/04/2010  04:30:40",6,1.27243e+09,1,0,3,NaN,NaN,6,"office","WRITER","-",10
26.53,10904,0,,0,1,26,"United States of America","27/04/2010  05:43:01",1,1.27243e+09,1,0,4,NaN,NaN,12,"service","RETAIL ASSISTANT MANAGER","-",11
18.369,10905,0,,0,1,27,"United States of America","27/04/2010  06:21:31",1,1.27244e+09,1,-1,3,NaN,NaN,6,"office","PROGRAMMER","-",22
4.82909,10906,0,,0,1,24,"United States of America","27/04/2010  07:10:43",1,1.27244e+09,1,1,1,39.7795,-86.1701,17,"unknown","-","46202",9
14.3285,10907,0,,0,1,36,"United Kingdom","27/04/2010  08:45:28",2,1.27244e+09,0,1,2,53.5719,-1.37631,13,"student","STUDENT","S72",6
18.7507,10908,0,,0,1,51,"United Kingdom","27/04/2010  09:10:49",2,1.27245e+09,0,1,2,NaN,NaN,16,"unemployed","CONVALESCENCE","-",23
15.8258,10909,0,,0,1,38,"United States of America","27/04/2010  12:35:22",1,1.27246e+09,1,0,5,35.0074,-81.2299,14,"teaching","ACADEMIC ADVISOR","29745",22
2.58532,10910,0,,0,1,40,"United States of America","27/04/2010  12:43:37",2,1.27246e+09,1,1,2,37.6111,-97.3625,8,"public","SECURITY","67217",21
40.3987,10911,0,,0,1,31,"United States of America","27/04/2010  12:54:53",0,1.27246e+09,1,0,3,35.6279,-90.9248,2,"health","REGISTERED NURSE","72479",18
14.5553,10912,0,,0,1,39,"United States of America","27/04/2010  13:38:42",2,1.27246e+09,1,-1,2,40.0686,-75.0027,9,"research","SOCIOLOGIST","19114",34
37.459,10913,0,,0,1,33,"United States of America","27/04/2010  13:43:16",1,1.27246e+09,1,0,7,39.0617,-117.416,3,"home","MOM","21",543
37.6451,10914,0,,0,1,47,"United States of America","27/04/2010  15:33:46",1,1.27247e+09,1,0,2,34.0746,-117.696,3,"home","HOME MAKER","91763",13
7.43676,10915,0,,0,1,38,"United Kingdom","27/04/2010  16:24:20",0,1.27247e+09,0,1,2,53.1645,-2.25176,9,"research","UNIVERSITY LECTURER","cw12",9
20.1116,10916,0,,0,1,27,"United Kingdom","27/04/2010  17:11:33",2,1.27247e+09,0,0,2,52.3734,-1.24634,9,"research","BIOLOGIST","CV21",16
5.17015,10917,0,,0,1,61,"United Kingdom","27/04/2010  18:35:51",5,1.27248e+09,0,0,2,53.8269,-1.35649,10,"retired","RETIRED","LS25",4
38.5032,10918,0,,0,1,30,"United Kingdom","27/04/2010  18:50:15",2,1.27248e+09,0,0,2,53.2242,-1.04611,14,"teaching","TEACHER","NG22",71
10.0525,10919,0,,0,1,30,"United Kingdom","27/04/2010  20:07:06",2,1.27249e+09,0,1,2,55.9751,-3.7005,9,"research","UNIVERSITY TEACHER/RESEARCHER/ADMINISTRATOR","FK2",6
23.5522,10920,0,,0,1,27,"United Kingdom","27/04/2010  20:54:24",2,1.27249e+09,0,0,3,54.5706,-5.9739,13,"student","STUDENT","bt9",9
3.48993,10921,0,,0,1,37,"United Kingdom","27/04/2010  21:40:39",2,1.27249e+09,0,1,2,52.4173,-1.58478,9,"research","MATHEMATICIAN","CV5",9
36.3468,10922,0,,0,1,25,"United Kingdom","28/04/2010  01:01:17",2,1.2725e+09,0,0,1,51.5135,-0.192454,9,"research","RESEARCHER","W2",37
28.6542,10923,0,,0,1,32,"Canada","28/04/2010  02:44:48",2,1.27251e+09,1,0,3,NaN,NaN,9,"research","PROFESSOR","-",56
27.8832,10924,0,,0,1,28,"United States of America","28/04/2010  04:44:31",2,1.27252e+09,1,0,4,47.9417,-122.233,3,"home","STAY AT HOME MOM","98203",30
0.040161,10925,0,,0,1,37,"United States of America","28/04/2010  07:17:58",2,1.27253e+09,1,0,1,NaN,NaN,6,"office","WRITER","-",2
4.29492,10926,0,,0,1,56,"United Kingdom","28/04/2010  10:46:16",1,1.27254e+09,0,1,2,51.9134,-0.743339,17,"unknown","ELECTRONICS CONSULTANT","LU7",2
14.0684,10927,0,,0,1,45,"United Kingdom","28/04/2010  11:50:51",2,1.27254e+09,0,0,2,51.6188,-1.25823,6,"office","IT PROFESSIONAL","OX11",5
9.70478,10928,0,,0,1,22,"United States of America","28/04/2010  13:57:53",2,1.27255e+09,1,0,2,40.6261,-111.97,3,"home","STAY AT HOME MOTHER","84084",2
12.4569,10929,0,,0,1,-1,"United States of America","28/04/2010  15:55:27",3,1.27256e+09,1,0,4,30.5327,-87.2121,3,"home","SAHM","32514",4
9.12189,10930,0,,0,1,36,"United Kingdom","28/04/2010  16:00:28",3,1.27256e+09,0,1,2,53.5719,-1.37631,8,"public","LIBRARY ASSISTANT","s72 9jg",56
26.7837,10931,0,,0,1,40,"United Kingdom","28/04/2010  19:57:06",3,1.27257e+09,0,0,3,52.1219,-0.294599,14,"teaching","PART-TIME PRESCHOOL ASSISTANT","SG19",28
44.4311,10932,0,,0,1,29,"Canada","28/04/2010  20:18:53",2,1.27257e+09,1,0,2,44.1545,-79.8717,14,"teaching","TEACHER","L9R",150
5.55953,10933,0,,0,1,29,"Canada","28/04/2010  20:32:56",3,1.27257e+09,1,0,3,43.908,-78.6853,2,"health","NURSE","L1C",6
16.3364,10934,0,,0,1,17,"United Kingdom","28/04/2010  21:37:06",3,1.27258e+09,0,0,3,52.231,0.129554,13,"student","STUDENT","CB4",15
0.258261,10935,0,,0,1,43,"United Kingdom","28/04/2010  21:41:54",3,1.27258e+09,0,1,2,NaN,NaN,4,"labour","FACTORY","-",8
28.9062,10936,0,,0,1,58,"United Kingdom","28/04/2010  21:48:15",3,1.27258e+09,0,1,2,53.6897,-1.69254,6,"office","COMPUTER CONSULTANT","wf14",7
2.70277,10937,0,,0,1,39,"United Kingdom","28/04/2010  23:23:19",3,1.27258e+09,0,1,4,NaN,NaN,6,"office","SOFTWARE DEVELOPER","-",5
4.01087,10938,0,,0,1,32,"Canada","29/04/2010  00:36:43",3,1.27259e+09,1,0,2,33.428,-117.623,17,"unknown","INTERPRETER","-",12
10.2655,10939,0,,0,1,56,"United Kingdom","29/04/2010  05:47:05",3,1.27261e+09,0,0,2,52.2009,-2.22318,6,"office","PROGRAMMER","WR1",15
8.10677,10940,0,,0,1,32,"United Kingdom","29/04/2010  10:08:43",4,1.27262e+09,0,0,1,NaN,NaN,6,"office","COMPUTER PORGRAMMER","-",6
22.1408,10941,0,,0,1,19,"United Kingdom","29/04/2010  10:27:18",0,1.27262e+09,0,0,2,NaN,NaN,13,"student","STUDENT","-",24
13.4299,10942,0,,0,1,29,"United Kingdom","29/04/2010  10:30:03",3,1.27262e+09,0,1,2,NaN,NaN,9,"research","POST DOC","-",12
0.221049,10943,0,,0,1,25,"United States of America","29/04/2010  13:06:27",3,1.27263e+09,1,0,3,35.2421,-106.782,12,"service","SHOPGIRL","87124",1
0.280085,10944,0,,0,1,45,"United Kingdom","29/04/2010  13:24:36",4,1.27263e+09,0,1,2,52.4033,1.63711,16,"unemployed","UNEMPLOYED","nr34",4
19.0544,10945,0,,0,1,45,"United States of America","29/04/2010  13:30:30",3,1.27263e+09,1,0,1,44.7841,-87.4208,17,"unknown","MASSAGE THERAPIST","54235",43
28.7624,10946,0,,0,1,23,"United States of America","29/04/2010  13:36:34",4,1.27263e+09,1,0,4,37.0902,-95.7129,13,"student","STUDENT","-",46
10.3713,10947,0,,0,1,22,"United Kingdom","29/04/2010  14:33:39",4,1.27264e+09,0,0,4,53.4202,-3.03833,16,"unemployed","UNEMPLOYED","ch44",3
6.59862,10948,0,,0,1,24,"United Kingdom","29/04/2010  14:45:57",3,1.27264e+09,0,0,3,50.9168,-1.43733,17,"unknown","REVENUE ASSISTANT","SO15",9
45.5047,10949,0,,0,1,18,"United Kingdom","29/04/2010  14:47:36",4,1.27264e+09,0,0,7,53.4202,-3.03833,13,"student","STUDENT","CH44",123
17.386,10950,0,,0,1,44,"United Kingdom","29/04/2010  15:06:16",4,1.27264e+09,0,1,5,51.6449,0.622679,4,"labour","BUILDER","cm3",4
28.0236,10951,0,,0,1,25,"United Kingdom","29/04/2010  15:23:05",4,1.27264e+09,0,1,3,51.0175,-0.109598,13,"student","STUDENT","rh16",18
1.43177,10952,0,,0,1,21,"United Kingdom","29/04/2010  15:29:14",4,1.27264e+09,0,1,5,51.333,-2.4006,13,"student","STUDENT","BA2",4
30.95,10953,0,,0,1,42,"United Kingdom","29/04/2010  15:33:38",3,1.27264e+09,0,0,4,NaN,NaN,3,"home","HOME","-",27
8.3528,10954,0,,0,1,26,"United States of America","29/04/2010  16:48:37",4,1.27265e+09,1,0,1,40.0972,-75.3762,17,"unknown","-","19406",9
19.6204,10955,0,,0,1,32,"United Kingdom","29/04/2010  18:12:10",4,1.27265e+09,0,0,3,53.8219,-1.54955,16,"unemployed","DEBT WORKER - ON MATERNITY LEAVE","ls72hn",30
23.9322,10956,0,,0,1,16,"United Kingdom","29/04/2010  18:19:34",4,1.27265e+09,0,1,4,53.4265,-3.05898,11,"schoolchild","STUDENT","CH45",8
2.16265,10957,0,,0,1,26,"United States of America","29/04/2010  20:05:49",4,1.27266e+09,1,0,3,33.4324,-111.934,13,"student","STUDENT","85281",4
13.44,10958,0,,0,1,42,"United Kingdom","29/04/2010  20:11:55",4,1.27266e+09,0,0,2,51.5847,-0.0956396,14,"teaching","TEACHING ASSISTANT","N15",105
5.89956,10959,0,,0,1,36,"Australia","30/04/2010  03:40:11",5,1.27269e+09,1,0,2,55.3781,-3.43597,17,"unknown","-","-",1
17.9347,10960,0,,0,1,35,"United States of America","30/04/2010  03:49:20",4,1.27269e+09,1,0,3,34.6092,-82.4662,6,"office","PROJECT ANALYST","931",21
12.3097,10961,0,,0,1,45,"United States of America","30/04/2010  05:03:41",4,1.27269e+09,1,0,2,NaN,NaN,6,"office","SOFTWARE ENGINEER","-",5
20.9537,10962,0,,0,1,25,"Canada","30/04/2010  05:06:31",4,1.27269e+09,1,0,3,48.4599,-123.342,12,"service","CUSTOMER SERVICE","V8P",14
14.692,10963,0,,0,1,37,"United States of America","30/04/2010  06:10:15",2,1.27269e+09,1,0,3,43.1029,-76.1635,17,"unknown","-","48",3
21.059,10964,0,,0,1,24,"United States of America","30/04/2010  08:26:10",4,1.2727e+09,1,0,3,32.0545,-109.902,12,"service","ASSISTANT MANAGER IN RETAIL","85606",27
14.7238,10965,0,,0,1,38,"United Kingdom","30/04/2010  09:10:49",4,1.27271e+09,0,1,2,53.1645,-2.25176,9,"research","UNIVERSITY LECTURER","cw12",19
16.2837,10966,0,,0,1,17,"United Kingdom","30/04/2010  09:31:54",4,1.27271e+09,0,0,3,52.231,0.129554,13,"student","STUDENT","CB4",14
17.3317,10967,0,,0,1,34,"United States of America","30/04/2010  16:27:08",0,1.27273e+09,1,0,4,NaN,NaN,17,"unknown","QUALITY CONTROL","-",12
7.75684,10968,0,,0,1,38,"United Kingdom","30/04/2010  20:03:41",5,1.27274e+09,0,1,2,53.8438,-1.53765,6,"office","SOFTWARE ENGINEER","LS17",8
21.9945,10969,0,,0,1,42,"United States of America","01/05/2010  02:15:53",5,1.27277e+09,1,0,4,39.4577,-76.849,6,"office","GAME DESIGNER","21136",26
2.85599,10970,0,,0,1,60,"United States of America","01/05/2010  11:38:12",6,1.2728e+09,1,1,2,40.4279,-74.416,5,"mechanic","ENGINEER","08816",1
15.7343,10971,0,,0,1,-1,"United Kingdom","01/05/2010  23:04:08",6,1.27284e+09,0,0,1,NaN,NaN,17,"unknown","-","-",11
37.4339,10972,0,,0,1,28,"United Kingdom","02/05/2010  13:21:22",6,1.27289e+09,0,0,3,57.1507,-2.10468,13,"student","PHD STUDENT","AB25",55
28.2209,10973,0,,0,1,28,"United Kingdom","02/05/2010  19:04:13",0,1.27291e+09,0,0,1,51.4578,-0.973281,6,"office","ADMINISTRATOR","RG1",13
8.08551,10974,0,,0,1,34,"United Kingdom","02/05/2010  20:38:56",0,1.27292e+09,0,0,3,51.4264,-0.37711,9,"research","PHYSICIST","TW12",3
9.25128,10975,0,,0,1,27,"United Kingdom","02/05/2010  20:42:53",0,1.27292e+09,0,0,2,52.4173,-1.58478,6,"office","CIVIL SERVANT","CV5",8
1.35609,10976,0,,0,1,46,"United Kingdom","02/05/2010  20:53:30",5,1.27292e+09,0,0,2,NaN,NaN,6,"office","CLERICAL WORKER","-",5
36.8458,10977,0,,0,1,37,"United Kingdom","02/05/2010  21:07:48",0,1.27292e+09,0,1,2,52.4173,-1.58478,9,"research","MATHEMATICIAN","CV5",8
0.919264,10978,0,,0,1,43,"United Kingdom","02/05/2010  21:14:03",0,1.27292e+09,0,0,2,52.231,0.129554,17,"unknown","ECONOMIC CONSULTANT","CB4",2
1.31336,10979,0,,0,1,31,"United Kingdom","02/05/2010  21:20:53",0,1.27292e+09,0,0,2,51.4771,-0.512277,16,"unemployed","UNABLE TO WORK (DISABLED)","SL3",1
35.6993,10980,0,,0,1,49,"United Kingdom","02/05/2010  21:22:33",3,1.27292e+09,0,0,3,NaN,NaN,3,"home","HOME EDUCATOR","-",55
3.47342,10981,0,,0,1,31,"United Kingdom","02/05/2010  21:27:04",4,1.27292e+09,0,0,2,51.4771,-0.512277,16,"unemployed","UNABLE TO WORK (DISABLED)","SL3",3
5.32421,10982,0,,0,1,26,"United Kingdom","02/05/2010  21:38:52",0,1.27292e+09,0,0,2,51.9034,-2.11256,3,"home","HOUSEWIFE","GL51",3
15.7584,10983,0,,0,1,32,"United Kingdom","02/05/2010  21:46:49",3,1.27292e+09,0,0,2,52.2652,0.302187,3,"home","HOUSEWIFE","CB25",7
16.7298,10984,0,,0,1,32,"Sweden","02/05/2010  22:05:42",1,1.27292e+09,1,0,1,63.6954,20.2939,17,"unknown","WRITER/CONTROLLER","913",13
8.7349,10985,0,,0,1,24,"United Kingdom","02/05/2010  22:07:10",0,1.27292e+09,0,0,3,51.7338,-1.21948,6,"office","PROJECT MANAGER","OX4",3
14.2524,10986,0,,0,1,39,"United Kingdom","02/05/2010  22:07:32",0,1.27292e+09,0,0,2,52.1964,0.150489,6,"office","DATA ANALYST","CB1",13
16.094,10987,0,,0,1,26,"United Kingdom","02/05/2010  22:09:34",6,1.27292e+09,0,1,3,50.6794,-1.10003,16,"unemployed","UNEMPLOYED","PO35",5
36.0301,10988,0,,0,1,31,"United Kingdom","02/05/2010  22:15:34",0,1.27292e+09,0,0,4,52.231,0.129554,3,"home","PARENT","cb4",8
3.46604,10989,0,,0,1,34,"United Kingdom","02/05/2010  22:17:35",0,1.27293e+09,0,0,2,51.5755,0.0323385,6,"office","WEBSITE DESIGNER","E11",1
7.64782,10990,0,,0,1,62,"United Kingdom","02/05/2010  22:23:55",0,1.27293e+09,0,0,2,51.4771,-0.512277,3,"home","HOUSEWIFE","sl",5
15.254,10991,0,,0,1,37,"United Kingdom","02/05/2010  22:24:28",0,1.27293e+09,0,0,2,51.7338,-1.21948,17,"unknown","-","OX4",6
5.05974,10992,0,,0,1,34,"United Kingdom","02/05/2010  22:26:25",0,1.27293e+09,0,1,2,52.231,0.129554,6,"office","COMPUTER PROGRAMMER","CB4 1YZ",3
32.1048,10993,0,,0,1,33,"United Kingdom","02/05/2010  22:28:25",0,1.27293e+09,0,0,2,NaN,NaN,12,"service","CUSTOMER SERVICE REP","-",29
5.14943,10994,0,,0,1,47,"United Kingdom","02/05/2010  22:53:32",5,1.27293e+09,0,0,2,51.799,-3.87929,6,"office","IT QUALITY CONSULTANT","SA18",15
35.5772,10995,0,,0,1,27,"United Kingdom","02/05/2010  22:54:34",0,1.27293e+09,0,0,3,NaN,NaN,17,"unknown","-","-",6
33.9644,10996,0,,0,1,20,"United States of America","02/05/2010  23:10:43",0,1.27293e+09,1,0,40,40.2369,-77.206,13,"student","STUDENT","17013",29
27.065,10997,0,,0,1,20,"United Kingdom","02/05/2010  23:23:02",0,1.27293e+09,0,0,2,51.4638,-0.0161019,13,"student","STUDENT","SE13",13
7.08475,10998,0,,0,1,44,"Iceland","02/05/2010  23:24:07",0,1.27293e+09,1,0,1,NaN,NaN,9,"research","LECTURER","-",11
15.1424,10999,0,,0,1,30,"United Kingdom","02/05/2010  23:57:18",0,1.27293e+09,0,0,1,51.7555,-1.2887,9,"research","UNIVERSITY RESEARCH FELLOW","OX2",7
3.4804,11000,0,,0,1,34,"United Kingdom","03/05/2010  00:42:47",5,1.27293e+09,0,1,1,52.2181,1.08238,6,"office","WEB DEVELOPER","ip14",2
15.3526,11001,0,,0,1,30,"United States of America","03/05/2010  03:28:37",0,1.27294e+09,1,0,2,43.0785,-89.382,6,"office","WRITER","53703",11
16.1535,11002,0,,0,1,35,"United Kingdom","03/05/2010  04:21:18",0,1.27295e+09,0,1,1,52.231,0.129554,6,"office","UNIX SYSTEMS ADMINISTRATOR","CB4",7
14.5205,11003,0,,0,1,43,"United States of America","03/05/2010  04:46:52",0,1.27295e+09,1,0,5,NaN,NaN,3,"home","MOM","-",10
11.8547,11004,0,,0,1,49,"United States of America","03/05/2010  05:39:51",0,1.27295e+09,1,0,2,NaN,NaN,17,"unknown","...NONE","-",4
14.9466,11005,0,,0,1,48,"United Kingdom","03/05/2010  06:44:13",0,1.27296e+09,0,0,3,56.3438,-2.86347,3,"home","HOUSE KEEPER","KY16",20
40.124,11006,0,,0,1,58,"United Kingdom","03/05/2010  07:09:36",4,1.27296e+09,0,1,2,53.3519,-1.46512,14,"teaching","TEACHER","s8",108
2.62474,11007,0,,0,1,51,"United Kingdom","03/05/2010  07:22:16",0,1.27296e+09,0,0,3,50.9018,-1.9798,3,"home","HOUSEWIFE","BH21",6
29.4131,11008,0,,0,1,52,"United Kingdom","03/05/2010  07:36:34",3,1.27296e+09,0,1,3,50.9018,-1.9798,5,"mechanic","CHIEF ENGINEER","BH21",7
12.951,11009,0,,0,1,-1,"United Kingdom","03/05/2010  07:52:22",1,1.27296e+09,0,-1,2,NaN,NaN,17,"unknown","-","-",11
22.882,11010,0,,0,1,39,"United Kingdom","03/05/2010  08:23:19",0,1.27296e+09,0,0,4,53.5295,-2.06503,6,"office","COPY EDITOR","OL4",7
31.904,11011,0,,0,1,44,"United Kingdom","03/05/2010  08:29:15",0,1.27296e+09,0,0,4,51.704,-1.16524,6,"office","PUBLISHING","OX44",12
8.3996,11012,0,,0,1,44,"United Kingdom","03/05/2010  08:34:37",0,1.27296e+09,0,0,2,51.6256,-0.774569,13,"student","STUDENT","HP12",9
21.0163,11013,0,,0,1,39,"United Kingdom","03/05/2010  09:10:07",0,1.27296e+09,0,0,2,52.9226,-1.24132,12,"service","FITNESS INSTRUCTOR","ng9",25
2.91197,11014,0,,0,1,66,"Estonia","03/05/2010  09:41:55",0,1.27297e+09,1,0,1,25.0136,-70.6804,14,"teaching","TEACHER","939",12
21.6999,11015,0,,0,1,28,"Australia","03/05/2010  10:11:14",1,1.27297e+09,1,1,2,55.3781,-3.43597,6,"office","RECORDS OFFICER","-",14
9.13044,11016,0,,0,1,47,"United Kingdom","03/05/2010  10:17:44",0,1.27297e+09,0,0,2,52.1964,0.150489,6,"office","WRITER","cb1",5
7.88024,11017,0,,0,1,42,"United Kingdom","03/05/2010  10:44:33",0,1.27297e+09,0,0,2,52.231,0.129554,17,"unknown","CONSULTANT","CB4",2
3.11223,11018,0,,0,1,29,"United Kingdom","03/05/2010  10:47:49",3,1.27297e+09,0,0,2,53.8031,-1.63548,1,"entertain","MUSICIAN","LS13",4
7.30515,11019,0,,0,1,33,"Norway","03/05/2010  11:54:38",1,1.27297e+09,1,0,3,58.1599,12.1361,14,"teaching","TEACHER","-",20
3.90066,11020,0,,0,1,50,"United Kingdom","03/05/2010  12:34:37",5,1.27298e+09,0,0,2,52.4091,1.13941,3,"home","HOUSEWIFE","ip22",3
11.1943,11021,0,,0,1,44,"United Kingdom","03/05/2010  12:38:50",6,1.27298e+09,0,0,2,52.1964,0.150489,16,"unemployed","NONE","CB1",8
30.4568,11022,0,,0,1,33,"United States of America","03/05/2010  12:52:26",0,1.27298e+09,1,0,1,37.0902,-95.7129,8,"public","SOCIAL WORKER","-",29
5.9511,11023,0,,0,1,38,"United Kingdom","03/05/2010  13:19:24",6,1.27298e+09,0,1,2,53.1645,-2.25176,9,"research","UNIVERSITY LECTURER","cw12",16
22.277,11024,0,,0,1,35,"United Kingdom","03/05/2010  13:19:36",4,1.27298e+09,0,0,2,53.3006,-3.04249,9,"research","LECTURER","ch64",13
20.1938,11025,0,,0,1,34,"United States of America","03/05/2010  13:32:31",0,1.27298e+09,1,1,3,42.4232,-71.1538,6,"office","SOFTWARE ENGINEER","02474",11
11.0955,11026,0,,0,1,33,"United States of America","03/05/2010  14:21:33",5,1.27298e+09,1,0,4,37.0902,-95.7129,3,"home","MOM","-",42
10.9159,11027,0,,0,1,46,"United States of America","03/05/2010  14:32:53",3,1.27298e+09,1,0,1,39.9396,-75.1866,16,"unemployed","UNEMPLOYED","19146",21
22.168,11028,0,,0,1,26,"United Kingdom","03/05/2010  14:50:23",5,1.27298e+09,0,0,3,NaN,NaN,6,"office","WRITER","-",15
15.0432,11029,0,,0,1,26,"United States of America","03/05/2010  14:53:20",0,1.27298e+09,1,0,5,39.3709,-76.6701,3,"home","HOUSEWIFE","21209",5
36.7418,11030,0,,0,1,34,"United States of America","03/05/2010  15:16:23",0,1.27299e+09,1,0,1,37.0902,-95.7129,17,"unknown","-","-",96
16.0831,11031,0,,0,1,28,"United States of America","03/05/2010  15:21:14",6,1.27299e+09,1,0,2,39.9509,-75.1575,16,"unemployed","UNEMPLOYED","19107",37
17.6631,11032,0,,0,1,28,"United States of America","03/05/2010  15:43:50",5,1.27299e+09,1,0,2,39.9509,-75.1575,16,"unemployed","UNEMPLOYED","19107",205
4.44895,11033,0,,0,1,34,"United Kingdom","03/05/2010  16:18:45",0,1.27299e+09,0,0,3,52.231,0.129554,3,"home","DISABLED","CB4",7
2.00961,11034,0,,0,1,33,"United Kingdom","03/05/2010  17:24:59",1,1.27299e+09,0,0,2,51.5636,-0.136793,1,"entertain","DANCER","N19",3
24.576,11035,0,,0,1,33,"United Kingdom","03/05/2010  17:29:05",5,1.27299e+09,0,0,2,51.5636,-0.136793,6,"office","WRITER","N19",9
28.0963,11036,0,,0,1,37,"United Kingdom","03/05/2010  19:05:04",1,1.273e+09,0,0,3,52.338,-1.22962,6,"office","TECHNICAL AUTHOR","M45",11
35.7582,11037,0,,0,1,31,"United Kingdom","03/05/2010  19:57:51",1,1.273e+09,0,0,4,52.231,0.129554,3,"home","PARENT","cb4",33
33.8228,11038,0,,0,1,-1,"United States of America","03/05/2010  20:44:58",1,1.27301e+09,1,0,2,37.0902,-95.7129,17,"unknown","-","-",83
23.0768,11039,0,,0,1,43,"Canada","03/05/2010  21:00:03",1,1.27301e+09,1,0,2,33.428,-117.623,1,"entertain","PERFORMER","-",11
14.9685,11040,0,,0,1,26,"United Kingdom","03/05/2010  21:27:01",1,1.27301e+09,0,0,4,51.7585,-1.24938,17,"unknown","FUNDRAISER","OX1",16
33.559,11041,0,,0,1,64,"United Kingdom","03/05/2010  21:31:33",1,1.27301e+09,0,0,2,52.2204,-0.0873033,10,"retired","RETIRED COLLEGE LECTURER","CB23",21
7.56423,11042,0,,0,1,27,"United Kingdom","03/05/2010  21:58:52",1,1.27301e+09,0,0,3,52.1964,0.150489,6,"office","PROGRAMMER","CB1",7
2.49761,11043,0,,0,1,24,"France","03/05/2010  22:11:38",0,1.27301e+09,1,0,4,NaN,NaN,13,"student","STUDENT","-",4
27.8032,11044,0,,0,1,35,"United States of America","03/05/2010  23:53:38",1,1.27302e+09,1,0,2,40.015,-75.1866,8,"public","LIBRARIAN","19129",62
29.7348,11045,0,,0,1,32,"Canada","04/05/2010  02:10:48",1,1.27303e+09,1,0,3,43.7676,-79.4995,9,"research","PROFESSOR","M3J 0C6",61
2.09048,11046,0,,0,1,28,"United States of America","04/05/2010  03:08:37",1,1.27303e+09,1,0,1,43.1396,-76.157,9,"research","BIOLOGIST","191",10
19.0019,11047,0,,0,1,37,"Australia","04/05/2010  05:18:56",2,1.27304e+09,1,0,2,NaN,NaN,9,"research","RESEARCH","-",21
16.0209,11048,0,,0,1,39,"United Kingdom","04/05/2010  06:41:36",1,1.27304e+09,0,0,2,52.1964,0.150489,6,"office","DATA ANALYST","CB1",13
6.92281,11049,0,,0,1,51,"United Kingdom","04/05/2010  07:00:29",1,1.27304e+09,0,0,2,51.0795,1.1697,6,"office","FREELANCE EDITOR","CT20",1
32.8244,11050,0,,0,1,44,"United Kingdom","04/05/2010  07:07:03",1,1.27304e+09,0,0,4,51.5794,-0.0396968,6,"office","CIVIL SERVANT","e17",28
2.1923,11051,0,,0,1,52,"United States of America","04/05/2010  07:07:42",1,1.27304e+09,1,1,2,39.8188,-74.9673,16,"unemployed","UNEMPLOYED","981",3
21.1825,11052,0,,0,1,27,"United States of America","04/05/2010  07:12:20",1,1.27304e+09,1,0,3,39.8188,-74.9673,6,"office","TECHNICAL WRITER","981",7
8.68558,11053,0,,0,1,40,"United States of America","04/05/2010  07:16:56",1,1.27304e+09,1,0,2,30.4571,-97.6819,9,"research","RESEARCH ASSISTANT","78728",2
19.038,11054,0,,0,1,49,"United Kingdom","04/05/2010  07:17:07",5,1.27304e+09,0,1,1,53.8345,-1.72294,6,"office","IT CONSULTANT","BD10",8
22.7028,11055,0,,0,1,-1,"United Kingdom","04/05/2010  07:26:20",1,1.27304e+09,0,-1,2,NaN,NaN,17,"unknown","-","-",10
2.66226,11056,0,,0,1,47,"United Kingdom","04/05/2010  07:44:29",0,1.27305e+09,0,0,3,51.4946,-2.57788,9,"research","LECTURER","BS7",6
15.7685,11057,0,,0,1,52,"United Kingdom","04/05/2010  07:52:00",1,1.27305e+09,0,0,1,51.6867,-2.04849,10,"retired","RETIRED","gl7",28
14.8101,11058,0,,0,1,49,"Australia","04/05/2010  07:54:56",2,1.27305e+09,1,0,1,-35.3475,149.095,13,"student","WRITER/STUDENT","2606",25
32.8092,11059,0,,0,1,47,"United States of America","04/05/2010  08:18:38",0,1.27305e+09,1,0,4,44.932,-93.281,13,"student","STUDENT","55409",49
21.295,11060,0,,0,1,46,"United Kingdom","04/05/2010  08:19:27",1,1.27305e+09,0,0,1,53.2294,-2.51174,6,"office","ADMINISTRATOR","CW9",8
12.1925,11061,0,,0,1,54,"United Kingdom","04/05/2010  08:39:29",1,1.27305e+09,0,0,3,52.3607,-1.6346,14,"teaching","TEACHER","CV8",13
10.3661,11062,0,,0,1,44,"United Kingdom","04/05/2010  08:47:06",1,1.27305e+09,0,0,4,51.1869,-2.54754,1,"entertain","ARTIST","ba4",4
14.6232,11063,0,,0,1,-1,"United Kingdom","04/05/2010  09:06:20",1,1.27305e+09,0,0,4,NaN,NaN,17,"unknown","-","-",6
10.4924,11064,0,,0,1,34,"United Kingdom","04/05/2010  09:11:55",1,1.27305e+09,0,1,2,52.231,0.129554,6,"office","COMPUTER PROGRAMMER","cb4 1yz",12
11.4302,11065,0,,0,1,38,"United Kingdom","04/05/2010  09:17:46",1,1.27305e+09,0,1,3,NaN,NaN,17,"unknown","DESIGNER","-",4
20.6672,11066,0,,0,1,39,"United Kingdom","04/05/2010  09:30:13",1,1.27305e+09,0,0,4,51.4006,-0.223942,6,"office","FREELANCE EDITOR","SW20",10
29.0598,11067,0,,0,1,38,"Ireland","04/05/2010  09:59:10",3,1.27305e+09,1,0,3,NaN,NaN,13,"student","STUDENT","-",5
10.8831,11068,0,,0,1,39,"New Zealand","04/05/2010  10:05:28",2,1.27305e+09,1,0,2,NaN,NaN,13,"student","STUDENT","-",6
0.110151,11069,0,,0,1,26,"United States of America","04/05/2010  11:53:23",1,1.27306e+09,1,0,1,NaN,NaN,16,"unemployed","UNEMPLOYED","-",1
1.55839,11070,0,,0,1,39,"United Kingdom","04/05/2010  12:39:44",1,1.27306e+09,0,0,2,NaN,NaN,17,"unknown","-","-",4
27.6851,11071,0,,0,1,57,"United States of America","04/05/2010  14:17:33",2,1.27307e+09,1,0,3,NaN,NaN,14,"teaching","TEACHER","-",65
9.96587,11072,0,,0,1,57,"United Kingdom","04/05/2010  14:30:21",2,1.27307e+09,0,0,2,52.7904,-3.84867,14,"teaching","TEACHER","LL40",12
13.6732,11073,0,,0,1,50,"United States of America","04/05/2010  14:35:27",2,1.27307e+09,1,0,2,55.3781,-3.43597,6,"office","GRAPHIC DESIGNER","-",13
40.8556,11074,0,,0,1,47,"United States of America","04/05/2010  14:41:55",4,1.27307e+09,1,0,1,39.182,-78.1678,9,"research","UNIVERSITY FACULTY","22601",17
38.9911,11075,0,,0,1,52,"Netherlands","04/05/2010  14:43:21",6,1.27307e+09,1,0,5,55.3781,-3.43597,6,"office","EDITOR","-",56
7.09843,11076,0,,0,1,54,"United States of America","04/05/2010  14:59:08",1,1.27307e+09,1,0,2,38.6132,-90.3207,6,"office","RECEPTIONIST","63143",41
21.3493,11077,0,,0,1,25,"United States of America","04/05/2010  15:05:46",4,1.27307e+09,1,0,2,40.8501,-73.9354,13,"student","GRADUATE STUDENT","10033",49
5.92118,11078,0,,0,1,37,"United States of America","04/05/2010  15:31:42",1,1.27307e+09,1,0,2,37.0902,-95.7129,17,"unknown","AUTHOR","-",5
35.6301,11079,0,,0,1,59,"United Kingdom","04/05/2010  17:09:47",5,1.27308e+09,0,0,1,51.4946,-2.57788,3,"home","HOUSE WIFE","BS7",63
6.04687,11080,0,,0,1,52,"United States of America","04/05/2010  17:54:40",1,1.27308e+09,1,0,2,37.0902,-95.7129,12,"service","PET SITTER","-",8
38.1805,11081,0,,0,1,37,"United States of America","04/05/2010  18:52:29",2,1.27309e+09,1,0,4,37.3346,-87.4802,14,"teaching","TEACHER","42431",53
27.6692,11082,0,,0,1,37,"United States of America","04/05/2010  19:04:32",2,1.27309e+09,1,0,4,37.3346,-87.4802,14,"teaching","TEACHER","42431",53
1.25128,11083,0,,0,1,56,"United Kingdom","04/05/2010  19:10:09",2,1.27309e+09,0,0,1,51.5636,-0.136793,17,"unknown","PAINT ANALYST","N19",6
8.67872,11084,0,,0,1,37,"Sweden","04/05/2010  19:10:41",2,1.27309e+09,1,0,2,38.9023,-77.0586,6,"office","PROGRAMMER","-",1
40.4963,11085,0,,0,1,35,"United Kingdom","04/05/2010  20:09:57",2,1.27309e+09,0,0,3,NaN,NaN,14,"teaching","TEACHER","-",112
29.196,11086,0,,0,1,58,"United Kingdom","04/05/2010  20:43:40",2,1.27309e+09,0,1,1,NaN,NaN,6,"office","LEGAL COUNSEL","-",17
9.58726,11087,0,,0,1,41,"United Kingdom","04/05/2010  20:44:55",2,1.27309e+09,0,1,2,51.0795,1.1697,6,"office","COMPUTING","CT20",15
13.2697,11088,0,,0,1,32,"United States of America","04/05/2010  21:00:14",4,1.27309e+09,1,0,1,37.0902,-95.7129,14,"teaching","TEACHER","-",23
10.5177,11089,0,,0,1,52,"United Kingdom","04/05/2010  21:37:52",2,1.2731e+09,0,1,1,NaN,NaN,17,"unknown","-","-",5
20.2055,11090,0,,0,1,40,"United Kingdom","04/05/2010  21:44:30",1,1.2731e+09,0,1,2,51.457,-2.55745,17,"unknown","ARCHAEOLOGIST","bs5",7
34.5521,11091,0,,0,1,49,"United States of America","05/05/2010  02:29:54",1,1.27311e+09,1,0,3,42.6683,-84.5956,2,"health","CNA","48911",17
9.52631,11092,0,,0,1,45,"United States of America","05/05/2010  04:07:10",2,1.27312e+09,1,1,4,43.669,-79.4423,6,"office","GRAPHIC DESIGNER","m6h",4
2.52417,11093,0,,0,1,55,"United Kingdom","05/05/2010  06:24:40",2,1.27313e+09,0,0,1,52.7069,-2.75591,6,"office","ADMIN ASSISTANT","sy1",5
20.5913,11094,0,,0,1,30,"United Kingdom","05/05/2010  08:10:25",2,1.27313e+09,0,1,2,51.2318,-0.575511,12,"service","BUSINESS DEVELOPMENT/SALES","GU1 4JJ",12
3.72864,11095,0,,0,1,38,"Sweden","05/05/2010  08:31:02",2,1.27313e+09,1,0,2,62.3882,15.2841,6,"office","PROGRAMMER","841",3
1.48812,11096,0,,0,1,33,"United Kingdom","05/05/2010  09:21:58",2,1.27314e+09,0,1,2,53.7545,-2.96888,6,"office","IT CONSULTANT","FY8",3
7.54979,11097,0,,0,1,47,"United Kingdom","05/05/2010  10:46:16",1,1.27314e+09,0,0,2,54.835,-1.60509,16,"unemployed","NONE","dh2",1
14.8036,11098,0,,0,1,23,"United States of America","05/05/2010  11:26:56",2,1.27315e+09,1,0,6,NaN,NaN,12,"service","FOOD SERVICE","-",206
3.02386,11099,0,,0,1,43,"United Kingdom","05/05/2010  11:44:28",2,1.27315e+09,0,1,1,NaN,NaN,17,"unknown","TECHNICIAN","-",15
19.0645,11100,0,,0,1,22,"United Kingdom","05/05/2010  11:50:23",2,1.27315e+09,0,1,6,51.4944,-3.17865,13,"student","STUDENT","cf24",13
37.4389,11101,0,,0,1,28,"United Kingdom","05/05/2010  12:39:08",1,1.27315e+09,0,0,3,57.1507,-2.10468,13,"student","PHD STUDENT","AB25",16
19.8876,11102,0,,0,1,43,"United Kingdom","05/05/2010  15:55:30",1,1.27316e+09,0,0,1,53.3672,-1.53693,16,"unemployed","NOT WORKING - HEALTH ISSUES","S10",7
16.7128,11103,0,,0,1,20,"United Kingdom","05/05/2010  16:32:17",4,1.27316e+09,0,0,3,57.1709,-2.11473,13,"student","STUDENT","AB24",21
6.68082,11104,0,,0,1,47,"United States of America","05/05/2010  17:47:03",2,1.27317e+09,1,0,2,29.6806,-98.0902,6,"office","CUSTOMER SERVICE (PHONE)","78130",43
13.2662,11105,0,,0,1,39,"United States of America","05/05/2010  18:25:48",2,1.27317e+09,1,1,3,39.561,-87.7905,13,"student","GRADUATE STUDENT","925",10
5.05919,11106,0,,0,1,28,"United Kingdom","05/05/2010  19:49:43",3,1.27318e+09,0,0,3,NaN,NaN,6,"office","RECEPTIONIST","-",34
13.7855,11107,0,,0,1,32,"United States of America","05/05/2010  20:53:12",2,1.27318e+09,1,0,2,NaN,NaN,9,"research","EPIDEMIOLOGIST","-",34
9.28437,11108,0,,0,1,39,"United Kingdom","06/05/2010  07:38:24",3,1.27322e+09,0,1,3,52.4173,-1.58478,9,"research","PROFESSOR","CV5 7QH",17
39.8174,11109,0,,0,1,23,"United Kingdom","06/05/2010  10:14:50",3,1.27323e+09,0,1,3,NaN,NaN,13,"student","STUDENT","-",25
7.03041,11110,0,,0,1,38,"United Kingdom","06/05/2010  10:15:07",3,1.27323e+09,0,1,2,53.1645,-2.25176,9,"research","UNIVERSITY LECTURER","cw12",23
23.3851,11111,0,,0,1,23,"United Kingdom","06/05/2010  10:30:40",4,1.27323e+09,0,1,6,NaN,NaN,13,"student","STUDENT","-",19
5.65968,11112,0,,0,1,31,"United Kingdom","06/05/2010  10:57:02",3,1.27323e+09,0,1,2,52.4173,-1.58478,9,"research","EPIDEMIOLOGIST","CV5",9
12.9962,11113,0,,0,1,27,"United Kingdom","06/05/2010  11:41:26",3,1.27323e+09,0,0,2,NaN,NaN,6,"office","ADMINISTRATOR","-",12
25.013,11114,0,,0,1,21,"United Kingdom","06/05/2010  13:02:27",3,1.27324e+09,0,0,3,57.1709,-2.11473,13,"student","STUDENT","ab24",62
5.91562,11115,0,,0,1,-1,"United Kingdom","06/05/2010  13:57:10",3,1.27324e+09,0,0,1,NaN,NaN,17,"unknown","-","-",41
7.6165,11116,0,,0,1,36,"United Kingdom","06/05/2010  14:09:37",3,1.27324e+09,0,1,2,53.7686,-1.58093,6,"office","IT CONSULTANT","LS11",7
39.8556,11117,0,,0,1,40,"Canada","06/05/2010  14:25:17",4,1.27324e+09,1,1,4,43.6712,-79.2876,6,"office","DIRECTOR, POLICY",7
22.5907,11118,0,,0,1,58,"United Kingdom","06/05/2010  15:20:19",3,1.27325e+09,0,0,2,51.9144,-1.24725,6,"office","ACOUNTANT","OX25",49
4.11888,11119,0,,0,1,23,"United States of America","06/05/2010  15:33:34",3,1.27325e+09,1,0,2,43.0078,-89.3322,17,"unknown","ARCHIVIST","53711",14
16.2079,11120,0,,0,1,31,"Canada","06/05/2010  15:41:09",4,1.27325e+09,1,1,2,43.6764,-79.293,1,"entertain","ACTOR / SERVER","m4e",10
18.6898,11121,0,,0,1,41,"United Kingdom","06/05/2010  15:47:43",3,1.27325e+09,0,1,2,54.9535,-1.7904,6,"office","COMPUTER PROGRAMMER","NE40",33
13.6639,11122,0,,0,1,63,"United States of America","06/05/2010  15:50:28",4,1.27325e+09,1,1,2,40.0259,-75.4461,17,"unknown","CONSULTANT","19312",24
8.69706,11123,0,,0,1,31,"United Kingdom","06/05/2010  16:35:59",4,1.27325e+09,0,1,2,51.5398,-0.192635,9,"research","SCIENTIST","Nw6",1
6.64466,11124,0,,0,1,25,"United States of America","06/05/2010  16:46:32",3,1.27325e+09,1,0,2,37.0902,-95.7129,13,"student","STUDENT","-",12
7.95199,11125,0,,0,1,37,"United States of America","06/05/2010  18:42:00",3,1.27326e+09,1,0,1,30.0951,-95.9198,6,"office","WRITER","77484",15
33.8148,11126,0,,0,1,50,"United Kingdom","06/05/2010  18:49:13",4,1.27326e+09,0,1,4,57.1701,-2.16708,14,"teaching","TEACHER","ab1",24
12.9359,11127,0,,0,1,43,"Canada","06/05/2010  19:22:46",4,1.27326e+09,1,1,3,43.649,-79.4563,6,"office","MARKETING RESEARCH","M6R",11
8.80714,11128,0,,0,1,24,"United Kingdom","06/05/2010  20:41:56",4,1.27326e+09,0,1,7,57.1709,-2.11473,13,"student","PHD STUDENT","AB241",14
19.2164,11129,0,,0,1,64,"United States of America","07/05/2010  00:20:52",2,1.27328e+09,1,0,2,37.0902,-95.7129,6,"office","SECRETARY","-",105
34.1443,11130,0,,0,1,37,"Australia","07/05/2010  07:47:12",4,1.2733e+09,1,0,2,-25.2744,133.775,14,"teaching","LANGUAGE ASSESSOR","-",9
37.6179,11131,0,,0,1,54,"United States of America","07/05/2010  09:24:07",4,1.27331e+09,1,0,3,39.7271,-104.956,6,"office","ADMINISTRATOR","80206",25
36.674,11132,0,,0,1,44,"United Kingdom","07/05/2010  10:26:55",4,1.27331e+09,0,0,3,53.7345,-2.12023,9,"research","UNIVERSITY ADMINISTRATOR","OL14",26
3.54679,11133,0,,0,1,66,"United Kingdom","07/05/2010  10:46:10",4,1.27332e+09,0,0,3,54.9641,-1.62992,10,"retired","RETIRED","NE4",3
22.6306,11134,0,,0,1,36,"Australia","07/05/2010  10:53:51",2,1.27332e+09,1,0,2,55.3781,-3.43597,6,"office","BOOKKEEPER","-",13
3.5839,11135,0,,0,1,53,"United Kingdom","07/05/2010  10:55:44",3,1.27332e+09,0,0,3,51.3547,0.811546,4,"labour","DRESS AND COSTUME MAKER","ME9",5
30.2229,11136,0,,0,1,32,"United Kingdom","07/05/2010  13:07:44",4,1.27332e+09,0,0,4,52.231,0.129554,6,"office","SOFTWARE DEVELOPER","cb4",24
10.4048,11137,0,,0,1,40,"Canada","07/05/2010  13:28:09",4,1.27333e+09,1,0,2,45.1228,-74.8733,6,"office","FREELANCE WRITER","K0C",26
13.2724,11138,0,,0,1,35,"United Kingdom","07/05/2010  13:31:01",4,1.27333e+09,0,0,2,NaN,NaN,14,"teaching","TEACHER","-",176
35.2211,11139,0,,0,1,33,"United Kingdom","07/05/2010  13:56:08",4,1.27333e+09,0,0,2,51.4296,-0.0980393,8,"public","LIBRARIAN","se27",18
32.818,11140,0,,0,1,33,"United Kingdom","07/05/2010  13:58:05",4,1.27333e+09,0,0,1,54.5197,-1.5831,6,"office","CIVIL SERVANT","DL3",37
17.5979,11141,0,,0,1,19,"United Kingdom","07/05/2010  14:08:13",3,1.27333e+09,0,1,14,55.8738,-4.28876,13,"student","STUDENT","G12",23
6.00504,11142,0,,0,1,33,"United Kingdom","07/05/2010  14:13:01",5,1.27333e+09,0,0,2,53.8283,-1.47118,6,"office","CASHBOOK ADMINISTRATOR","ls14",3
36.6661,11143,0,,0,1,33,"United Kingdom","07/05/2010  14:18:44",4,1.27333e+09,0,0,2,53.8283,-1.47118,6,"office","CASHBOOK ADMINISTRATOR","ls14",7
25.6159,11144,0,,0,1,43,"United Kingdom","07/05/2010  14:32:58",4,1.27333e+09,0,1,4,NaN,NaN,17,"unknown","CONSULTANT","-",26
7.96817,11145,0,,0,1,48,"United Kingdom","07/05/2010  14:53:21",2,1.27333e+09,0,0,2,52.2177,0.174744,6,"office","ACCOUNTANT","CB5A",13
40.4743,11146,0,,0,1,46,"United Kingdom","07/05/2010  14:54:08",4,1.27333e+09,0,0,1,53.4584,-1.47891,14,"teaching","TEACHER","s35",31
8.332,11147,0,,0,1,33,"United Kingdom","07/05/2010  14:56:27",5,1.27333e+09,0,0,2,NaN,NaN,6,"office","IT MANAGER","-",12
5.17105,11148,0,,0,1,32,"Bosnia and Herzegovina","07/05/2010  15:03:38",4,1.27333e+09,1,0,2,NaN,NaN,17,"unknown","-","-",2
1.5076,11149,0,,0,1,59,"United Kingdom","07/05/2010  16:13:09",3,1.27334e+09,0,0,1,52.4144,0.182069,16,"unemployed","UNEMPLOYED","CB6",12
19.5009,11150,0,,0,1,36,"United Kingdom","07/05/2010  16:18:29",1,1.27334e+09,0,0,4,NaN,NaN,9,"research","ACADEMIC","-",10
20.8049,11151,0,,0,1,37,"United Kingdom","07/05/2010  16:27:56",4,1.27334e+09,0,0,1,51.5014,-0.332356,6,"office","IT SUPPORT","w7",12
21.4209,11152,0,,0,1,59,"United Kingdom","07/05/2010  16:28:12",1,1.27334e+09,0,0,1,52.4144,0.182069,16,"unemployed","UNEMPLOYED","CB6",8
38.12,11153,0,,0,1,46,"United Kingdom","07/05/2010  17:33:39",4,1.27334e+09,0,0,4,NaN,NaN,13,"student","STUDENT NURSE","-",29
4.51488,11154,0,,0,1,31,"United Kingdom","07/05/2010  17:57:36",5,1.27334e+09,0,0,4,52.231,0.129554,3,"home","PARENT","cb4",5
14.0818,11155,0,,0,1,52,"United Kingdom","07/05/2010  18:06:02",5,1.27334e+09,0,0,3,NaN,NaN,6,"office","ADMINISTRATOR","-",38
2.46505,11156,0,,0,1,32,"United Kingdom","07/05/2010  18:17:49",5,1.27334e+09,0,0,3,51.307,0.887184,3,"home","MOTHER","ME13",5
38.7329,11157,0,,0,1,33,"United States of America","07/05/2010  18:41:06",4,1.27334e+09,1,0,3,NaN,NaN,3,"home","HOMEMAKER","-",29
22.3558,11158,0,,0,1,33,"United States of America","07/05/2010  19:18:08",4,1.27335e+09,1,0,3,NaN,NaN,16,"unemployed","DISABLED/UNEMPLOYED","-",9
19.8341,11159,0,,0,1,36,"United Kingdom","07/05/2010  19:26:02",5,1.27335e+09,0,1,3,51.5294,-0.0836926,6,"office","IT WORKER","N1",15
8.1954,11160,0,,0,1,29,"United Kingdom","07/05/2010  19:31:24",2,1.27335e+09,0,0,2,NaN,NaN,6,"office","EDITOR","-",2
6.73553,11161,0,,0,1,25,"United Kingdom","07/05/2010  19:34:59",5,1.27335e+09,0,0,1,NaN,NaN,6,"office","EDITOR","-",3
6.33854,11162,0,,0,1,60,"United Kingdom","07/05/2010  19:37:50",3,1.27335e+09,0,0,2,51.963,-0.256958,10,"retired","RETIRED","SG4",1
7.03517,11163,0,,0,1,31,"United Kingdom","07/05/2010  19:41:49",5,1.27335e+09,0,1,2,51.5398,-0.192635,9,"research","SCIENTIST","NW6",2
36.3783,11164,0,,0,1,33,"United Kingdom","07/05/2010  19:49:03",5,1.27335e+09,0,0,5,55.973,-3.22928,3,"home","PARENT","eh5",34
33.2721,11165,0,,0,1,28,"United Kingdom","07/05/2010  19:59:55",2,1.27335e+09,0,1,2,51.5228,0.173378,6,"office","SOFTWARE ENGINEER","RM13",17
22.4524,11166,0,,0,1,41,"United Kingdom","07/05/2010  20:08:49",5,1.27335e+09,0,0,3,50.8092,-0.0286036,6,"office","WEB EDITOR","Bn2",10
16.8061,11167,0,,0,1,31,"United Kingdom","07/05/2010  20:21:29",5,1.27335e+09,0,0,4,51.4646,-1.02207,3,"home","MOTHER","RG30",26
25.0759,11168,0,,0,1,42,"United Kingdom","07/05/2010  20:22:10",1,1.27335e+09,0,1,2,50.5489,-3.99162,2,"health","HOSPITAL DOCTOR","PL20",79
1.65964,11169,0,,0,1,29,"United Kingdom","07/05/2010  20:25:22",4,1.27335e+09,0,1,2,51.565,-0.0499679,6,"office","DEVELOPER","E5",2
15.8735,11170,0,,0,1,29,"United Kingdom","07/05/2010  20:27:52",2,1.27335e+09,0,1,2,51.565,-0.0499679,6,"office","DEVELOPER","E5",23
15.1085,11171,0,,0,1,37,"United Kingdom","07/05/2010  20:29:41",4,1.27335e+09,0,0,3,52.61,-1.05107,3,"home","MOTHER","LE2",24
0.181389,11172,0,,0,1,45,"United Kingdom","07/05/2010  20:36:17",5,1.27335e+09,0,1,1,52.61,-1.05107,6,"office","COMPUTER PROGRAMMER","LE2",3
11.9086,11173,0,,0,1,32,"United Kingdom","07/05/2010  20:49:57",5,1.27335e+09,0,1,2,NaN,NaN,9,"research","SCIENTIST","-",6
26.3334,11174,0,,0,1,46,"United Kingdom","07/05/2010  21:07:20",1,1.27335e+09,0,0,4,51.5709,-0.396839,6,"office","IT","ha4",16
4.9883,11175,0,,0,1,46,"United Kingdom","07/05/2010  21:10:08",2,1.27335e+09,0,0,4,51.5709,-0.396839,6,"office","IT","ha4",3
0.950095,11176,0,,0,1,34,"United States of America","07/05/2010  21:33:20",4,1.27335e+09,1,0,3,39.9413,-75.2187,13,"student","GRAD STUDENT","19143",6
12.2939,11177,0,,0,1,34,"United States of America","07/05/2010  21:48:51",2,1.27336e+09,1,0,3,39.9413,-75.2187,13,"student","PH.D. STUDENT","19143",12
23.8945,11178,0,,0,1,46,"United Kingdom","07/05/2010  22:40:30",5,1.27336e+09,0,0,4,NaN,NaN,8,"public","LIBRARY ASSISTANT","-",19
23.2695,11179,0,,0,1,38,"United Kingdom","07/05/2010  23:27:05",4,1.27336e+09,0,0,3,51.5294,-0.0836926,17,"unknown","JOURNALIST","N1",20
17.097,11180,0,,0,1,30,"Ireland","07/05/2010  23:37:02",5,1.27336e+09,1,0,3,53.1984,-6.10152,6,"office","EDITOR","-",3
9.57748,11181,0,,0,1,46,"United Kingdom","08/05/2010  00:14:15",5,1.27336e+09,0,1,2,55.8877,-4.29099,17,"unknown","CONSULTANT","G20",7
28.7733,11182,0,,0,1,32,"Singapore","08/05/2010  00:40:26",5,1.27337e+09,1,1,2,55.3781,-3.43597,6,"office","IT PROFESSIONAL","-",18
0.507489,11183,0,,0,1,40,"United Kingdom","08/05/2010  00:56:38",5,1.27337e+09,0,1,2,51.3779,-1.95908,6,"office","TECHNICAL ARCHITECT","SN10",4
9.4734,11184,0,,0,1,36,"United Kingdom","08/05/2010  06:27:03",3,1.27339e+09,0,0,2,NaN,NaN,16,"unemployed","NONE","-",13
16.6345,11185,0,,0,1,43,"United Kingdom","08/05/2010  06:43:19",5,1.27339e+09,0,1,3,NaN,NaN,17,"unknown","-","-",12
2.16067,11186,0,,0,1,40,"United Kingdom","08/05/2010  10:53:06",5,1.2734e+09,0,0,2,54.7692,-5.76728,6,"office","CLERICAL WORKER","BT38",9
9.31018,11187,0,,0,1,40,"United Kingdom","08/05/2010  10:58:30",4,1.2734e+09,0,0,2,54.7692,-5.76728,6,"office","CLERICAL WORKER","BT38",16
7.88503,11188,0,,0,1,40,"United Kingdom","08/05/2010  10:59:39",4,1.2734e+09,0,0,1,53.8031,-1.63548,17,"unknown","BUSINESS CHANGE OFFICER","ls13 2al",28
35.932,11189,0,,0,1,35,"United Kingdom","08/05/2010  12:23:33",0,1.27341e+09,0,1,2,NaN,NaN,9,"research","PHYSICS CONSULTANT","-",40
31.0181,11190,0,,0,1,39,"Ireland","08/05/2010  15:15:45",6,1.27342e+09,1,1,1,53.3448,-6.25922,2,"health","DOCTOR","D 24",9
19.152,11191,0,,0,1,32,"United Kingdom","08/05/2010  17:13:29",6,1.27343e+09,0,0,3,51.307,0.887184,3,"home","MOTHER","me13",35
20.328,11192,0,,0,1,42,"United Kingdom","08/05/2010  17:19:21",5,1.27343e+09,0,0,2,51.2452,-1.33098,6,"office","IT CONSULTANT","RG28",27
11.9453,11193,0,,0,1,32,"United Kingdom","08/05/2010  17:36:31",6,1.27343e+09,0,0,3,51.307,0.887184,3,"home","MOTHER","me13",35
11.7882,11194,0,,0,1,34,"United Kingdom","08/05/2010  18:24:21",4,1.27343e+09,0,0,3,NaN,NaN,6,"office","ACCOUNTANT","-",6
20.263,11195,0,,0,1,25,"United Kingdom","08/05/2010  18:48:14",6,1.27343e+09,0,0,2,53.3672,-1.53693,2,"health","DOCTOR","S10",44
9.31376,11196,0,,0,1,34,"United Kingdom","08/05/2010  20:30:20",6,1.27344e+09,0,0,3,NaN,NaN,9,"research","SCIENTIST","-",8
26.7719,11197,0,,0,1,35,"United Kingdom","08/05/2010  21:19:06",6,1.27344e+09,0,-1,3,53.5753,-2.50389,16,"unemployed","TOO ILL TO WORK.","BL6",8
35.5058,11198,0,,0,1,23,"United Kingdom","08/05/2010  23:50:00",5,1.27345e+09,0,1,2,57.1507,-2.10468,13,"student","STUDENT","AB25",40
3.15717,11199,0,,0,1,23,"United Kingdom","08/05/2010  23:55:43",6,1.27345e+09,0,1,2,57.1507,-2.10468,13,"student","STUDENT","AB25",7
42.7268,11200,0,,0,1,34,"Canada","09/05/2010  02:58:11",6,1.27346e+09,1,0,4,NaN,NaN,3,"home","HOME MAKER","-",10
23.7855,11201,0,,0,1,43,"United Kingdom","09/05/2010  09:36:35",6,1.27348e+09,0,0,4,52.1468,-2.82581,3,"home","HOMEMAKER","hr4",60
5.21306,11202,0,,0,1,44,"United Kingdom","09/05/2010  10:16:09",0,1.27349e+09,0,1,3,54.7692,-5.76728,5,"mechanic","ENGINEER","BT38",6
41.5877,11203,0,,0,1,37,"United Kingdom","09/05/2010  16:15:21",0,1.27351e+09,0,0,6,51.9939,-0.954918,3,"home","MOTHER","mk18",29
0.141871,11204,0,,0,1,62,"United Kingdom","09/05/2010  16:48:33",0,1.27351e+09,0,0,1,NaN,NaN,10,"retired","RETIRED","-",3
12.065,11205,0,,0,1,34,"Netherlands","09/05/2010  18:51:30",0,1.27352e+09,1,0,3,NaN,NaN,12,"service","TEAM LEADER CUSTOMER SERVICE","-",5
9.62026,11206,0,,0,1,34,"United States of America","09/05/2010  19:42:46",3,1.27352e+09,1,0,4,37.2584,-121.919,3,"home","MOM","95124",19
13.0155,11207,0,,0,1,44,"United Kingdom","09/05/2010  19:49:10",0,1.27352e+09,0,0,3,55.9308,-3.19317,9,"research","ACADEMIC","EH9",12
12.5973,11208,0,,0,1,34,"United Kingdom","09/05/2010  20:09:59",0,1.27352e+09,0,0,3,53.5871,-2.32305,6,"office","PROJECT CONTROLLER","BL8",14
25.5757,11209,0,,0,1,49,"Sweden","09/05/2010  20:17:24",0,1.27352e+09,1,0,3,NaN,NaN,17,"unknown","MECHANICAL DESIGNER","-",37
8.94475,11210,0,,0,1,30,"United Kingdom","09/05/2010  20:26:56",0,1.27352e+09,0,0,3,55.9763,-3.15489,13,"student","STUDENT/CARER","EH6",17
35.8279,11211,0,,0,1,32,"United Kingdom","09/05/2010  20:43:15",0,1.27352e+09,0,0,4,NaN,NaN,8,"public","LIBRARIAN","-",57
18.1994,11212,0,,0,1,27,"United Kingdom","09/05/2010  20:52:53",0,1.27352e+09,0,1,1,51.5636,-0.136793,6,"office","IT","N19",81
28.2685,11213,0,,0,1,37,"United States of America","09/05/2010  21:08:56",0,1.27353e+09,1,0,3,41.5581,-83.6139,6,"office","WEB SUPPORT","954",15
8.02925,11214,0,,0,1,32,"United States of America","09/05/2010  21:16:56",0,1.27353e+09,1,0,3,44.6879,-123.142,6,"office","ADMINISTRATIVE ASSISTANT","97321",2
22.6809,11215,0,,0,1,38,"United States of America","09/05/2010  21:18:16",4,1.27353e+09,1,0,7,44.0637,-123.085,3,"home","HOMEMAKER","97401",6
12.3907,11216,0,,0,1,35,"United Kingdom","09/05/2010  21:37:19",0,1.27353e+09,0,0,2,56.0119,-3.58784,6,"office","CIVIL SERVANT","EH51",17
37.1343,11217,0,,0,1,37,"United Kingdom","09/05/2010  21:53:43",0,1.27353e+09,0,0,4,55.9303,-3.26419,3,"home","PARENT","EH11",44
19.4734,11218,0,,0,1,34,"United Kingdom","09/05/2010  22:09:11",0,1.27353e+09,0,1,2,55.9763,-3.15489,8,"public","DAY CENTRE OFFICER","EH6 6QN",10
9.46883,11219,0,,0,1,40,"United Kingdom","09/05/2010  22:24:44",0,1.27353e+09,0,0,2,51.4578,-0.973281,17,"unknown","DESIGNER","rg1",3
16.8615,11220,0,,0,1,35,"United Kingdom","09/05/2010  22:26:32",4,1.27353e+09,0,0,2,NaN,NaN,6,"office","PROJECT MANAGER","-",11
44.9609,11221,0,,0,1,40,"United States of America","09/05/2010  22:28:13",0,1.27353e+09,1,0,5,39.8762,-83.0576,14,"teaching","TEACHER","43123",85
13.1897,11222,0,,0,1,41,"United Kingdom","09/05/2010  22:29:18",1,1.27353e+09,0,0,2,NaN,NaN,6,"office","COMPUTER CONSULTANT","-",7
8.70912,11223,0,,0,1,23,"United Kingdom","09/05/2010  22:38:28",0,1.27353e+09,0,1,2,57.1507,-2.10468,13,"student","STUDENT","AB25",16
28.2729,11224,0,,0,1,34,"United Kingdom","09/05/2010  22:43:26",0,1.27353e+09,0,0,4,NaN,NaN,17,"unknown","-","95124",15
7.36934,11225,0,,0,1,29,"United Kingdom","09/05/2010  22:46:03",0,1.27353e+09,0,0,2,NaN,NaN,6,"office","PROJECT MANAGER","-",6
6.09052,11226,0,,0,1,44,"United States of America","09/05/2010  22:51:03",6,1.27353e+09,1,0,1,40.8182,-81.3799,3,"home","DISABLED","481",5
14.241,11227,0,,0,1,58,"Canada","09/05/2010  22:54:23",0,1.27353e+09,1,0,2,NaN,NaN,2,"health","NURSE","-",19
12.9883,11228,0,,0,1,34,"United States of America","09/05/2010  22:57:19",0,1.27353e+09,1,0,3,34.0482,-97.0452,13,"student","STUDENT","77.",7
14.2616,11229,0,,0,1,40,"United States of America","09/05/2010  23:22:03",0,1.27353e+09,1,1,2,47.4431,-122.327,6,"office","TECHNICAL WRITER","98148",28
12.4087,11230,0,,0,1,36,"Australia","09/05/2010  23:31:39",0,1.27353e+09,1,0,2,NaN,NaN,6,"office","BOOKKEEPER","-",4
8.79792,11231,0,,0,1,32,"Germany","09/05/2010  23:41:15",0,1.27353e+09,1,0,1,55.3781,-3.43597,6,"office","EDITOR","-",4
31.5058,11232,0,,0,1,25,"United States of America","10/05/2010  00:02:08",6,1.27354e+09,1,0,3,44.0637,-123.085,16,"unemployed","UNEMPLOYED","97401",10
1.19924,11233,0,,0,1,-1,"United Kingdom","10/05/2010  00:13:54",0,1.27354e+09,0,1,1,55.8455,-4.30268,17,"unknown","WRITING","g41",2
17.6899,11234,0,,0,1,29,"United States of America","10/05/2010  00:49:21",0,1.27354e+09,1,0,1,40.7736,-83.8261,9,"research","UNIVERSITY PROFESSOR","45810",65
9.53097,11235,0,,0,1,46,"United States of America","10/05/2010  00:52:17",0,1.27354e+09,1,1,1,39.9532,-75.175,9,"research","PROFESSOR","19103",9
3.91183,11236,0,,0,1,38,"United States of America","10/05/2010  00:55:15",0,1.27354e+09,1,0,3,43.6321,-116.286,3,"home","STAY AT HOME MOM","83704",4
0.320031,11237,0,,0,1,58,"United States of America","10/05/2010  01:22:09",3,1.27354e+09,1,1,1,42.2129,-83.7305,16,"unemployed","UNEMPLOYED","48108",5
14.0089,11238,0,,0,1,28,"United States of America","10/05/2010  01:32:20",6,1.27354e+09,1,0,2,37.0902,-95.7129,12,"service","RETAIL MANAGER","-",5
25.2079,11239,0,,0,1,37,"United States of America","10/05/2010  01:52:25",0,1.27354e+09,1,0,1,37.5495,-120.781,9,"research","PROFESSOR","95316",60
29.4315,11240,0,,0,1,48,"United States of America","10/05/2010  01:55:30",0,1.27354e+09,1,0,1,33.2566,-91.9942,16,"unemployed","NONE","453",49
11.9996,11241,0,,0,1,34,"United States of America","10/05/2010  06:30:10",0,1.27356e+09,1,0,3,34.2309,-118.124,16,"unemployed","UNEMPLOYED","91001",4
25.1623,11242,0,,0,1,34,"United States of America","10/05/2010  06:42:20",5,1.27356e+09,1,0,3,34.2309,-118.124,16,"unemployed","UNEMPLOYED","91001",59
24.5537,11243,0,,0,1,29,"United Kingdom","10/05/2010  07:33:37",6,1.27356e+09,0,0,2,55.973,-3.22928,3,"home","DISABLED","Eh5",6
15.4915,11244,0,,0,1,63,"United Kingdom","10/05/2010  10:53:01",0,1.27358e+09,0,0,2,53.8835,-1.61559,8,"public","COUNCIL OFFICER","LS16",41
19.8381,11245,0,,0,1,42,"Germany","10/05/2010  11:27:55",0,1.27358e+09,1,0,2,55.3781,-3.43597,6,"office","DATA INTEGRITY ASSISTANT","-",19
21.0069,11246,0,,0,1,29,"United States of America","10/05/2010  13:15:03",0,1.27358e+09,1,0,5,42.3992,-71.1241,6,"office","ADMINISTRATIVE ASSISTANT","02144",66
14.6955,11247,0,,0,1,37,"United States of America","10/05/2010  14:30:00",5,1.27359e+09,1,0,2,40.0389,-82.8748,6,"office","DATABASE ADMINISTRATOR","43230",10
35.7244,11248,0,,0,1,31,"United States of America","10/05/2010  14:33:12",0,1.27359e+09,1,0,3,33.8992,-84.3016,6,"office","OFFICE ADMINISTRATION","30341",33
7.31739,11249,0,,0,1,30,"Ireland","10/05/2010  14:59:23",0,1.27359e+09,1,0,2,55.3781,-3.43597,16,"unemployed","UNEMPLOYED DUE TO LONG-TERM ILLNESS AND DISABILITY","-",1
10.7039,11250,0,,0,1,33,"United Kingdom","10/05/2010  15:22:37",1,1.27359e+09,0,0,1,NaN,NaN,9,"research","LECTURER","-",17
19.0449,11251,0,,0,1,20,"United Kingdom","10/05/2010  16:53:43",1,1.2736e+09,0,0,10,57.1709,-2.11473,13,"student","STUDENT","AB24",46
41.2541,11252,0,,0,1,49,"United Kingdom","10/05/2010  17:08:11",2,1.2736e+09,0,0,2,55.9863,-3.30582,6,"office","RESEARCH ADMINSTRATOR","EH4",39
3.44927,11253,0,,0,1,29,"United Kingdom","10/05/2010  17:36:10",1,1.2736e+09,0,0,2,52.231,0.129554,6,"office","ADMINISTRATOR","CB4",10
22.4856,11254,0,,0,1,41,"United Kingdom","10/05/2010  20:36:50",1,1.27361e+09,0,0,4,54.8024,-1.57594,3,"home","HOMEMAKER","dh1",11
21.135,11255,0,,0,1,63,"United Kingdom","10/05/2010  21:28:57",0,1.27361e+09,0,0,2,53.8835,-1.61559,8,"public","COUNCIL OFFICER","LS16 6DF",43
24.2747,11256,0,,0,1,23,"United Kingdom","11/05/2010  00:52:12",1,1.27363e+09,0,1,2,57.1507,-2.10468,13,"student","STUDENT","AB25",27
17.3079,11257,0,,0,1,23,"United Kingdom","12/05/2010  03:37:20",2,1.27372e+09,0,1,2,57.1507,-2.10468,13,"student","STUDENT","AB25",5
6.09757,11258,0,,0,1,39,"United Kingdom","12/05/2010  08:14:00",2,1.27374e+09,0,1,2,53.1645,-2.25176,9,"research","UNIVERSITY LECTURER","cw12",14
23.1864,11259,0,,0,1,33,"United States of America","12/05/2010  20:29:18",2,1.27378e+09,1,1,1,37.0902,-95.7129,6,"office","SOFTWARE ENGINEER","-",27
4.97406,11260,0,,0,1,23,"United Kingdom","12/05/2010  21:00:06",3,1.27378e+09,0,1,2,57.1507,-2.10468,13,"student","STUDENT","AB25",1
4.63247,11261,0,,0,1,34,"United Kingdom","13/05/2010  12:39:17",4,1.27384e+09,0,0,1,51.6277,0.843483,6,"office","ADMINISTRATOR","CM0",6
16.2008,11262,0,,0,1,56,"United Kingdom","13/05/2010  13:55:14",3,1.27385e+09,0,0,2,59.1392,-2.96994,16,"unemployed","NONE","KW17",3
4.80324,11263,0,,0,1,36,"United Kingdom","13/05/2010  16:35:36",4,1.27385e+09,0,0,5,NaN,NaN,3,"home","PARENT","-",17
29.5219,11264,0,,0,1,49,"United Kingdom","13/05/2010  22:53:47",4,1.27388e+09,0,0,2,51.5228,0.173378,5,"mechanic","ENGINEER","rm13",17
21.6855,11265,0,,0,1,24,"United Kingdom","14/05/2010  08:07:30",1,1.27391e+09,0,0,1,53.4107,-1.51996,14,"teaching","TEACHER","s6",36
10.9551,11266,0,,0,1,25,"United States of America","14/05/2010  09:48:39",3,1.27392e+09,1,0,3,44.0637,-123.085,16,"unemployed","UNEMPLOYED","97401",11
3.96403,11267,0,,0,1,53,"United Kingdom","14/05/2010  11:37:43",4,1.27392e+09,0,0,2,57.6374,-3.31465,3,"home","HOUSEWIFE","iv30",28
21.2837,11268,0,,0,1,27,"United States of America","14/05/2010  14:07:20",4,1.27393e+09,1,0,2,43.1029,-76.1635,13,"student","GRAD STUDENT","48",16
19.3194,11269,0,,0,1,24,"United Kingdom","14/05/2010  16:23:00",1,1.27394e+09,0,0,2,53.4107,-1.51996,6,"office","DATA ENTRY","S6",26
37.9288,11270,0,,0,1,41,"United Kingdom","14/05/2010  19:23:50",5,1.27395e+09,0,0,5,56.7849,-5.32938,8,"public","LIBRARY ASSISTANT","PH33",94
34.1401,11271,0,,0,1,31,"United Kingdom","14/05/2010  19:25:42",4,1.27395e+09,0,0,4,NaN,NaN,14,"teaching","TEACHER","-",39
10.6024,11272,0,,0,1,53,"United Kingdom","15/05/2010  07:16:59",5,1.27399e+09,0,0,2,52.5772,-3.81904,16,"unemployed","NONE","sy20",22
3.17735,11273,0,,0,1,53,"United Kingdom","15/05/2010  07:22:50",4,1.27399e+09,0,0,2,52.5772,-3.81904,16,"unemployed","NONE","sy20 9hr",9
26.0253,11274,0,,0,1,62,"United Kingdom","15/05/2010  08:27:14",0,1.274e+09,0,0,2,51.5952,-0.565005,6,"office","COMMITTEE SECRETARY","SL9",21
37.1202,11275,0,,0,1,48,"United Kingdom","15/05/2010  08:41:51",4,1.274e+09,0,0,2,59.1392,-2.96994,3,"home","HOUSEWIFE","KW17",12
14.418,11276,0,,0,1,32,"United Kingdom","15/05/2010  18:58:04",5,1.27404e+09,0,0,2,52.231,0.129554,9,"research","BIOLOGIST","CB4",4
22.2702,11277,0,,0,1,35,"United Kingdom","15/05/2010  20:13:56",6,1.27404e+09,0,0,4,59.1392,-2.96994,14,"teaching","TEACHER","KW17",8
12.3151,11278,0,,0,1,38,"United Kingdom","16/05/2010  21:04:06",0,1.27413e+09,0,1,2,53.1645,-2.25176,9,"research","UNIVERSITY LECTURER","cw12",17
24.5572,11279,0,,0,1,39,"United Kingdom","16/05/2010  21:54:07",0,1.27413e+09,0,0,4,NaN,NaN,3,"home","HOMEMAKER","-",10
7.72711,11280,0,,0,1,50,"United Kingdom","17/05/2010  11:42:10",0,1.27418e+09,0,0,3,54.6077,-1.04367,3,"home","MOTHER","TS10",4
11.9019,11281,0,,0,1,23,"United Kingdom","17/05/2010  19:39:36",1,1.27421e+09,0,1,2,57.1507,-2.10468,13,"student","STUDENT","AB25",16
24.6616,11282,0,,0,1,19,"United Kingdom","17/05/2010  19:58:15",1,1.27421e+09,0,0,6,57.1709,-2.11473,13,"student","STUDENT","AB24",26
9.2869,11283,0,,0,1,24,"United Kingdom","17/05/2010  23:32:21",1,1.27423e+09,0,1,7,57.1709,-2.11473,13,"student","PHD STUDENT","ab241",12
29.5423,11284,0,,0,1,32,"Canada","18/05/2010  00:37:04",1,1.27423e+09,1,0,3,43.7676,-79.4995,9,"research","PROFESSOR","M3J0C6",57
36.0427,11285,0,,0,1,20,"United Kingdom","18/05/2010  08:52:27",1,1.27426e+09,0,0,10,57.1709,-2.11473,13,"student","STUDENT","AB24",53
21.2042,11286,0,,0,1,31,"United Kingdom","18/05/2010  09:39:14",1,1.27426e+09,0,1,2,52.4173,-1.58478,9,"research","EPIDEMIOLOGIST","CV5",14
24.3143,11287,0,,0,1,23,"United Kingdom","18/05/2010  09:53:59",6,1.27426e+09,0,0,6,50.8234,-0.15331,13,"student","STUDENT","bn1",23
3.42309,11288,0,,0,1,36,"United Kingdom","18/05/2010  09:55:37",2,1.27426e+09,0,1,1,51.7967,-0.19888,6,"office","AUDIT MANAGER","AL7",5
34.6172,11289,0,,0,1,37,"United Kingdom","18/05/2010  09:56:54",1,1.27426e+09,0,1,2,52.4173,-1.58478,9,"research","MATHEMATICIAN","CV5",13
10.0247,11290,0,,0,1,28,"United Kingdom","18/05/2010  09:58:27",1,1.27426e+09,0,0,2,52.1964,0.150489,9,"research","ACADEMIC","CB1",9
15.4764,11291,0,,0,1,40,"United Kingdom","18/05/2010  10:04:42",1,1.27426e+09,0,0,4,51.6784,-2.35313,3,"home","MOTHER","Gl11",24
6.25568,11292,0,,0,1,35,"United Kingdom","18/05/2010  10:11:20",1,1.27426e+09,0,1,3,52.231,0.129554,13,"student","STUDENT","CB4",5
18.2245,11293,0,,0,1,26,"United Kingdom","18/05/2010  10:12:25",2,1.27426e+09,0,0,3,NaN,NaN,9,"research","ACADEMIC RESEARCH","-",22
13.8541,11294,0,,0,1,31,"United Kingdom","18/05/2010  10:26:17",2,1.27426e+09,0,1,2,52.4849,-1.51038,6,"office","STATISTICIAN","CV12",22
4.81858,11295,0,,0,1,42,"United Kingdom","18/05/2010  10:30:26",1,1.27427e+09,0,0,2,52.231,0.129554,17,"unknown","SELF-EMPLOYED","CB4",4
11.0611,11296,0,,0,1,29,"United Kingdom","18/05/2010  10:31:43",0,1.27427e+09,0,0,1,51.5636,-0.136793,13,"student","STUDENT","n19",5
5.31826,11297,0,,0,1,32,"United Kingdom","18/05/2010  10:39:40",1,1.27427e+09,0,1,3,51.5978,-0.125164,6,"office","LEGAL CONSULTANT","N22",14
25.3717,11298,0,,0,1,31,"United Kingdom","18/05/2010  10:48:48",0,1.27427e+09,0,0,1,52.9851,-2.20808,9,"research","UNIVERSITY LECTURER","ST4",51
21.7191,11299,0,,0,1,25,"United Kingdom","18/05/2010  11:04:39",1,1.27427e+09,0,0,2,51.4484,-2.59056,13,"student","STUDENT","bs1",48
31.0491,11300,0,,0,1,52,"United Kingdom","18/05/2010  11:10:58",1,1.27427e+09,0,1,2,52.4173,-1.58478,17,"unknown","ORDINAND","cv5 8ny",79
25.5656,11301,0,,0,1,24,"United Kingdom","18/05/2010  11:19:45",0,1.27427e+09,0,0,5,53.8214,-1.58892,13,"student","STUDENT","LS6",37
18.3296,11302,0,,0,1,46,"New Zealand","18/05/2010  11:29:39",2,1.27427e+09,1,0,2,-40.9006,174.886,9,"research","UNIVERSITY TUTOR","4180",31
12.7027,11303,0,,0,1,26,"United Kingdom","18/05/2010  11:33:35",1,1.27427e+09,0,0,2,52.1964,0.150489,13,"student","STUDENT","CB1",11
18.9234,11304,0,,0,1,16,"New Zealand","18/05/2010  11:41:57",2,1.27427e+09,1,1,4,NaN,NaN,11,"schoolchild","STUDENT","-",22
7.30625,11305,0,,0,1,24,"United Kingdom","18/05/2010  11:42:43",0,1.27427e+09,0,0,4,51.5321,-0.0543153,13,"student","PHD STUDENT","E2",16
10.6202,11306,0,,0,1,40,"United Kingdom","18/05/2010  11:56:20",6,1.27427e+09,0,1,1,51.508,-0.304399,12,"service","MUSEUM DEVELOPMENT OFFICER","W5",9
8.85862,11307,0,,0,1,36,"United States of America","18/05/2010  12:19:52",1,1.27427e+09,1,0,2,NaN,NaN,5,"mechanic","ELECTRICIAN","-",7
10.3904,11308,0,,0,1,29,"Ireland","18/05/2010  12:55:46",1,1.27427e+09,1,0,1,NaN,NaN,17,"unknown","-","-",3
7.22914,11309,0,,0,1,23,"Australia","18/05/2010  12:56:24",1,1.27427e+09,1,0,3,NaN,NaN,6,"office","ARCHITECT","-",3
13.5911,11310,0,,0,1,29,"United Kingdom","18/05/2010  13:04:07",1,1.27427e+09,0,0,2,51.4979,-0.0865339,9,"research","SOCIAL RESEARCHER","se1",12
3.68235,11311,0,,0,1,28,"United Kingdom","18/05/2010  13:14:44",6,1.27427e+09,0,0,1,52.4173,-1.58478,16,"unemployed","UNEMPLOYED","CV5",2
23.3899,11312,0,,0,1,27,"United Kingdom","18/05/2010  13:23:42",1,1.27428e+09,0,0,2,51.5269,-2.54379,6,"office","ADMINISTRATOR","BS32",18
14.2274,11313,0,,0,1,30,"United Kingdom","18/05/2010  14:33:47",2,1.27428e+09,0,0,1,51.7594,-0.341404,6,"office","ACCOUNTANT","AL3",28
39.6779,11314,0,,0,1,46,"United Kingdom","18/05/2010  16:43:31",1,1.27429e+09,0,0,4,NaN,NaN,6,"office","CIVIL SERVANT","-",90
40.0163,11315,0,,0,1,27,"United Kingdom","18/05/2010  16:50:05",2,1.27429e+09,0,0,5,54.3695,-4.50257,14,"teaching","LEARNING SUPPORT ASSISTANT","B13",30
25.6337,11316,0,,0,1,27,"United Kingdom","18/05/2010  17:39:21",1,1.27429e+09,0,0,2,51.4397,-0.333095,6,"office","CIVIL SERVANT","TW1",20
2.76188,11317,0,,0,1,27,"United Kingdom","18/05/2010  17:43:46",2,1.27429e+09,0,0,2,51.4397,-0.333095,6,"office","CIVIL SERVANT","TW1",5
8.94661,11318,0,,0,1,26,"United Kingdom","18/05/2010  18:17:29",2,1.27429e+09,0,0,3,52.3908,-1.57702,13,"student","STUDENT","CV4",9
29.9535,11319,0,,0,1,19,"United Kingdom","18/05/2010  18:32:30",2,1.27429e+09,0,0,8,53.2003,-4.13502,13,"student","STUDENT","LL57",55
15.6959,11320,0,,0,1,28,"United Kingdom","18/05/2010  18:44:04",2,1.27429e+09,0,1,2,52.231,0.129554,6,"office","OFFICE WORKER","CB4",10
5.48947,11321,0,,0,1,31,"United Kingdom","18/05/2010  20:07:01",2,1.2743e+09,0,0,1,52.9851,-2.20808,9,"research","UNIVERSITY LECTURER","ST4",32
19.8353,11322,0,,0,1,38,"United States of America","18/05/2010  20:18:30",4,1.2743e+09,1,0,3,NaN,NaN,6,"office","LAWYER","-",12
18.2944,11323,0,,0,1,38,"United Kingdom","18/05/2010  20:20:51",1,1.2743e+09,0,0,2,51.3486,-0.924151,12,"service","SALES","rg27",10
14.1589,11324,0,,0,1,31,"United Kingdom","18/05/2010  20:22:54",2,1.2743e+09,0,1,5,52.9483,-2.31156,13,"student","STUDENT","ST5",25
36.5299,11325,0,,0,1,33,"United Kingdom","18/05/2010  21:02:58",2,1.2743e+09,0,0,4,51.5439,0.0205533,12,"service","SALES MANAGER","E7",47
29.9891,11326,0,,0,1,30,"United Kingdom","18/05/2010  21:12:55",2,1.2743e+09,0,1,2,51.4598,-0.0497801,13,"student","MEDICAL STUDENT","SE15",42
27.7325,11327,0,,0,1,63,"Canada","18/05/2010  21:25:20",5,1.2743e+09,1,0,1,45.4152,-75.7293,2,"health","REGISTERED NURSE","K1Y",7
8.01518,11328,0,,0,1,29,"United Kingdom","18/05/2010  21:48:53",2,1.27431e+09,0,1,1,NaN,NaN,5,"mechanic","ENGINEER","-",6
13.5807,11329,0,,0,1,24,"United Kingdom","18/05/2010  22:13:50",3,1.27431e+09,0,1,4,51.5921,0.657255,14,"teaching","TEACHER","ss5",135
21.1844,11330,0,,0,1,32,"United Kingdom","18/05/2010  23:35:29",2,1.27431e+09,0,1,2,52.231,0.129554,6,"office","SOFTWARE PROGRAMMER","CB4",15
6.38126,11331,0,,0,1,26,"United Kingdom","18/05/2010  23:46:30",2,1.27431e+09,0,1,1,52.9483,-2.31156,9,"research","RESEARCH SCIENTIST","ST5",11
22.0411,11332,0,,0,1,46,"New Zealand","19/05/2010  00:12:06",3,1.27431e+09,1,0,2,-40.9006,174.886,9,"research","UNIVERSITY TUTOR","4180",38
22.2867,11333,0,,0,1,62,"United Kingdom","19/05/2010  07:58:15",2,1.27434e+09,0,1,2,51.5006,-3.19341,10,"retired","RETIRED","CF14",43
9.32132,11334,0,,0,1,31,"United Kingdom","19/05/2010  08:48:49",2,1.27435e+09,0,1,2,51.5398,-0.192635,9,"research","SCIENTIST","NW6",14
14.6223,11335,0,,0,1,47,"United Kingdom","19/05/2010  08:56:33",2,1.27435e+09,0,0,3,NaN,NaN,3,"home","MOTHER","-",5
36.7285,11336,0,,0,1,30,"United Kingdom","19/05/2010  11:32:03",4,1.27436e+09,0,0,2,55.8946,-4.37183,17,"unknown","CHARITY WORKER","G13",28
11.2532,11337,0,,0,1,29,"United Kingdom","19/05/2010  11:44:08",2,1.27436e+09,0,0,2,NaN,NaN,13,"student","STUDENT","-",4
19.3311,11338,0,,0,1,25,"United Kingdom","19/05/2010  12:17:43",2,1.27436e+09,0,0,1,51.612,-0.268533,9,"research","SCIENTIST","HA8",9
23.7559,11339,0,,0,1,27,"United Kingdom","19/05/2010  12:46:56",2,1.27436e+09,0,0,1,51.4397,-0.333095,6,"office","ADMINISTRATOR","TW1",98
8.6322,11340,0,,0,1,32,"United Kingdom","19/05/2010  13:05:07",2,1.27436e+09,0,1,3,51.5978,-0.125164,6,"office","LEGAL CONSULTANT","N22",12
10.8871,11341,0,,0,1,29,"United Kingdom","19/05/2010  14:00:50",2,1.27436e+09,0,0,3,NaN,NaN,3,"home","HOUSEWIFE","-",8
16.0745,11342,0,,0,1,23,"United Kingdom","19/05/2010  20:48:22",3,1.27439e+09,0,1,2,57.1507,-2.10468,13,"student","STUDENT","AB25",18
36.3882,11343,0,,0,1,24,"United Kingdom","19/05/2010  21:53:04",2,1.27439e+09,0,1,7,57.1709,-2.11473,13,"student","PHD STUDENT","ab241",37
8.62885,11344,0,,0,1,61,"United Kingdom","19/05/2010  23:24:17",3,1.2744e+09,0,0,2,53.7487,-2.3767,10,"retired","RETIRED","bb5",11
17.1476,11345,0,,0,1,38,"United States of America","20/05/2010  04:49:21",3,1.27442e+09,1,0,4,37.0902,-95.7129,6,"office","TECH SUPPORT ENGINEER","-",20
25.7477,11346,0,,0,1,46,"United Kingdom","20/05/2010  11:46:01",5,1.27444e+09,0,0,2,52.245,-0.891521,1,"entertain","ASSISTANT PRODUCER","NN1",13
36.0918,11347,0,,0,1,24,"United Kingdom","20/05/2010  14:25:41",2,1.27445e+09,0,0,4,53.3672,-2.22591,2,"health","MEDICAL TECHNICAL OFFICER","sk8",25
16.6598,11348,0,,0,1,24,"United Kingdom","21/05/2010  01:29:37",4,1.27449e+09,0,1,7,57.1709,-2.11473,13,"student","PHD STUDENT","ab241",29
5.16049,11349,0,,0,1,38,"United Kingdom","21/05/2010  20:45:41",4,1.27456e+09,0,0,2,52.0816,0.453999,6,"office","IT","CB",10
0.595575,11350,0,,0,1,24,"United Kingdom","21/05/2010  22:58:45",5,1.27457e+09,0,1,7,57.1709,-2.11473,13,"student","PHD STUDENT","ab241",6
2.9896,11351,0,,0,1,62,"United Kingdom","22/05/2010  09:10:39",5,1.27461e+09,0,1,2,51.5006,-3.19341,10,"retired","RETIRED","CF14",16
19.1877,11352,0,,0,1,24,"United Kingdom","22/05/2010  22:58:07",6,1.27466e+09,0,1,7,57.1709,-2.11473,13,"student","PHD STUDENT","ab241",19
18.6567,11353,0,,0,1,49,"Argentina","22/05/2010  23:12:50",6,1.27466e+09,1,0,1,55.3781,-3.43597,17,"unknown","-","-",15
22.3144,11354,0,,0,1,43,"United Kingdom","25/05/2010  15:40:53",1,1.27489e+09,0,0,5,51.4578,-0.973281,3,"home","HOUSEWIFE","rg1",9
12.4094,11355,0,,0,1,23,"United Kingdom","25/05/2010  23:35:32",2,1.27492e+09,0,1,2,57.1507,-2.10468,13,"student","STUDENT","AB25",13
0.156142,11356,0,,0,1,25,"United States of America","26/05/2010  06:14:49",2,1.27494e+09,1,0,3,37.0902,-95.7129,3,"home","HOME MAKER","-",2
9.30018,11357,0,,0,1,49,"United Kingdom","26/05/2010  16:43:28",2,1.27498e+09,0,1,3,52.3147,-1.48869,9,"research","PROFESSOR","CV32",8
37.1064,11358,0,,0,1,23,"United Kingdom","27/05/2010  10:38:30",3,1.27504e+09,0,1,2,57.1507,-2.10468,13,"student","STUDENT","AB25",37
9.49747,11359,0,,0,1,24,"United Kingdom","27/05/2010  23:25:51",4,1.27509e+09,0,1,7,57.1709,-2.11473,13,"student","PHD STUDENT","ab241",18
27.7326,11360,0,,0,1,23,"United Kingdom","27/05/2010  23:45:32",4,1.27509e+09,0,1,2,57.1507,-2.10468,13,"student","STUDENT","AB25",25
7.72366,11361,0,,0,1,24,"United Kingdom","28/05/2010  23:15:34",5,1.27517e+09,0,1,7,57.1709,-2.11473,13,"student","PHD STUDENT","ab241",36
10.4097,11362,0,,0,1,39,"United Kingdom","03/06/2010  07:33:27",3,1.27564e+09,0,1,2,53.1645,-2.25176,9,"research","UNIVERSITY LECTURER","cw12",20
41.4159,11363,0,,0,1,20,"United Kingdom","04/06/2010  11:20:57",4,1.27574e+09,0,0,10,57.1709,-2.11473,13,"student","STUDENT","AB24",74
15.5575,11364,0,,0,1,25,"United Kingdom","07/06/2010  21:21:36",1,1.27603e+09,0,0,2,51.5192,-0.16476,13,"student","STUDENT","w1h",14
0.254732,11365,0,,0,1,33,"United Kingdom","08/06/2010  12:19:15",2,1.27609e+09,0,0,1,NaN,NaN,6,"office","OFFICE WORKER","-",1
2.62663,11366,0,,0,1,29,"Sweden","09/06/2010  20:44:08",3,1.2762e+09,1,1,3,38.9023,-77.0586,13,"student","STUDENT","-",10
10.2267,11367,0,,0,1,34,"United States of America","09/06/2010  20:49:45",3,1.2762e+09,1,0,3,26.5545,-81.8989,3,"home","STAY AT HOME MOTHER","33919",6
16.155,11368,0,,0,1,39,"United Kingdom","13/06/2010  09:07:25",4,1.27651e+09,0,1,3,52.4005,-1.52463,9,"research","ACADEMIC / PROFESSOR","CV5",24
30.1065,11369,0,,0,1,34,"United Kingdom","14/06/2010  19:11:30",5,1.27663e+09,0,0,2,NaN,NaN,9,"research","SCIENTIST","nw1",13
22.9312,11370,0,,0,1,38,"United Kingdom","16/06/2010  12:45:48",2,1.27678e+09,0,0,4,NaN,NaN,9,"research","BIOREACTOR TECHNICIAN","bs37",6
41.5258,11371,0,,0,1,23,"United Kingdom","19/06/2010  09:20:57",5,1.27703e+09,0,1,3,52.5857,-2.12441,13,"student","STUDENT","ZE3",124
23.5074,11372,0,,0,1,21,"United Kingdom","19/06/2010  10:43:29",5,1.27703e+09,0,0,2,55.9649,-3.19145,13,"student","STUDENT","EH7",19
27.47,11373,0,,0,1,39,"United Kingdom","19/06/2010  12:15:00",4,1.27704e+09,0,0,2,52.4166,-1.87136,17,"unknown","POLICY ADVISER","B14",10
35.7996,11374,0,,0,1,20,"United Kingdom","19/06/2010  21:34:49",6,1.27707e+09,0,0,3,53.6804,-1.71057,13,"student","STUDENT","WF14",97
13.9185,11375,0,,0,1,19,"Canada","21/06/2010  21:39:01",0,1.27724e+09,1,0,3,56.1304,-106.347,13,"student","STUDENT","-",11
22.3124,11376,0,,0,1,23,"United Kingdom","27/06/2010  08:06:27",6,1.27771e+09,0,1,3,59.8809,-1.2987,13,"student","STUDENT","ZE3",37
23.7909,11377,0,,0,1,20,"United Kingdom","27/06/2010  16:12:19",0,1.27774e+09,0,0,3,53.6854,-1.67842,13,"student","STUDENT","WF14",37
3.97159,11378,0,,0,1,29,"United States of America","30/06/2010  04:52:27",2,1.27796e+09,1,-1,2,45.5162,-122.598,9,"research","RESEARCH ASSISTANT","97215",11
19.0664,11379,0,,0,1,17,"United Kingdom","02/07/2010  15:42:12",4,1.27817e+09,0,0,4,52.231,0.129554,13,"student","STUDENT","CB4",12
6.99072,11380,0,,0,1,36,"United Kingdom","04/07/2010  10:58:46",4,1.27833e+09,0,0,4,52.045,1.18734,3,"home","MUM","ip3",2
20.6086,11381,0,,0,1,8,"United Kingdom","04/07/2010  12:24:46",5,1.27833e+09,0,0,3,51.4512,-0.201526,7,"preschool","CHILD","SW18",53
20.9462,11382,0,,0,1,3,"United Kingdom","04/07/2010  19:41:29",0,1.27836e+09,0,0,3,NaN,NaN,17,"unknown","-","-",16
28.8843,11383,0,,0,1,4,"United Kingdom","05/07/2010  07:07:44",0,1.2784e+09,0,0,3,NaN,NaN,16,"unemployed","NONE","BL1",49
21.9025,11384,0,,0,1,30,"United Kingdom","05/07/2010  10:31:43",0,1.27841e+09,0,0,2,51.5578,-0.106093,9,"research","SCIENTIST","N5",11
15.7108,11385,0,,0,1,47,"United Kingdom","05/07/2010  14:32:58",4,1.27843e+09,0,0,4,53.492,-2.48362,3,"home","HOUSE WIFE","wn7",5
39.3402,11386,0,,0,1,11,"United Kingdom","06/07/2010  21:25:06",2,1.27854e+09,0,0,4,52.5899,-2.17901,17,"unknown","-","WV6",68
26.4849,11387,0,,0,1,25,"United Kingdom","07/07/2010  12:45:39",2,1.27859e+09,0,0,2,51.5093,-0.261926,9,"research","SCIENTIST","W3",11
15.178,11388,0,,0,1,49,"United States of America","08/07/2010  12:41:51",3,1.27868e+09,1,0,2,42.3031,-71.1181,6,"office","ADMINISTRATOR","02130",22
20.565,11389,0,,0,1,4,"United Kingdom","12/07/2010  00:18:27",0,1.27898e+09,0,0,4,51.7672,-1.23439,16,"unemployed","N/A","OX3",10
20.9644,11390,0,,0,1,10,"United Kingdom","12/07/2010  00:23:00",0,1.27898e+09,0,0,4,51.7555,-1.22007,16,"unemployed","N/A","OX3",11
14.4873,11391,0,,0,1,37,"United Kingdom","14/07/2010  19:35:48",2,1.27922e+09,0,0,4,53.284,-3.06267,9,"research","LECTURER","CH64",26
35.6407,11392,0,,0,1,49,"United Kingdom","14/07/2010  21:54:28",3,1.27923e+09,0,0,5,NaN,NaN,9,"research","RESEARCH SCIENTIST","eh10",62
26.9278,11393,0,,0,1,40,"United Kingdom","14/07/2010  22:15:22",3,1.27923e+09,0,0,6,55.8659,-4.26722,3,"home","HOUSEWIFE","AB",19
31.0108,11394,0,,0,1,36,"United Kingdom","20/07/2010  18:16:54",2,1.27974e+09,0,1,2,53.5369,-1.34084,16,"unemployed","UNEMPLOYED","S72",9
0.168189,11395,0,,0,1,33,"United States of America","24/07/2010  10:55:31",5,1.28006e+09,1,0,2,44.1366,-123.065,6,"office","WEB DEVELOPER","97408",1
20.7754,11396,0,,0,1,32,"United Kingdom","30/07/2010  15:53:46",5,1.28059e+09,0,0,2,NaN,NaN,2,"health","NURSE","-",5
17.5926,11397,0,,0,1,32,"United Kingdom","31/07/2010  21:35:05",6,1.2807e+09,0,0,2,51.4047,-0.0627655,2,"health","NURSE","SE20",16
6.07012,11398,0,,0,1,40,"United Kingdom","08/08/2010  08:23:46",5,1.28134e+09,0,1,3,52.4207,-1.57756,9,"research","PROFESSOR","CV5 7QH",11
14.3824,11399,0,,0,1,40,"United Kingdom","08/08/2010  08:28:12",6,1.28134e+09,0,1,3,52.4207,-1.57756,9,"research","PROFESSOR","CV5 7QH",6
5.44788,11400,0,,0,1,39,"United Kingdom","08/08/2010  09:38:10",6,1.28135e+09,0,1,2,52.3732,-1.25149,17,"unknown","COMMUNICATIONS SPECIALIST","CV21",1
23.1867,11401,0,,0,1,28,"United Kingdom","09/08/2010  13:42:58",6,1.28145e+09,0,0,2,57.1573,-2.1036,13,"student","STUDENT","AB24",36
22.8991,11402,0,,0,1,28,"United Kingdom","09/08/2010  13:49:19",1,1.28145e+09,0,0,2,NaN,NaN,13,"student","STUDENT","AB24",10
3.33434,11403,0,,0,1,28,"United Kingdom","09/08/2010  13:51:58",5,1.28145e+09,0,0,2,57.1675,-2.09352,13,"student","STUDENT","AB24",4
14.9149,11404,0,,0,1,32,"United Kingdom","20/08/2010  11:03:20",4,1.28239e+09,0,0,4,NaN,NaN,17,"unknown","-","-",6
17.883,11405,0,,0,1,27,"China","27/08/2010  02:40:20",4,1.28296e+09,1,1,3,35.8617,104.195,13,"student","GRADUATE STUDENT","-",17
14.0724,11406,0,,0,1,25,"Czech Republic","28/08/2010  21:30:19",6,1.28312e+09,1,1,4,49.8175,15.473,13,"student","PHD STUDENT","-",15
31.8046,11407,0,,0,1,51,"United Kingdom","02/09/2010  10:36:16",3,1.28351e+09,0,0,2,51.4089,-2.25034,14,"teaching","TEACHER","SN13",46
37.3835,11408,0,,0,1,32,"United Kingdom","02/09/2010  11:23:00",2,1.28351e+09,0,0,2,51.4124,-0.0737548,6,"office","LAWYER","SE19",15
7.761,11409,0,,0,1,35,"United Kingdom","02/09/2010  12:27:40",3,1.28352e+09,0,1,2,50.9132,-1.27597,6,"office","SOFTWARE ENGINEER","SO30",12
32.2123,11410,0,,0,1,40,"United Kingdom","02/09/2010  12:43:24",6,1.28352e+09,0,1,4,51.0148,-3.83524,6,"office","DIRECTOR","EX36",42
42.0049,11411,0,,0,1,39,"United Kingdom","02/09/2010  12:54:49",3,1.28352e+09,0,1,5,3.87687,11.5168,6,"office","BANKER","CM",95
7.57665,11412,0,,0,1,63,"United Kingdom","02/09/2010  13:44:01",3,1.28352e+09,0,0,3,NaN,NaN,10,"retired","RETIRED TEACHER","OX11",11
13.4237,11413,0,,0,1,28,"United Kingdom","02/09/2010  14:24:35",4,1.28352e+09,0,0,2,NaN,NaN,13,"student","STUDENT","SW17",18
32.3764,11414,0,,0,1,26,"United Kingdom","02/09/2010  15:14:20",4,1.28353e+09,0,0,4,52.6051,-2.09774,14,"teaching","SUPPLY TEACHER","wv10",44
18.6099,11415,0,,0,1,34,"United Kingdom","02/09/2010  15:39:17",3,1.28353e+09,0,1,2,51.4276,-0.0495121,6,"office","TECHNOLOGY CONSULTANT","SE26",20
11.148,11416,0,,0,1,42,"United Kingdom","02/09/2010  16:53:41",3,1.28353e+09,0,0,6,51.2707,-2.12248,14,"teaching","MONTESSORI PRE-SCHOOL TEACHER","BA13",41
30.484,11417,0,,0,1,21,"United Kingdom","02/09/2010  17:06:11",2,1.28353e+09,0,0,4,52.7557,-1.23263,13,"student","STUDENT","le11",8
20.2568,11418,0,,0,1,21,"United Kingdom","02/09/2010  17:26:54",3,1.28353e+09,0,0,3,NaN,NaN,13,"student","STUDENT","-",25
21.1684,11419,0,,0,1,32,"United Kingdom","02/09/2010  17:47:19",3,1.28354e+09,0,0,1,55.9112,-3.26432,14,"teaching","PRIMARY TEACHER","eh13",39
38.0433,11420,0,,0,1,46,"United Kingdom","02/09/2010  18:18:56",4,1.28354e+09,0,0,4,51.3218,-0.616599,14,"teaching","TEACHER","GU21",22
14.6131,11421,0,,0,1,60,"United Kingdom","02/09/2010  19:10:36",4,1.28354e+09,0,0,2,52.3435,-2.29774,14,"teaching","TEACHER","DY13",12
22.1969,11422,0,,0,1,68,"United Kingdom","02/09/2010  19:29:34",4,1.28354e+09,0,0,2,52.4167,-1.56022,10,"retired","RETIRED TEACHER","CV5",22
9.42908,11423,0,,0,1,33,"United Kingdom","02/09/2010  19:42:14",3,1.28354e+09,0,0,3,51.2458,0.0034249,3,"home","HOUSEWIFE","RH8",9
18.8259,11424,0,,0,1,35,"United Kingdom","02/09/2010  19:46:14",4,1.28354e+09,0,0,4,NaN,NaN,9,"research","ACADEMIC","AL5",26
10.9773,11425,0,,0,1,29,"United Kingdom","02/09/2010  20:01:16",4,1.28354e+09,0,1,3,NaN,NaN,6,"office","SOFTWARE ENGINEER","IG10",12
41.0037,11426,0,,0,1,37,"United Kingdom","02/09/2010  20:56:36",3,1.28355e+09,0,0,4,51.419,-0.185935,6,"office","COMMUNICATIONS MANAGER","SW19",117
1.83582,11427,0,,0,1,28,"United Kingdom","02/09/2010  20:56:46",4,1.28355e+09,0,0,3,51.4963,-0.0847697,13,"student","STUDENT","SE1",3
18.2882,11428,0,,0,1,30,"United Kingdom","02/09/2010  21:36:58",4,1.28355e+09,0,0,2,51.4625,-0.175011,9,"research","SCIENTIST","sw11",10
18.2844,11429,0,,0,1,24,"United Kingdom","02/09/2010  21:52:01",3,1.28355e+09,0,0,2,52.9366,-1.20915,12,"service","CUSTOMER SERVICE ADVISOR","NG9 2SX",6
16.9163,11430,0,,0,1,43,"United Kingdom","02/09/2010  22:14:04",4,1.28355e+09,0,0,3,53.4372,-2.20585,9,"research","LECTURER","m19",9
22.1888,11431,0,,0,1,26,"United Kingdom","02/09/2010  23:03:41",5,1.28356e+09,0,0,3,51.5559,-0.216626,6,"office","ADMINISTATIVE ASSISTANT","Nw2",6
15.1916,11432,0,,0,1,23,"United Kingdom","03/09/2010  00:15:55",5,1.28356e+09,0,0,3,55.9164,-3.23041,17,"unknown","ASISSTANT MANAGER","EH10",51
18.5286,11433,0,,0,1,21,"United Kingdom","03/09/2010  01:15:26",5,1.28356e+09,0,0,5,51.5629,-0.0011073,6,"office","ACCOUNTANT","E11",8
21.6433,11434,0,,0,1,22,"United Kingdom","03/09/2010  06:13:44",4,1.28358e+09,0,0,2,51.7446,-1.22318,12,"service","SPECIAL NEEDS NANNY","OX4",4
13.6806,11435,0,,0,1,37,"United Kingdom","03/09/2010  09:21:52",4,1.28359e+09,0,0,5,52.6758,0.157367,3,"home","HOMEMAKER","pe13",13
7.98181,11436,0,,0,1,27,"United Kingdom","03/09/2010  09:29:25",4,1.28359e+09,0,0,5,NaN,NaN,6,"office","EDITOR","KT19",12
20.2197,11437,0,,0,1,39,"United Kingdom","03/09/2010  09:37:36",4,1.28359e+09,0,0,1,53.6643,-2.94942,6,"office","MARKETING MANAGER","Pr99dp",8
10.4392,11438,0,,0,1,46,"United Kingdom","03/09/2010  11:02:13",5,1.2836e+09,0,0,2,52.4088,-1.88129,2,"health","THERAPIST","b14",8
42.1604,11439,0,,0,1,37,"United Kingdom","03/09/2010  11:08:35",4,1.2836e+09,0,0,4,51.3098,-0.117427,3,"home","HOUSEWIFE","cr5",17
7.89052,11440,0,,0,1,28,"United Kingdom","03/09/2010  14:08:23",5,1.28361e+09,0,0,2,51.4519,-0.174959,17,"unknown","JOURNALISM","sw18",2
10.4083,11441,0,,0,1,22,"United Kingdom","03/09/2010  15:13:00",5,1.28361e+09,0,0,3,52.6243,-2.1293,13,"student","STUDENT","wv10",3
7.52765,11442,0,,0,1,52,"United Kingdom","03/09/2010  15:22:21",4,1.28361e+09,0,1,3,51.7514,-0.342108,6,"office","MANAGEMENT CONSULTANT","AL3",7
22.8031,11443,0,,0,1,31,"United Kingdom","03/09/2010  15:43:56",4,1.28362e+09,0,0,5,51.7494,-1.20521,9,"research","SCIENTIST","OX3",16
17.1883,11444,0,,0,1,31,"United Kingdom","03/09/2010  16:27:25",5,1.28362e+09,0,0,1,51.5211,-0.561966,17,"unknown","CHILDCARE OFFICER","sl3 6au",17
30.3932,11445,0,,0,1,22,"United Kingdom","03/09/2010  18:52:47",5,1.28363e+09,0,0,6,51.0123,-3.95045,12,"service","CONSERVATION ASSISTANT / SALES ASSISTANT","EX37",329
10.5251,11446,0,,0,1,66,"United Kingdom","03/09/2010  19:40:43",5,1.28363e+09,0,0,2,53.733,-0.561754,10,"retired","RETIRED","hu15",11
20.9961,11447,0,,0,1,21,"United Kingdom","03/09/2010  19:52:18",5,1.28363e+09,0,0,4,NaN,NaN,13,"student","STUDENT","OL16",10
17.3853,11448,0,,0,1,43,"United Kingdom","03/09/2010  21:34:09",4,1.28364e+09,0,1,1,NaN,NaN,6,"office","TAX ADVISER","-",54
22.5804,11449,0,,0,1,61,"United Kingdom","04/09/2010  13:55:08",5,1.28369e+09,0,0,2,52.4282,-1.568,9,"research","UNIVERSITY LECTURER","CV5",21
21.3777,11450,0,,0,1,35,"United Kingdom","04/09/2010  22:06:56",6,1.28372e+09,0,1,1,NaN,NaN,6,"office","ANALYST PROGRAMMER","-",8
26.7748,11451,0,,0,1,41,"United Kingdom","05/09/2010  08:59:40",3,1.28376e+09,0,0,1,52.0493,-0.778199,9,"research","RESEARCHER","MK13",23
34.0646,11452,0,,0,1,28,"United Kingdom","05/09/2010  09:10:09",6,1.28376e+09,0,0,2,51.4257,-2.54336,8,"public","LOCAL GOVERNMENT OFFICER","BS4",57
29.2739,11453,0,,0,1,27,"United Kingdom","05/09/2010  09:50:14",6,1.28377e+09,0,0,2,50.7645,-2.01635,6,"office","OPERATIONS ADMINISTRATOR","BH21",10
10.3946,11454,0,,0,1,26,"Greece","05/09/2010  10:40:14",5,1.28377e+09,1,0,2,39.0742,21.8243,17,"unknown","FREELANCER CONSULTANT","-",15
15.806,11455,0,,0,1,23,"United Kingdom","05/09/2010  12:13:31",5,1.28378e+09,0,0,2,51.5103,-0.0694126,12,"service","EVENT COORDINATOR","E1",3
1.52315,11456,0,,0,1,62,"United Kingdom","05/09/2010  18:20:53",0,1.2838e+09,0,0,1,51.8952,-2.08558,10,"retired","RETIRED","GL50",8
16.5858,11457,0,,0,1,25,"United Kingdom","05/09/2010  21:39:46",0,1.28381e+09,0,0,2,52.2415,0.394507,9,"research","SCIENTIST","cb8",5
6.65714,11458,0,,0,1,57,"United Kingdom","06/09/2010  10:42:14",0,1.28386e+09,0,0,3,NaN,NaN,6,"office","FINANCIAL ADVISER","RH20 4HJ",2
25.1759,11459,0,,0,1,49,"United Kingdom","06/09/2010  12:21:23",0,1.28386e+09,0,0,5,NaN,NaN,14,"teaching","TEACHER","-",14
31.2693,11460,0,,0,1,47,"United Kingdom","06/09/2010  18:55:40",1,1.28389e+09,0,0,2,NaN,NaN,14,"teaching","TEACHING ASSISTANT","-",14
16.0933,11461,0,,0,1,27,"United Kingdom","07/09/2010  13:09:38",1,1.28395e+09,0,0,3,52.4446,-1.90017,2,"health","DOCTOR","b13",20
13.8836,11462,0,,0,1,34,"United Kingdom","07/09/2010  18:18:11",2,1.28397e+09,0,1,1,51.4541,-0.942105,6,"office","COMMERCIAL MANAGER","RG1",17
13.9855,11463,0,,0,1,30,"United Kingdom","07/09/2010  22:27:42",2,1.28398e+09,0,0,3,51.7851,-1.2654,6,"office","SENIOR EDITOR","OX2",19
3.43028,11464,0,,0,1,40,"United Kingdom","07/09/2010  22:50:13",2,1.28399e+09,0,0,2,51.4249,-0.136563,13,"student","PHD STUDENT","SW16",4
39.3592,11465,0,,0,1,26,"United Kingdom","08/09/2010  07:57:21",5,1.28402e+09,0,0,2,51.8223,-1.2865,9,"research","RESEARCH SCIENTIST","OX5",62
14.7978,11466,0,,0,1,31,"United Kingdom","08/09/2010  12:31:28",3,1.28404e+09,0,0,2,52.4805,1.2309,6,"office","COMPUTER PROGRAMMER","NR15",22
25.968,11467,0,,0,1,25,"United Kingdom","08/09/2010  13:29:50",1,1.28404e+09,0,0,2,52.9304,-1.21734,13,"student","POSTGRADUATE STUDENT","NG9",19
35.4477,11468,0,,0,1,29,"United Kingdom","08/09/2010  14:00:48",2,1.28404e+09,0,0,2,51.5304,-0.0624227,6,"office","CIVIL SERVANT","E2",26
16.4638,11469,0,,0,1,29,"United Kingdom","08/09/2010  14:12:06",3,1.28404e+09,0,0,2,NaN,NaN,9,"research","SCIENTIST","-",12
33.9885,11470,0,,0,1,42,"United Kingdom","08/09/2010  19:35:42",3,1.28406e+09,0,0,4,52.4772,1.20817,6,"office","EDITORIAL ADVISOR","nr15",11
22.9696,11471,0,,0,1,30,"United Kingdom","08/09/2010  20:11:57",3,1.28406e+09,0,0,2,NaN,NaN,17,"unknown","PARAPLANNER","rh11",18
8.39249,11472,0,,0,1,28,"United Kingdom","08/09/2010  21:30:38",3,1.28407e+09,0,1,2,51.4726,-0.293654,6,"office","CIVIL SERVANT","TW9",12
37.8256,11473,0,,0,1,25,"United Kingdom","09/09/2010  06:46:18",3,1.2841e+09,0,0,3,51.7851,-1.2654,14,"teaching","TEACHER","OX2",148
18.8277,11474,0,,0,1,36,"United Kingdom","09/09/2010  09:39:14",3,1.28411e+09,0,0,2,51.4584,-0.220864,6,"office","PERSONAL ASSISTANT","SW15",57
6.56765,11475,0,,0,1,30,"United Kingdom","09/09/2010  13:41:18",4,1.28413e+09,0,0,2,51.7417,-1.23054,14,"teaching","TEACHER","ox4",58
22.4229,11476,0,,0,1,30,"United Kingdom","10/09/2010  09:33:49",4,1.2842e+09,0,0,2,51.4974,-0.0753917,6,"office","INVESTOR RELATIONS MANAGER","SE1",44
15.6785,11477,0,,0,1,32,"United Kingdom","10/09/2010  12:11:04",5,1.28421e+09,0,0,3,53.0859,-1.16411,6,"office","ADMINISTRATOR","NG15",10
6.17857,11478,0,,0,1,32,"United Kingdom","10/09/2010  12:14:20",4,1.28421e+09,0,0,3,53.084,-1.1555,6,"office","ADMINISTRATOR","NG15",4
45.5158,11479,0,,0,1,32,"United Kingdom","10/09/2010  12:24:08",6,1.28421e+09,0,0,3,53.0306,-1.19141,6,"office","ADMINISTRATOR","NG15",20
42.0231,11480,0,,0,1,25,"United Kingdom","11/09/2010  08:44:12",5,1.28428e+09,0,0,2,52.9304,-1.21734,13,"student","POSTGRADUATE STUDENT","NG9",20
27.9444,11481,0,,0,1,33,"United Kingdom","11/09/2010  19:28:46",4,1.28432e+09,0,0,3,51.9567,-2.53137,2,"health","GENETIC COUNSELLOR","HR9",25
3.40452,11482,0,,0,1,29,"United Kingdom","13/09/2010  08:13:22",0,1.28445e+09,0,0,1,NaN,NaN,6,"office","ADMINISTRATIVE OFFICER","CV4",7
5.03331,11483,0,,0,1,57,"United Kingdom","13/09/2010  08:19:56",0,1.28445e+09,0,0,2,NaN,NaN,6,"office","WRITER","wr5",6
38.6836,11484,0,,0,1,25,"United Kingdom","13/09/2010  23:02:21",2,1.28451e+09,0,0,2,51.8387,-1.40231,2,"health","NURSE","Ox29",17
10.7228,11485,0,,0,1,27,"Malaysia","16/09/2010  04:03:00",3,1.2847e+09,1,0,2,4.21048,101.976,9,"research","POST DOCTORAL RESEARCH FELLOW","-",111
24.4836,11486,0,,0,1,34,"United Kingdom","19/09/2010  09:05:18",6,1.28497e+09,0,1,4,51.894,-1.54021,6,"office","IT","OX7",26
30.351,11487,0,,0,1,37,"United Kingdom","20/09/2010  08:33:55",0,1.28506e+09,0,1,3,52.2321,0.136486,6,"office","SOFTWARE ENGINEER","CB4",18
